Customer ID,segment,clv,clv_tier,churn_probability,churn_risk,action,channel,offer,priority,recommended_contact_days
15398,General Customers,2548.904275778772,High,0.5608684448611545,High,Priority retention intervention,Email + SMS + Personal outreach,High-value personalised retention offer,5,19
12689,General Customers,1976.5966821729266,High,0.6201253026410896,High,Priority retention intervention,Email + SMS + Personal outreach,High-value personalised retention offer,5,30
14418,General Customers,4361.16312497984,High,0.31593476205384957,Medium,Engagement / category promotion,Email,Seasonal category promotion,4,21
13644,General Customers,4040.009437770767,High,0.2816039588563262,Medium,Engagement / category promotion,Email,Seasonal category promotion,4,13
12518,General Customers,3717.406321380803,High,0.2978420623800354,Medium,Engagement / category promotion,Email,Seasonal category promotion,4,13
13994,General Customers,3420.5144422920903,High,0.3366429732058373,Medium,Engagement / category promotion,Email,Seasonal category promotion,4,14
15977,General Customers,3394.722881913176,High,0.3016535927671112,Medium,Engagement / category promotion,Email,Seasonal category promotion,4,6
14387,General Customers,3064.5053455086004,High,0.2565119613870219,Medium,Engagement / category promotion,Email,Seasonal category promotion,4,15
12646,Noise / Uncategorised,2783.293767684486,High,0.5777489815743342,High,Priority retention intervention,Email + SMS + Personal outreach,High-value personalised retention offer,4,13
13437,General Customers,2780.3852272638796,High,0.311892388426449,Medium,Engagement / category promotion,Email,Seasonal category promotion,4,15
18180,General Customers,2736.899589317619,High,0.26917453071415487,Medium,Engagement / category promotion,Email,Seasonal category promotion,4,14
13808,General Customers,2735.01143288285,High,0.2626967963162574,Medium,Engagement / category promotion,Email,Seasonal category promotion,4,11
12630,General Customers,2702.903960618956,High,0.48520230289948935,Medium,Engagement / category promotion,Email,Seasonal category promotion,4,10
17481,General Customers,2467.317086531534,High,0.31348455413166687,Medium,Engagement / category promotion,Email,Seasonal category promotion,4,14
13726,General Customers,2406.7107469236607,High,0.3764880253487899,Medium,Engagement / category promotion,Email,Seasonal category promotion,4,18
16066,General Customers,2384.230690100537,High,0.3399797241834302,Medium,Engagement / category promotion,Email,Seasonal category promotion,4,13
18204,General Customers,2284.7536176069743,High,0.2656143927401954,Medium,Engagement / category promotion,Email,Seasonal category promotion,4,24
15089,General Customers,2275.1893812347034,High,0.4066752235090416,Medium,Engagement / category promotion,Email,Seasonal category promotion,4,12
12610,General Customers,2249.179234810112,High,0.3113708907278065,Medium,Engagement / category promotion,Email,Seasonal category promotion,4,12
12488,General Customers,2245.6515202734954,High,0.2507236414971809,Medium,Engagement / category promotion,Email,Seasonal category promotion,4,13
14511,General Customers,2233.712711890071,High,0.44784239020435623,Medium,Engagement / category promotion,Email,Seasonal category promotion,4,15
17073,General Customers,2220.46737068432,High,0.3282906870560899,Medium,Engagement / category promotion,Email,Seasonal category promotion,4,14
14937,General Customers,2212.075351858807,High,0.3066754885067213,Medium,Engagement / category promotion,Email,Seasonal category promotion,4,15
18167,General Customers,2185.1080189889526,High,0.2832205916577305,Medium,Engagement / category promotion,Email,Seasonal category promotion,4,16
13860,General Customers,2184.273583068111,High,0.27620753115576024,Medium,Engagement / category promotion,Email,Seasonal category promotion,4,10
12572,General Customers,2171.5134764005984,High,0.40122782513558986,Medium,Engagement / category promotion,Email,Seasonal category promotion,4,13
17653,General Customers,2163.303934944542,High,0.3241605169051562,Medium,Engagement / category promotion,Email,Seasonal category promotion,4,12
16102,General Customers,2149.074147067953,High,0.42421659000372,Medium,Engagement / category promotion,Email,Seasonal category promotion,4,17
14116,General Customers,2134.045559455373,High,0.40454089239316743,Medium,Engagement / category promotion,Email,Seasonal category promotion,4,12
13159,General Customers,2117.927366920304,High,0.3979717398193236,Medium,Engagement / category promotion,Email,Seasonal category promotion,4,16
14019,General Customers,2112.1636142250804,High,0.4079607372245873,Medium,Engagement / category promotion,Email,Seasonal category promotion,4,18
15763,General Customers,2013.714217202203,High,0.40356944253083477,Medium,Engagement / category promotion,Email,Seasonal category promotion,4,14
13040,General Customers,1972.126099937902,High,0.2995000234226847,Medium,Engagement / category promotion,Email,Seasonal category promotion,4,7
16464,General Customers,1878.0453318411603,High,0.33621194609266924,Medium,Engagement / category promotion,Email,Seasonal category promotion,4,24
15136,General Customers,1861.8219537781486,High,0.37092164490135976,Medium,Engagement / category promotion,Email,Seasonal category promotion,4,14
14383,General Customers,1849.483048361403,High,0.33038968844263583,Medium,Engagement / category promotion,Email,Seasonal category promotion,4,25
16762,General Customers,1810.1917567359328,High,0.3284654688035044,Medium,Engagement / category promotion,Email,Seasonal category promotion,4,25
13517,General Customers,1740.7599315959374,High,0.2574617488402318,Medium,Engagement / category promotion,Email,Seasonal category promotion,4,24
13066,General Customers,1665.4249424347627,High,0.3134305485120084,Medium,Engagement / category promotion,Email,Seasonal category promotion,4,2
12794,General Customers,1657.5378824177492,High,0.31679565915529084,Medium,Engagement / category promotion,Email,Seasonal category promotion,4,14
15568,General Customers,1637.777616515434,High,0.29024592761377915,Medium,Engagement / category promotion,Email,Seasonal category promotion,4,14
14305,General Customers,1624.8024206576492,High,0.2689029190275774,Medium,Engagement / category promotion,Email,Seasonal category promotion,4,13
12642,General Customers,1581.665886289657,High,0.33507345336721445,Medium,Engagement / category promotion,Email,Seasonal category promotion,4,16
13914,General Customers,1570.0578838737115,High,0.2887957108263538,Medium,Engagement / category promotion,Email,Seasonal category promotion,4,7
13940,General Customers,1171.5187795215547,Medium,0.5226368284646566,High,Priority retention intervention,Email + SMS + Personal outreach,High-value personalised retention offer,4,19
15088,General Customers,1165.508967207141,Medium,0.5946192485915505,High,Priority retention intervention,Email + SMS + Personal outreach,High-value personalised retention offer,4,14
15618,General Customers,1164.626440326354,Medium,0.5253402845952627,High,Priority retention intervention,Email + SMS + Personal outreach,High-value personalised retention offer,4,15
17564,General Customers,980.0904167928405,Medium,0.532626805713153,High,Priority retention intervention,Email + SMS + Personal outreach,High-value personalised retention offer,4,11
13954,General Customers,846.5641738423441,Medium,0.5163518205876629,High,Priority retention intervention,Email + SMS + Personal outreach,High-value personalised retention offer,4,21
18232,General Customers,698.595783080975,Medium,0.507912218666643,High,Priority retention intervention,Email + SMS + Personal outreach,High-value personalised retention offer,4,17
16968,General Customers,589.0039571880719,Medium,0.6144658312256194,High,Priority retention intervention,Email + SMS + Personal outreach,High-value personalised retention offer,4,31
17573,General Customers,564.1370213830305,Medium,0.5041965616094816,High,Priority retention intervention,Email + SMS + Personal outreach,High-value personalised retention offer,4,13
16313,General Customers,525.254289367356,Medium,0.5728714724048057,High,Priority retention intervention,Email + SMS + Personal outreach,High-value personalised retention offer,4,14
15949,General Customers,515.9805329577242,Medium,0.6135897790164604,High,Priority retention intervention,Email + SMS + Personal outreach,High-value personalised retention offer,4,16
18081,General Customers,503.4119180098007,Medium,0.5014786658083492,High,Priority retention intervention,Email + SMS + Personal outreach,High-value personalised retention offer,4,19
12981,General Customers,503.1496230343997,Medium,0.6678079888134979,High,Priority retention intervention,Email + SMS + Personal outreach,High-value personalised retention offer,4,31
15522,General Customers,493.4080956884868,Medium,0.5461487286296391,High,Priority retention intervention,Email + SMS + Personal outreach,High-value personalised retention offer,4,16
16557,General Customers,484.3769086340161,Medium,0.5457469316318683,High,Priority retention intervention,Email + SMS + Personal outreach,High-value personalised retention offer,4,34
13272,General Customers,477.12539621230695,Medium,0.598999340522126,High,Priority retention intervention,Email + SMS + Personal outreach,High-value personalised retention offer,4,17
12930,General Customers,428.09486526588665,Medium,0.5747788405411834,High,Priority retention intervention,Email + SMS + Personal outreach,High-value personalised retention offer,4,28
13960,General Customers,419.1898915109615,Medium,0.6683170143179918,High,Priority retention intervention,Email + SMS + Personal outreach,High-value personalised retention offer,4,15
16653,General Customers,394.2426298577066,Medium,0.553360472915994,High,Priority retention intervention,Email + SMS + Personal outreach,High-value personalised retention offer,4,16
12832,General Customers,389.339367440337,Medium,0.6271849223129621,High,Priority retention intervention,Email + SMS + Personal outreach,High-value personalised retention offer,4,20
12895,General Customers,379.60166155615883,Medium,0.5700102778687145,High,Priority retention intervention,Email + SMS + Personal outreach,High-value personalised retention offer,4,13
17456,General Customers,376.4305178685043,Medium,0.5767539073761553,High,Priority retention intervention,Email + SMS + Personal outreach,High-value personalised retention offer,4,27
16957,General Customers,349.98463067322865,Medium,0.5410548265594176,High,Priority retention intervention,Email + SMS + Personal outreach,High-value personalised retention offer,4,13
18261,General Customers,342.4004096919913,Medium,0.5826037854058712,High,Priority retention intervention,Email + SMS + Personal outreach,High-value personalised retention offer,4,16
13930,General Customers,341.89107979064215,Medium,0.6776612132753805,High,Priority retention intervention,Email + SMS + Personal outreach,High-value personalised retention offer,4,23
16067,General Customers,341.78392066427307,Medium,0.6038604474179663,High,Priority retention intervention,Email + SMS + Personal outreach,High-value personalised retention offer,4,22
12962,General Customers,309.1627724388335,Medium,0.5568463357922755,High,Priority retention intervention,Email + SMS + Personal outreach,High-value personalised retention offer,4,32
17020,General Customers,298.0583955907362,Medium,0.5203762408267816,High,Priority retention intervention,Email + SMS + Personal outreach,High-value personalised retention offer,4,31
12711,General Customers,287.2177554179339,Medium,0.6259283986331945,High,Priority retention intervention,Email + SMS + Personal outreach,High-value personalised retention offer,4,20
16091,General Customers,280.2647909102104,Medium,0.5843011846866962,High,Priority retention intervention,Email + SMS + Personal outreach,High-value personalised retention offer,4,13
16189,General Customers,278.9003209345701,Medium,0.6758608479061436,High,Priority retention intervention,Email + SMS + Personal outreach,High-value personalised retention offer,4,21
13543,General Customers,274.82715777383277,Medium,0.6038247020895905,High,Priority retention intervention,Email + SMS + Personal outreach,High-value personalised retention offer,4,16
17795,General Customers,272.6970013985225,Medium,0.6025513590538971,High,Priority retention intervention,Email + SMS + Personal outreach,High-value personalised retention offer,4,26
15840,General Customers,264.95012882788905,Medium,0.646065577709565,High,Priority retention intervention,Email + SMS + Personal outreach,High-value personalised retention offer,4,34
17094,General Customers,261.9607363386628,Medium,0.6187183662622993,High,Priority retention intervention,Email + SMS + Personal outreach,High-value personalised retention offer,4,30
13529,General Customers,255.618826284702,Medium,0.5602488151368891,High,Priority retention intervention,Email + SMS + Personal outreach,High-value personalised retention offer,4,38
14831,General Customers,247.9717170186456,Medium,0.5487849263212008,High,Priority retention intervention,Email + SMS + Personal outreach,High-value personalised retention offer,4,11
14620,General Customers,237.21512837709076,Medium,0.5861229305890181,High,Priority retention intervention,Email + SMS + Personal outreach,High-value personalised retention offer,4,23
13718,General Customers,221.94433489226364,Medium,0.5908323233663657,High,Priority retention intervention,Email + SMS + Personal outreach,High-value personalised retention offer,4,15
14517,General Customers,220.24002986899148,Medium,0.6114566475595767,High,Priority retention intervention,Email + SMS + Personal outreach,High-value personalised retention offer,4,32
18271,General Customers,209.89779880666742,Medium,0.5840262714483527,High,Priority retention intervention,Email + SMS + Personal outreach,High-value personalised retention offer,4,36
17032,General Customers,206.59195719556556,Medium,0.6219855747559271,High,Priority retention intervention,Email + SMS + Personal outreach,High-value personalised retention offer,4,14
16798,General Customers,199.73245491198685,Medium,0.533540659715719,High,Priority retention intervention,Email + SMS + Personal outreach,High-value personalised retention offer,4,35
13837,General Customers,199.39728824675893,Medium,0.5173265294628915,High,Priority retention intervention,Email + SMS + Personal outreach,High-value personalised retention offer,4,32
13042,General Customers,198.38031375785408,Medium,0.5454477224337798,High,Priority retention intervention,Email + SMS + Personal outreach,High-value personalised retention offer,4,27
12905,General Customers,191.57627715450087,Low,0.5670550068283855,High,Low-cost automated reactivation,Email,Single automated discount email (budget-capped),4,32
15346,General Customers,187.88809114273587,Low,0.5541778124775466,High,Low-cost automated reactivation,Email,Single automated discount email (budget-capped),4,20
13459,General Customers,181.67014142937742,Low,0.6486277933561048,High,Low-cost automated reactivation,Email,Single automated discount email (budget-capped),4,17
12533,General Customers,178.2489521520873,Low,0.6438429841354222,High,Low-cost automated reactivation,Email,Single automated discount email (budget-capped),4,33
18275,General Customers,176.0401433836063,Low,0.5494308336430542,High,Low-cost automated reactivation,Email,Single automated discount email (budget-capped),4,46
17300,General Customers,171.04678109524355,Low,0.6802456285932416,High,Low-cost automated reactivation,Email,Single automated discount email (budget-capped),4,27
14242,General Customers,170.9951938633244,Low,0.6218339053866783,High,Low-cost automated reactivation,Email,Single automated discount email (budget-capped),4,27
14162,General Customers,161.71884223764582,Low,0.5925335332056613,High,Low-cost automated reactivation,Email,Single automated discount email (budget-capped),4,35
13407,General Customers,159.93897341581302,Low,0.5460103059165421,High,Low-cost automated reactivation,Email,Single automated discount email (budget-capped),4,17
15711,General Customers,153.9168707705416,Low,0.6375102121553552,High,Low-cost automated reactivation,Email,Single automated discount email (budget-capped),4,38
17529,General Customers,152.93028847129352,Low,0.5991809668679283,High,Low-cost automated reactivation,Email,Single automated discount email (budget-capped),4,26
16217,General Customers,151.17723551032805,Low,0.6049802242928983,High,Low-cost automated reactivation,Email,Single automated discount email (budget-capped),4,14
13033,General Customers,150.35382042908054,Low,0.686057273011278,High,Low-cost automated reactivation,Email,Single automated discount email (budget-capped),4,22
17699,General Customers,145.9337693881748,Low,0.574494215043826,High,Low-cost automated reactivation,Email,Single automated discount email (budget-capped),4,25
16132,General Customers,145.2729965252322,Low,0.5773977618691568,High,Low-cost automated reactivation,Email,Single automated discount email (budget-capped),4,25
17781,General Customers,142.28283476402865,Low,0.5546103347027566,High,Low-cost automated reactivation,Email,Single automated discount email (budget-capped),4,28
15519,General Customers,141.44545757238654,Low,0.6728456482442311,High,Low-cost automated reactivation,Email,Single automated discount email (budget-capped),4,19
16489,General Customers,137.80851892140214,Low,0.5271340363352421,High,Low-cost automated reactivation,Email,Single automated discount email (budget-capped),4,16
15126,General Customers,134.9085423992032,Low,0.5784299915397729,High,Low-cost automated reactivation,Email,Single automated discount email (budget-capped),4,45
14771,General Customers,129.03157062706413,Low,0.5432136077190691,High,Low-cost automated reactivation,Email,Single automated discount email (budget-capped),4,34
16437,General Customers,128.58847745957772,Low,0.5625852102708765,High,Low-cost automated reactivation,Email,Single automated discount email (budget-capped),4,14
17477,General Customers,127.4389970538702,Low,0.6086203190520122,High,Low-cost automated reactivation,Email,Single automated discount email (budget-capped),4,10
17610,General Customers,126.81073051640647,Low,0.5160743005473797,High,Low-cost automated reactivation,Email,Single automated discount email (budget-capped),4,23
17393,General Customers,126.58897647509136,Low,0.5548293042986603,High,Low-cost automated reactivation,Email,Single automated discount email (budget-capped),4,23
15771,General Customers,122.63969765219942,Low,0.517195788998254,High,Low-cost automated reactivation,Email,Single automated discount email (budget-capped),4,18
15894,General Customers,120.35805039157857,Low,0.6346348164720731,High,Low-cost automated reactivation,Email,Single automated discount email (budget-capped),4,34
17825,General Customers,119.48459973959,Low,0.5744392216228653,High,Low-cost automated reactivation,Email,Single automated discount email (budget-capped),4,19
13747,General Customers,116.36156241646815,Low,0.5585426111226687,High,Low-cost automated reactivation,Email,Single automated discount email (budget-capped),4,15
13909,General Customers,114.7132357260897,Low,0.6152216222172286,High,Low-cost automated reactivation,Email,Single automated discount email (budget-capped),4,29
16632,General Customers,114.49125896269794,Low,0.5932255608801563,High,Low-cost automated reactivation,Email,Single automated discount email (budget-capped),4,28
13226,General Customers,114.22031365439572,Low,0.5993501958073592,High,Low-cost automated reactivation,Email,Single automated discount email (budget-capped),4,36
15278,General Customers,113.17976263646345,Low,0.6073471138409168,High,Low-cost automated reactivation,Email,Single automated discount email (budget-capped),4,15
13432,General Customers,112.82932224359334,Low,0.5342004487863072,High,Low-cost automated reactivation,Email,Single automated discount email (budget-capped),4,12
13581,General Customers,112.36453443750335,Low,0.6098003133428207,High,Low-cost automated reactivation,Email,Single automated discount email (budget-capped),4,31
17689,General Customers,111.75457648645373,Low,0.6152876946138957,High,Low-cost automated reactivation,Email,Single automated discount email (budget-capped),4,26
13698,General Customers,111.40876615135465,Low,0.6131461651662119,High,Low-cost automated reactivation,Email,Single automated discount email (budget-capped),4,26
16585,General Customers,110.64744271621024,Low,0.6930942555943271,High,Low-cost automated reactivation,Email,Single automated discount email (budget-capped),4,30
13039,General Customers,102.54588722776909,Low,0.5011825054354706,High,Low-cost automated reactivation,Email,Single automated discount email (budget-capped),4,21
13287,General Customers,101.92661382375098,Low,0.543099943637519,High,Low-cost automated reactivation,Email,Single automated discount email (budget-capped),4,20
14358,General Customers,100.73852379456338,Low,0.5446171490965003,High,Low-cost automated reactivation,Email,Single automated discount email (budget-capped),4,11
16757,General Customers,100.29933889186616,Low,0.6158457441021982,High,Low-cost automated reactivation,Email,Single automated discount email (budget-capped),4,27
12677,General Customers,100.26931364409583,Low,0.7089539155325647,High,Low-cost automated reactivation,Email,Single automated discount email (budget-capped),4,33
13144,General Customers,99.4894451488681,Low,0.6007478666703012,High,Low-cost automated reactivation,Email,Single automated discount email (budget-capped),4,29
14363,General Customers,98.95569195038287,Low,0.6185723697025174,High,Low-cost automated reactivation,Email,Single automated discount email (budget-capped),4,15
13861,General Customers,97.31181493282806,Low,0.534804345733564,High,Low-cost automated reactivation,Email,Single automated discount email (budget-capped),4,30
14826,General Customers,96.37441588954138,Low,0.6733405446609227,High,Low-cost automated reactivation,Email,Single automated discount email (budget-capped),4,34
14183,General Customers,94.55171661030136,Low,0.597735861702552,High,Low-cost automated reactivation,Email,Single automated discount email (budget-capped),4,21
13997,General Customers,94.24683447483562,Low,0.6049581669298103,High,Low-cost automated reactivation,Email,Single automated discount email (budget-capped),4,6
13703,General Customers,94.03015688775515,Low,0.6304575293687934,High,Low-cost automated reactivation,Email,Single automated discount email (budget-capped),4,29
14253,General Customers,92.32128932622335,Low,0.5180879749014166,High,Low-cost automated reactivation,Email,Single automated discount email (budget-capped),4,39
13964,General Customers,91.9100684382461,Low,0.5343991450623016,High,Low-cost automated reactivation,Email,Single automated discount email (budget-capped),4,13
14556,General Customers,91.5522476814673,Low,0.5483553616051386,High,Low-cost automated reactivation,Email,Single automated discount email (budget-capped),4,18
14471,General Customers,90.89126235986166,Low,0.6389143989446079,High,Low-cost automated reactivation,Email,Single automated discount email (budget-capped),4,42
15936,General Customers,86.69783576008236,Low,0.5968571724605877,High,Low-cost automated reactivation,Email,Single automated discount email (budget-capped),4,26
16390,General Customers,85.4103018646479,Low,0.5454827446211427,High,Low-cost automated reactivation,Email,Single automated discount email (budget-capped),4,28
16089,General Customers,84.34952445341725,Low,0.5508101810473156,High,Low-cost automated reactivation,Email,Single automated discount email (budget-capped),4,37
16862,General Customers,82.33916644297592,Low,0.5076943285620674,High,Low-cost automated reactivation,Email,Single automated discount email (budget-capped),4,23
13020,General Customers,81.34552919016309,Low,0.5530656805445059,High,Low-cost automated reactivation,Email,Single automated discount email (budget-capped),4,29
15682,General Customers,80.91909536536845,Low,0.6680286651891539,High,Low-cost automated reactivation,Email,Single automated discount email (budget-capped),4,26
14166,General Customers,80.36516135888841,Low,0.6155985169497079,High,Low-cost automated reactivation,Email,Single automated discount email (budget-capped),4,36
17292,General Customers,79.69383811397708,Low,0.5630157859391445,High,Low-cost automated reactivation,Email,Single automated discount email (budget-capped),4,32
16373,General Customers,77.09232996448112,Low,0.5054783555552937,High,Low-cost automated reactivation,Email,Single automated discount email (budget-capped),4,9
13129,General Customers,77.08412846914202,Low,0.6694588073184575,High,Low-cost automated reactivation,Email,Single automated discount email (budget-capped),4,23
14779,General Customers,75.8050438366927,Low,0.5350929544896349,High,Low-cost automated reactivation,Email,Single automated discount email (budget-capped),4,9
17184,General Customers,75.39869680801912,Low,0.5395442990688085,High,Low-cost automated reactivation,Email,Single automated discount email (budget-capped),4,48
15323,General Customers,74.64947706075944,Low,0.6923675949978361,High,Low-cost automated reactivation,Email,Single automated discount email (budget-capped),4,20
15139,General Customers,74.38640777742498,Low,0.5585299194164237,High,Low-cost automated reactivation,Email,Single automated discount email (budget-capped),4,29
16606,General Customers,74.2489037398271,Low,0.5081207630249455,High,Low-cost automated reactivation,Email,Single automated discount email (budget-capped),4,9
16538,General Customers,73.95755934326506,Low,0.6697487999283862,High,Low-cost automated reactivation,Email,Single automated discount email (budget-capped),4,11
14369,General Customers,73.89763273987484,Low,0.5328093486843247,High,Low-cost automated reactivation,Email,Single automated discount email (budget-capped),4,6
15459,General Customers,73.24107008736108,Low,0.6083033253166753,High,Low-cost automated reactivation,Email,Single automated discount email (budget-capped),4,24
15378,General Customers,71.89928512881487,Low,0.5459130017630145,High,Low-cost automated reactivation,Email,Single automated discount email (budget-capped),4,12
16234,General Customers,71.3689740532762,Low,0.5506144858834034,High,Low-cost automated reactivation,Email,Single automated discount email (budget-capped),4,17
17113,General Customers,69.09659691000458,Low,0.5465999151483426,High,Low-cost automated reactivation,Email,Single automated discount email (budget-capped),4,12
14283,General Customers,67.81208602267017,Low,0.5287020901418085,High,Low-cost automated reactivation,Email,Single automated discount email (budget-capped),4,16
13619,General Customers,66.34379416869464,Low,0.6597781769616183,High,Low-cost automated reactivation,Email,Single automated discount email (budget-capped),4,39
13250,General Customers,65.24751480836082,Low,0.5759467666863658,High,Low-cost automated reactivation,Email,Single automated discount email (budget-capped),4,12
15662,General Customers,63.24452026685972,Low,0.6734795000856187,High,Low-cost automated reactivation,Email,Single automated discount email (budget-capped),4,23
18134,General Customers,63.19563415913607,Low,0.648882302971614,High,Low-cost automated reactivation,Email,Single automated discount email (budget-capped),4,29
15878,General Customers,62.82607064860474,Low,0.5216713142607152,High,Low-cost automated reactivation,Email,Single automated discount email (budget-capped),4,51
14671,General Customers,61.823142611666015,Low,0.5832980577460706,High,Low-cost automated reactivation,Email,Single automated discount email (budget-capped),4,5
17285,General Customers,61.64414531577395,Low,0.6196981762442142,High,Low-cost automated reactivation,Email,Single automated discount email (budget-capped),4,10
17577,General Customers,60.937971598784294,Low,0.5779000946546401,High,Low-cost automated reactivation,Email,Single automated discount email (budget-capped),4,7
17539,General Customers,60.842359152574275,Low,0.5623574848668947,High,Low-cost automated reactivation,Email,Single automated discount email (budget-capped),4,16
13676,General Customers,57.61123272251113,Low,0.704060137656393,High,Low-cost automated reactivation,Email,Single automated discount email (budget-capped),4,24
13834,General Customers,57.005096289621605,Low,0.6983399851399791,High,Low-cost automated reactivation,Email,Single automated discount email (budget-capped),4,28
15401,General Customers,54.831039322377755,Low,0.5782913364186739,High,Low-cost automated reactivation,Email,Single automated discount email (budget-capped),4,35
16296,General Customers,54.48764055062452,Low,0.5087783136449169,High,Low-cost automated reactivation,Email,Single automated discount email (budget-capped),4,14
13616,General Customers,53.889407912298815,Low,0.654660284983823,High,Low-cost automated reactivation,Email,Single automated discount email (budget-capped),4,37
14069,General Customers,52.49143330242807,Low,0.7170158696315957,High,Low-cost automated reactivation,Email,Single automated discount email (budget-capped),4,14
15715,General Customers,51.67275328749817,Low,0.5784621360297004,High,Low-cost automated reactivation,Email,Single automated discount email (budget-capped),4,8
16452,General Customers,50.85805058789244,Low,0.6826753816731558,High,Low-cost automated reactivation,Email,Single automated discount email (budget-capped),4,19
17845,General Customers,49.587406750711104,Low,0.5408445936065084,High,Low-cost automated reactivation,Email,Single automated discount email (budget-capped),4,3
13825,General Customers,49.554438480351294,Low,0.6960198919854483,High,Low-cost automated reactivation,Email,Single automated discount email (budget-capped),4,32
15309,General Customers,49.34254902963896,Low,0.5511986120417556,High,Low-cost automated reactivation,Email,Single automated discount email (budget-capped),4,19
16487,General Customers,49.23880646696076,Low,0.7490229896267229,High,Low-cost automated reactivation,Email,Single automated discount email (budget-capped),4,24
14990,General Customers,47.9209067571638,Low,0.6413003887421739,High,Low-cost automated reactivation,Email,Single automated discount email (budget-capped),4,35
15086,General Customers,47.82196126028937,Low,0.7292875183293277,High,Low-cost automated reactivation,Email,Single automated discount email (budget-capped),4,18
13164,General Customers,47.45964130932469,Low,0.6519014916695918,High,Low-cost automated reactivation,Email,Single automated discount email (budget-capped),4,29
14558,General Customers,46.393326114471456,Low,0.531159824451429,High,Low-cost automated reactivation,Email,Single automated discount email (budget-capped),4,15
12634,General Customers,44.183958470078124,Low,0.5357250643563105,High,Low-cost automated reactivation,Email,Single automated discount email (budget-capped),4,4
13641,General Customers,42.14029724684675,Low,0.631529596035857,High,Low-cost automated reactivation,Email,Single automated discount email (budget-capped),4,11
17209,General Customers,41.612480783478304,Low,0.5869439451291741,High,Low-cost automated reactivation,Email,Single automated discount email (budget-capped),4,17
15943,General Customers,40.106649725289806,Low,0.5770576809469178,High,Low-cost automated reactivation,Email,Single automated discount email (budget-capped),4,8
13234,General Customers,39.040885101243155,Low,0.597736626709786,High,Low-cost automated reactivation,Email,Single automated discount email (budget-capped),4,18
12549,General Customers,38.55406782031187,Low,0.5707910295913204,High,Low-cost automated reactivation,Email,Single automated discount email (budget-capped),4,12
16335,General Customers,38.012685021587764,Low,0.5500505855822873,High,Low-cost automated reactivation,Email,Single automated discount email (budget-capped),4,16
14486,General Customers,37.91037001079706,Low,0.5579574840544316,High,Low-cost automated reactivation,Email,Single automated discount email (budget-capped),4,12
15779,General Customers,36.87121586160969,Low,0.6907657181260295,High,Low-cost automated reactivation,Email,Single automated discount email (budget-capped),4,21
15591,General Customers,36.35105029988328,Low,0.6662945107024866,High,Low-cost automated reactivation,Email,Single automated discount email (budget-capped),4,18
16604,General Customers,35.884988880616504,Low,0.6741017176844069,High,Low-cost automated reactivation,Email,Single automated discount email (budget-capped),4,2
16911,General Customers,33.230613135492376,Low,0.639219753274169,High,Low-cost automated reactivation,Email,Single automated discount email (budget-capped),4,8
13051,General Customers,31.91300802653163,Low,0.6288308590120176,High,Low-cost automated reactivation,Email,Single automated discount email (budget-capped),4,12
17484,General Customers,31.619458542095956,Low,0.7308316929486426,High,Low-cost automated reactivation,Email,Single automated discount email (budget-capped),4,14
12663,General Customers,30.14016311400854,Low,0.6563642794667759,High,Low-cost automated reactivation,Email,Single automated discount email (budget-capped),4,13
13442,General Customers,26.686809926429607,Low,0.6931899394749049,High,Low-cost automated reactivation,Email,Single automated discount email (budget-capped),4,14
14876,General Customers,26.271688000080264,Low,0.6259647430079388,High,Low-cost automated reactivation,Email,Single automated discount email (budget-capped),4,12
14519,General Customers,24.531340734998903,Low,0.7603381565395979,High,Low-cost automated reactivation,Email,Single automated discount email (budget-capped),4,14
14172,General Customers,23.46290721818685,Low,0.7009937714284998,High,Low-cost automated reactivation,Email,Single automated discount email (budget-capped),4,7
12439,General Customers,23.276742492569156,Low,0.6150344461730594,High,Low-cost automated reactivation,Email,Single automated discount email (budget-capped),4,13
17662,General Customers,22.241351883001187,Low,0.6389338757571559,High,Low-cost automated reactivation,Email,Single automated discount email (budget-capped),4,18
14751,General Customers,19.033664656030385,Low,0.7461920437639185,High,Low-cost automated reactivation,Email,Single automated discount email (budget-capped),4,12
16273,General Customers,17.915070795695456,Low,0.6284885251931381,High,Low-cost automated reactivation,Email,Single automated discount email (budget-capped),4,2
16436,General Customers,17.313511027082196,Low,0.6946584975022964,High,Low-cost automated reactivation,Email,Single automated discount email (budget-capped),4,13
16840,General Customers,16.400313679367397,Low,0.7443572066844077,High,Low-cost automated reactivation,Email,Single automated discount email (budget-capped),4,21
17810,General Customers,15.919363945527593,Low,0.5400736332183639,High,Low-cost automated reactivation,Email,Single automated discount email (budget-capped),4,4
17563,General Customers,14.43861316505955,Low,0.6035826454473585,High,Low-cost automated reactivation,Email,Single automated discount email (budget-capped),4,10
13457,General Customers,12.842445832516942,Low,0.7537626264904597,High,Low-cost automated reactivation,Email,Single automated discount email (budget-capped),4,14
12932,General Customers,7.1948937268568605,Low,0.5458089704233362,High,Low-cost automated reactivation,Email,Single automated discount email (budget-capped),4,10
12350,Lost Customers,0.0,Low,0.7701144792906425,High,Low-cost automated reactivation,Email,Single automated discount email (budget-capped),4,30
12351,Lost Customers,0.0,Low,0.7675643185262618,High,Low-cost automated reactivation,Email,Single automated discount email (budget-capped),4,30
12354,Lost Customers,0.0,Low,0.6015673847416754,High,Low-cost automated reactivation,Email,Single automated discount email (budget-capped),4,30
12366,Lost Customers,0.0,Low,0.581388993154102,High,Low-cost automated reactivation,Email,Single automated discount email (budget-capped),4,30
12367,Lost Customers,0.0,Low,0.7829574428326886,High,Low-cost automated reactivation,Email,Single automated discount email (budget-capped),4,30
12368,Lost Customers,0.0,Low,0.6469920495971718,High,Low-cost automated reactivation,Email,Single automated discount email (budget-capped),4,30
12385,Lost Customers,0.0,Low,0.5043846232953387,High,Low-cost automated reactivation,Email,Single automated discount email (budget-capped),4,30
12387,Lost Customers,0.0,Low,0.7677537861618625,High,Low-cost automated reactivation,Email,Single automated discount email (budget-capped),4,30
12392,Lost Customers,0.0,Low,0.7903634863539816,High,Low-cost automated reactivation,Email,Single automated discount email (budget-capped),4,30
12396,Lost Customers,0.0,Low,0.6052350482586513,High,Low-cost automated reactivation,Email,Single automated discount email (budget-capped),4,30
12400,Lost Customers,0.0,Low,0.781601959614414,High,Low-cost automated reactivation,Email,Single automated discount email (budget-capped),4,30
12401,Lost Customers,0.0,Low,0.7965476331272454,High,Low-cost automated reactivation,Email,Single automated discount email (budget-capped),4,30
12404,Lost Customers,0.0,Low,0.7894994713314896,High,Low-cost automated reactivation,Email,Single automated discount email (budget-capped),4,30
12411,Lost Customers,0.0,Low,0.757147975125927,High,Low-cost automated reactivation,Email,Single automated discount email (budget-capped),4,30
12416,Lost Customers,0.0,Low,0.7841779852545062,High,Low-cost automated reactivation,Email,Single automated discount email (budget-capped),4,30
12430,Lost Customers,0.0,Low,0.7731621046830103,High,Low-cost automated reactivation,Email,Single automated discount email (budget-capped),4,30
12441,Lost Customers,0.0,Low,0.7790687260253244,High,Low-cost automated reactivation,Email,Single automated discount email (budget-capped),4,30
12443,Lost Customers,0.0,Low,0.5601646385182344,High,Low-cost automated reactivation,Email,Single automated discount email (budget-capped),4,30
12446,Lost Customers,0.0,Low,0.6438206359466906,High,Low-cost automated reactivation,Email,Single automated discount email (budget-capped),4,30
12448,Lost Customers,0.0,Low,0.5509108438028668,High,Low-cost automated reactivation,Email,Single automated discount email (budget-capped),4,30
12459,Lost Customers,0.0,Low,0.6133458130298005,High,Low-cost automated reactivation,Email,Single automated discount email (budget-capped),4,30
12460,Lost Customers,0.0,Low,0.7821651388868814,High,Low-cost automated reactivation,Email,Single automated discount email (budget-capped),4,30
12466,Lost Customers,0.0,Low,0.7826258314298637,High,Low-cost automated reactivation,Email,Single automated discount email (budget-capped),4,30
12467,Lost Customers,0.0,Low,0.7783591458334098,High,Low-cost automated reactivation,Email,Single automated discount email (budget-capped),4,30
12470,Lost Customers,0.0,Low,0.7888872130530641,High,Low-cost automated reactivation,Email,Single automated discount email (budget-capped),4,30
12485,Lost Customers,0.0,Low,0.5231128819967535,High,Low-cost automated reactivation,Email,Single automated discount email (budget-capped),4,30
12486,Lost Customers,0.0,Low,0.6055138378231767,High,Low-cost automated reactivation,Email,Single automated discount email (budget-capped),4,30
12487,Lost Customers,0.0,Low,0.7803521207460014,High,Low-cost automated reactivation,Email,Single automated discount email (budget-capped),4,30
12489,Lost Customers,0.0,Low,0.7666713131175884,High,Low-cost automated reactivation,Email,Single automated discount email (budget-capped),4,30
12495,Lost Customers,0.0,Low,0.7677939350673814,High,Low-cost automated reactivation,Email,Single automated discount email (budget-capped),4,30
12499,Lost Customers,0.0,Low,0.7928746216835632,High,Low-cost automated reactivation,Email,Single automated discount email (budget-capped),4,30
12503,Lost Customers,0.0,Low,0.697014829273711,High,Low-cost automated reactivation,Email,Single automated discount email (budget-capped),4,30
12505,Lost Customers,0.0,Low,0.5251534433475559,High,Low-cost automated reactivation,Email,Single automated discount email (budget-capped),4,30
12506,Lost Customers,0.0,Low,0.7059600085054858,High,Low-cost automated reactivation,Email,Single automated discount email (budget-capped),4,30
12509,Lost Customers,0.0,Low,0.7879971311326954,High,Low-cost automated reactivation,Email,Single automated discount email (budget-capped),4,30
12513,Lost Customers,0.0,Low,0.5092760892788235,High,Low-cost automated reactivation,Email,Single automated discount email (budget-capped),4,30
12515,Lost Customers,0.0,Low,0.7902142058958452,High,Low-cost automated reactivation,Email,Single automated discount email (budget-capped),4,30
12521,Lost Customers,0.0,Low,0.5121178525125035,High,Low-cost automated reactivation,Email,Single automated discount email (budget-capped),4,30
12529,Lost Customers,0.0,Low,0.7668804017777411,High,Low-cost automated reactivation,Email,Single automated discount email (budget-capped),4,30
12532,Lost Customers,0.0,Low,0.7603705235416671,High,Low-cost automated reactivation,Email,Single automated discount email (budget-capped),4,30
12534,Lost Customers,0.0,Low,0.6132147505445547,High,Low-cost automated reactivation,Email,Single automated discount email (budget-capped),4,30
12537,Lost Customers,0.0,Low,0.5592765137236966,High,Low-cost automated reactivation,Email,Single automated discount email (budget-capped),4,30
12543,Lost Customers,0.0,Low,0.5561607152063484,High,Low-cost automated reactivation,Email,Single automated discount email (budget-capped),4,30
12544,Lost Customers,0.0,Low,0.782244767313662,High,Low-cost automated reactivation,Email,Single automated discount email (budget-capped),4,30
12548,Lost Customers,0.0,Low,0.7934963350286427,High,Low-cost automated reactivation,Email,Single automated discount email (budget-capped),4,30
12550,Lost Customers,0.0,Low,0.6254049105754146,High,Low-cost automated reactivation,Email,Single automated discount email (budget-capped),4,30
12551,Lost Customers,0.0,Low,0.7791550828855606,High,Low-cost automated reactivation,Email,Single automated discount email (budget-capped),4,30
12555,Lost Customers,0.0,Low,0.7958017970217337,High,Low-cost automated reactivation,Email,Single automated discount email (budget-capped),4,30
12558,Lost Customers,0.0,Low,0.7705683881053059,High,Low-cost automated reactivation,Email,Single automated discount email (budget-capped),4,30
12561,Lost Customers,0.0,Low,0.7634097415731489,High,Low-cost automated reactivation,Email,Single automated discount email (budget-capped),4,30
12563,Lost Customers,0.0,Low,0.7765779245188026,High,Low-cost automated reactivation,Email,Single automated discount email (budget-capped),4,30
12565,Lost Customers,0.0,Low,0.7728124914061727,High,Low-cost automated reactivation,Email,Single automated discount email (budget-capped),4,30
12566,Lost Customers,0.0,Low,0.7412338096917043,High,Low-cost automated reactivation,Email,Single automated discount email (budget-capped),4,30
12568,Lost Customers,0.0,Low,0.7952301194645682,High,Low-cost automated reactivation,Email,Single automated discount email (budget-capped),4,30
12570,Lost Customers,0.0,Low,0.7732093393054948,High,Low-cost automated reactivation,Email,Single automated discount email (budget-capped),4,30
12574,Lost Customers,0.0,Low,0.7781903284714414,High,Low-cost automated reactivation,Email,Single automated discount email (budget-capped),4,30
12581,Lost Customers,0.0,Low,0.7694033550423149,High,Low-cost automated reactivation,Email,Single automated discount email (budget-capped),4,30
12595,Lost Customers,0.0,Low,0.7661263087453444,High,Low-cost automated reactivation,Email,Single automated discount email (budget-capped),4,30
12602,Lost Customers,0.0,Low,0.7441201923753047,High,Low-cost automated reactivation,Email,Single automated discount email (budget-capped),4,30
12606,Lost Customers,0.0,Low,0.8007571781581925,High,Low-cost automated reactivation,Email,Single automated discount email (budget-capped),4,30
12608,Lost Customers,0.0,Low,0.6056688367198463,High,Low-cost automated reactivation,Email,Single automated discount email (budget-capped),4,30
12611,Lost Customers,0.0,Low,0.5894426135913657,High,Low-cost automated reactivation,Email,Single automated discount email (budget-capped),4,30
12614,Lost Customers,0.0,Low,0.7688925872362303,High,Low-cost automated reactivation,Email,Single automated discount email (budget-capped),4,30
12617,Lost Customers,0.0,Low,0.7450842813506596,High,Low-cost automated reactivation,Email,Single automated discount email (budget-capped),4,30
12618,Lost Customers,0.0,Low,0.7842279681593806,High,Low-cost automated reactivation,Email,Single automated discount email (budget-capped),4,30
12622,Lost Customers,0.0,Low,0.7829744114398627,High,Low-cost automated reactivation,Email,Single automated discount email (budget-capped),4,30
12636,Lost Customers,0.0,Low,0.7817585835578229,High,Low-cost automated reactivation,Email,Single automated discount email (budget-capped),4,30
12641,Lost Customers,0.0,Low,0.7806674922768359,High,Low-cost automated reactivation,Email,Single automated discount email (budget-capped),4,30
12655,Lost Customers,0.0,Low,0.7690224864840643,High,Low-cost automated reactivation,Email,Single automated discount email (budget-capped),4,30
12659,Lost Customers,0.0,Low,0.7860126840249776,High,Low-cost automated reactivation,Email,Single automated discount email (budget-capped),4,30
12660,Lost Customers,0.0,Low,0.7788144579673227,High,Low-cost automated reactivation,Email,Single automated discount email (budget-capped),4,30
12661,Lost Customers,0.0,Low,0.7833597170531743,High,Low-cost automated reactivation,Email,Single automated discount email (budget-capped),4,30
12667,Lost Customers,0.0,Low,0.5270619806209994,High,Low-cost automated reactivation,Email,Single automated discount email (budget-capped),4,30
12686,Lost Customers,0.0,Low,0.7852541953184183,High,Low-cost automated reactivation,Email,Single automated discount email (budget-capped),4,30
12690,Lost Customers,0.0,Low,0.7912658484528613,High,Low-cost automated reactivation,Email,Single automated discount email (budget-capped),4,30
12692,Lost Customers,0.0,Low,0.7765385172606505,High,Low-cost automated reactivation,Email,Single automated discount email (budget-capped),4,30
12698,Lost Customers,0.0,Low,0.7804116707106856,High,Low-cost automated reactivation,Email,Single automated discount email (budget-capped),4,30
12702,Lost Customers,0.0,Low,0.7785922057063952,High,Low-cost automated reactivation,Email,Single automated discount email (budget-capped),4,30
12707,Lost Customers,0.0,Low,0.5393027773055825,High,Low-cost automated reactivation,Email,Single automated discount email (budget-capped),4,30
12715,Lost Customers,0.0,Low,0.7631629096386366,High,Low-cost automated reactivation,Email,Single automated discount email (budget-capped),4,30
12718,Lost Customers,0.0,Low,0.7649754773636164,High,Low-cost automated reactivation,Email,Single automated discount email (budget-capped),4,30
12729,Lost Customers,0.0,Low,0.5690457053768033,High,Low-cost automated reactivation,Email,Single automated discount email (budget-capped),4,30
12730,Lost Customers,0.0,Low,0.5115253619902591,High,Low-cost automated reactivation,Email,Single automated discount email (budget-capped),4,30
12732,Lost Customers,0.0,Low,0.7690058823284576,High,Low-cost automated reactivation,Email,Single automated discount email (budget-capped),4,30
12736,Lost Customers,0.0,Low,0.7783310115562155,High,Low-cost automated reactivation,Email,Single automated discount email (budget-capped),4,30
12738,Lost Customers,0.0,Low,0.7885995835089862,High,Low-cost automated reactivation,Email,Single automated discount email (budget-capped),4,30
12740,Lost Customers,0.0,Low,0.7767196770090193,High,Low-cost automated reactivation,Email,Single automated discount email (budget-capped),4,30
12742,Lost Customers,0.0,Low,0.5778640797702272,High,Low-cost automated reactivation,Email,Single automated discount email (budget-capped),4,30
12746,Lost Customers,0.0,Low,0.7820554478127477,High,Low-cost automated reactivation,Email,Single automated discount email (budget-capped),4,30
12750,Lost Customers,0.0,Low,0.7709653141656491,High,Low-cost automated reactivation,Email,Single automated discount email (budget-capped),4,30
12751,Lost Customers,0.0,Low,0.5576730510229456,High,Low-cost automated reactivation,Email,Single automated discount email (budget-capped),4,30
12756,Lost Customers,0.0,Low,0.7576997198706038,High,Low-cost automated reactivation,Email,Single automated discount email (budget-capped),4,30
12760,Lost Customers,0.0,Low,0.7597236189948008,High,Low-cost automated reactivation,Email,Single automated discount email (budget-capped),4,30
12767,Lost Customers,0.0,Low,0.529730742834125,High,Low-cost automated reactivation,Email,Single automated discount email (budget-capped),4,30
12768,Lost Customers,0.0,Low,0.7791550828855606,High,Low-cost automated reactivation,Email,Single automated discount email (budget-capped),4,30
12769,Lost Customers,0.0,Low,0.5398979479794972,High,Low-cost automated reactivation,Email,Single automated discount email (budget-capped),4,30
12771,Lost Customers,0.0,Low,0.7716476622276479,High,Low-cost automated reactivation,Email,Single automated discount email (budget-capped),4,30
12772,Lost Customers,0.0,Low,0.5091386509242699,High,Low-cost automated reactivation,Email,Single automated discount email (budget-capped),4,30
12773,Lost Customers,0.0,Low,0.7999145882713404,High,Low-cost automated reactivation,Email,Single automated discount email (budget-capped),4,30
12774,Lost Customers,0.0,Low,0.8024926314374964,High,Low-cost automated reactivation,Email,Single automated discount email (budget-capped),4,30
12776,Lost Customers,0.0,Low,0.7883961492688671,High,Low-cost automated reactivation,Email,Single automated discount email (budget-capped),4,30
12780,Lost Customers,0.0,Low,0.7778035498032896,High,Low-cost automated reactivation,Email,Single automated discount email (budget-capped),4,30
12786,Lost Customers,0.0,Low,0.6993395659498739,High,Low-cost automated reactivation,Email,Single automated discount email (budget-capped),4,30
12795,Lost Customers,0.0,Low,0.7102414331612149,High,Low-cost automated reactivation,Email,Single automated discount email (budget-capped),4,30
12796,Lost Customers,0.0,Low,0.8034684556996141,High,Low-cost automated reactivation,Email,Single automated discount email (budget-capped),4,30
12799,Lost Customers,0.0,Low,0.7760050248191039,High,Low-cost automated reactivation,Email,Single automated discount email (budget-capped),4,30
12801,Lost Customers,0.0,Low,0.5844113496770477,High,Low-cost automated reactivation,Email,Single automated discount email (budget-capped),4,30
12803,Lost Customers,0.0,Low,0.5789307406390504,High,Low-cost automated reactivation,Email,Single automated discount email (budget-capped),4,30
12807,Lost Customers,0.0,Low,0.768158473006736,High,Low-cost automated reactivation,Email,Single automated discount email (budget-capped),4,30
12812,Lost Customers,0.0,Low,0.7805066241307066,High,Low-cost automated reactivation,Email,Single automated discount email (budget-capped),4,30
12814,Lost Customers,0.0,Low,0.7674614597144699,High,Low-cost automated reactivation,Email,Single automated discount email (budget-capped),4,30
12824,Lost Customers,0.0,Low,0.7786960493315058,High,Low-cost automated reactivation,Email,Single automated discount email (budget-capped),4,30
12833,Lost Customers,0.0,Low,0.6153550161824508,High,Low-cost automated reactivation,Email,Single automated discount email (budget-capped),4,30
12834,Lost Customers,0.0,Low,0.7785852304774294,High,Low-cost automated reactivation,Email,Single automated discount email (budget-capped),4,30
12846,Lost Customers,0.0,Low,0.7652311885250684,High,Low-cost automated reactivation,Email,Single automated discount email (budget-capped),4,30
12848,Lost Customers,0.0,Low,0.7824108960015315,High,Low-cost automated reactivation,Email,Single automated discount email (budget-capped),4,30
12850,Lost Customers,0.0,Low,0.7321248808265572,High,Low-cost automated reactivation,Email,Single automated discount email (budget-capped),4,30
12852,Lost Customers,0.0,Low,0.7770477657534823,High,Low-cost automated reactivation,Email,Single automated discount email (budget-capped),4,30
12858,Lost Customers,0.0,Low,0.7577016059328677,High,Low-cost automated reactivation,Email,Single automated discount email (budget-capped),4,30
12859,Lost Customers,0.0,Low,0.5233298340601277,High,Low-cost automated reactivation,Email,Single automated discount email (budget-capped),4,30
12860,Lost Customers,0.0,Low,0.7559696188444978,High,Low-cost automated reactivation,Email,Single automated discount email (budget-capped),4,30
12861,Lost Customers,0.0,Low,0.7895381220577687,High,Low-cost automated reactivation,Email,Single automated discount email (budget-capped),4,30
12869,Lost Customers,0.0,Low,0.7830667541095494,High,Low-cost automated reactivation,Email,Single automated discount email (budget-capped),4,30
12881,Lost Customers,0.0,Low,0.7654097434967969,High,Low-cost automated reactivation,Email,Single automated discount email (budget-capped),4,30
12884,Lost Customers,0.0,Low,0.782687382268812,High,Low-cost automated reactivation,Email,Single automated discount email (budget-capped),4,30
12887,Lost Customers,0.0,Low,0.7786472943020921,High,Low-cost automated reactivation,Email,Single automated discount email (budget-capped),4,30
12892,Lost Customers,0.0,Low,0.7768795067674025,High,Low-cost automated reactivation,Email,Single automated discount email (budget-capped),4,30
12893,Lost Customers,0.0,Low,0.7821901951555482,High,Low-cost automated reactivation,Email,Single automated discount email (budget-capped),4,30
12894,Lost Customers,0.0,Low,0.7829979214953001,High,Low-cost automated reactivation,Email,Single automated discount email (budget-capped),4,30
12899,Lost Customers,0.0,Low,0.7902017220943129,High,Low-cost automated reactivation,Email,Single automated discount email (budget-capped),4,30
12900,Lost Customers,0.0,Low,0.7823525502620036,High,Low-cost automated reactivation,Email,Single automated discount email (budget-capped),4,30
12902,Lost Customers,0.0,Low,0.7749669590047122,High,Low-cost automated reactivation,Email,Single automated discount email (budget-capped),4,30
12914,Lost Customers,0.0,Low,0.779541482994127,High,Low-cost automated reactivation,Email,Single automated discount email (budget-capped),4,30
12922,Lost Customers,0.0,Low,0.7439420634929392,High,Low-cost automated reactivation,Email,Single automated discount email (budget-capped),4,30
12927,Lost Customers,0.0,Low,0.7781216247013202,High,Low-cost automated reactivation,Email,Single automated discount email (budget-capped),4,30
12929,Lost Customers,0.0,Low,0.7774562520863042,High,Low-cost automated reactivation,Email,Single automated discount email (budget-capped),4,30
12934,Lost Customers,0.0,Low,0.7781763639178484,High,Low-cost automated reactivation,Email,Single automated discount email (budget-capped),4,30
12938,Lost Customers,0.0,Low,0.7751804442359342,High,Low-cost automated reactivation,Email,Single automated discount email (budget-capped),4,30
12941,Lost Customers,0.0,Low,0.8000142284524088,High,Low-cost automated reactivation,Email,Single automated discount email (budget-capped),4,30
12946,Lost Customers,0.0,Low,0.7715040753183575,High,Low-cost automated reactivation,Email,Single automated discount email (budget-capped),4,30
12954,Lost Customers,0.0,Low,0.7820883997422614,High,Low-cost automated reactivation,Email,Single automated discount email (budget-capped),4,30
12959,Lost Customers,0.0,Low,0.7472177700375973,High,Low-cost automated reactivation,Email,Single automated discount email (budget-capped),4,30
12961,Lost Customers,0.0,Low,0.7770919221028155,High,Low-cost automated reactivation,Email,Single automated discount email (budget-capped),4,30
12964,Lost Customers,0.0,Low,0.7506234076180373,High,Low-cost automated reactivation,Email,Single automated discount email (budget-capped),4,30
12966,Lost Customers,0.0,Low,0.7777251259231264,High,Low-cost automated reactivation,Email,Single automated discount email (budget-capped),4,30
12968,Lost Customers,0.0,Low,0.78190497280964,High,Low-cost automated reactivation,Email,Single automated discount email (budget-capped),4,30
12969,Lost Customers,0.0,Low,0.786006554765374,High,Low-cost automated reactivation,Email,Single automated discount email (budget-capped),4,30
12973,Lost Customers,0.0,Low,0.7951652267265874,High,Low-cost automated reactivation,Email,Single automated discount email (budget-capped),4,30
12979,Lost Customers,0.0,Low,0.5449903527630698,High,Low-cost automated reactivation,Email,Single automated discount email (budget-capped),4,30
12983,Lost Customers,0.0,Low,0.5219397293696456,High,Low-cost automated reactivation,Email,Single automated discount email (budget-capped),4,30
12984,Lost Customers,0.0,Low,0.783646981202835,High,Low-cost automated reactivation,Email,Single automated discount email (budget-capped),4,30
12992,Lost Customers,0.0,Low,0.8114221237103006,High,Low-cost automated reactivation,Email,Single automated discount email (budget-capped),4,30
12995,Lost Customers,0.0,Low,0.7564196400313999,High,Low-cost automated reactivation,Email,Single automated discount email (budget-capped),4,30
12996,Lost Customers,0.0,Low,0.7338893556498024,High,Low-cost automated reactivation,Email,Single automated discount email (budget-capped),4,30
13006,Lost Customers,0.0,Low,0.7817281662457181,High,Low-cost automated reactivation,Email,Single automated discount email (budget-capped),4,30
13007,Lost Customers,0.0,Low,0.7815895020142208,High,Low-cost automated reactivation,Email,Single automated discount email (budget-capped),4,30
13009,Lost Customers,0.0,Low,0.7783310115562155,High,Low-cost automated reactivation,Email,Single automated discount email (budget-capped),4,30
13011,Lost Customers,0.0,Low,0.7475595521772721,High,Low-cost automated reactivation,Email,Single automated discount email (budget-capped),4,30
13022,Lost Customers,0.0,Low,0.7631445673855595,High,Low-cost automated reactivation,Email,Single automated discount email (budget-capped),4,30
13025,Lost Customers,0.0,Low,0.787005971889115,High,Low-cost automated reactivation,Email,Single automated discount email (budget-capped),4,30
13036,Lost Customers,0.0,Low,0.7831953689209025,High,Low-cost automated reactivation,Email,Single automated discount email (budget-capped),4,30
13053,Lost Customers,0.0,Low,0.8094008244537405,High,Low-cost automated reactivation,Email,Single automated discount email (budget-capped),4,30
13056,Lost Customers,0.0,Low,0.7865771623657098,High,Low-cost automated reactivation,Email,Single automated discount email (budget-capped),4,30
13060,Lost Customers,0.0,Low,0.7782216371206762,High,Low-cost automated reactivation,Email,Single automated discount email (budget-capped),4,30
13061,Lost Customers,0.0,Low,0.7746305431859334,High,Low-cost automated reactivation,Email,Single automated discount email (budget-capped),4,30
13062,Lost Customers,0.0,Low,0.7790687260253244,High,Low-cost automated reactivation,Email,Single automated discount email (budget-capped),4,30
13063,Lost Customers,0.0,Low,0.7842324129327194,High,Low-cost automated reactivation,Email,Single automated discount email (budget-capped),4,30
13071,Lost Customers,0.0,Low,0.8054334006216859,High,Low-cost automated reactivation,Email,Single automated discount email (budget-capped),4,30
13072,Lost Customers,0.0,Low,0.7879971311326954,High,Low-cost automated reactivation,Email,Single automated discount email (budget-capped),4,30
13075,Lost Customers,0.0,Low,0.5039280320764253,High,Low-cost automated reactivation,Email,Single automated discount email (budget-capped),4,30
13076,Lost Customers,0.0,Low,0.7809426872093994,High,Low-cost automated reactivation,Email,Single automated discount email (budget-capped),4,30
13084,Lost Customers,0.0,Low,0.7606911119331431,High,Low-cost automated reactivation,Email,Single automated discount email (budget-capped),4,30
13087,Lost Customers,0.0,Low,0.7848448698310694,High,Low-cost automated reactivation,Email,Single automated discount email (budget-capped),4,30
13088,Lost Customers,0.0,Low,0.7658984090355171,High,Low-cost automated reactivation,Email,Single automated discount email (budget-capped),4,30
13095,Lost Customers,0.0,Low,0.7927118271908364,High,Low-cost automated reactivation,Email,Single automated discount email (budget-capped),4,30
13096,Lost Customers,0.0,Low,0.5198914725638735,High,Low-cost automated reactivation,Email,Single automated discount email (budget-capped),4,30
13099,Lost Customers,0.0,Low,0.7719778824808105,High,Low-cost automated reactivation,Email,Single automated discount email (budget-capped),4,30
13105,Lost Customers,0.0,Low,0.7527900130312144,High,Low-cost automated reactivation,Email,Single automated discount email (budget-capped),4,30
13111,Lost Customers,0.0,Low,0.787009857548943,High,Low-cost automated reactivation,Email,Single automated discount email (budget-capped),4,30
13112,Lost Customers,0.0,Low,0.8488183059067824,High,Low-cost automated reactivation,Email,Single automated discount email (budget-capped),4,30
13114,Lost Customers,0.0,Low,0.7820447925604305,High,Low-cost automated reactivation,Email,Single automated discount email (budget-capped),4,30
13119,Lost Customers,0.0,Low,0.7953057003390724,High,Low-cost automated reactivation,Email,Single automated discount email (budget-capped),4,30
13120,Lost Customers,0.0,Low,0.7403285383600026,High,Low-cost automated reactivation,Email,Single automated discount email (budget-capped),4,30
13121,Lost Customers,0.0,Low,0.7043789249471564,High,Low-cost automated reactivation,Email,Single automated discount email (budget-capped),4,30
13125,Lost Customers,0.0,Low,0.7784591471422816,High,Low-cost automated reactivation,Email,Single automated discount email (budget-capped),4,30
13127,Lost Customers,0.0,Low,0.7646464743856866,High,Low-cost automated reactivation,Email,Single automated discount email (budget-capped),4,30
13128,Lost Customers,0.0,Low,0.7694698983073052,High,Low-cost automated reactivation,Email,Single automated discount email (budget-capped),4,30
13130,Lost Customers,0.0,Low,0.7545735901210595,High,Low-cost automated reactivation,Email,Single automated discount email (budget-capped),4,30
13132,Lost Customers,0.0,Low,0.7546083464037167,High,Low-cost automated reactivation,Email,Single automated discount email (budget-capped),4,30
13142,Lost Customers,0.0,Low,0.7752738035055965,High,Low-cost automated reactivation,Email,Single automated discount email (budget-capped),4,30
13143,Lost Customers,0.0,Low,0.8054589304785337,High,Low-cost automated reactivation,Email,Single automated discount email (budget-capped),4,30
13146,Lost Customers,0.0,Low,0.7786497530650274,High,Low-cost automated reactivation,Email,Single automated discount email (budget-capped),4,30
13160,Lost Customers,0.0,Low,0.7826745303666629,High,Low-cost automated reactivation,Email,Single automated discount email (budget-capped),4,30
13163,Lost Customers,0.0,Low,0.8299811400791025,High,Low-cost automated reactivation,Email,Single automated discount email (budget-capped),4,30
13170,Lost Customers,0.0,Low,0.6910264645336828,High,Low-cost automated reactivation,Email,Single automated discount email (budget-capped),4,30
13172,Lost Customers,0.0,Low,0.7577968027236505,High,Low-cost automated reactivation,Email,Single automated discount email (budget-capped),4,30
13179,Lost Customers,0.0,Low,0.6253188396458345,High,Low-cost automated reactivation,Email,Single automated discount email (budget-capped),4,30
13180,Lost Customers,0.0,Low,0.790165253958269,High,Low-cost automated reactivation,Email,Single automated discount email (budget-capped),4,30
13181,Lost Customers,0.0,Low,0.7548266851452601,High,Low-cost automated reactivation,Email,Single automated discount email (budget-capped),4,30
13182,Lost Customers,0.0,Low,0.7904309726561153,High,Low-cost automated reactivation,Email,Single automated discount email (budget-capped),4,30
13185,Lost Customers,0.0,Low,0.756325386108694,High,Low-cost automated reactivation,Email,Single automated discount email (budget-capped),4,30
13191,Lost Customers,0.0,Low,0.7080820058995484,High,Low-cost automated reactivation,Email,Single automated discount email (budget-capped),4,30
13193,Lost Customers,0.0,Low,0.7635603720071524,High,Low-cost automated reactivation,Email,Single automated discount email (budget-capped),4,30
13195,Lost Customers,0.0,Low,0.7298769229734188,High,Low-cost automated reactivation,Email,Single automated discount email (budget-capped),4,30
13197,Lost Customers,0.0,Low,0.783686208842517,High,Low-cost automated reactivation,Email,Single automated discount email (budget-capped),4,30
13204,Lost Customers,0.0,Low,0.6507598191245985,High,Low-cost automated reactivation,Email,Single automated discount email (budget-capped),4,30
13210,Lost Customers,0.0,Low,0.7338893556498024,High,Low-cost automated reactivation,Email,Single automated discount email (budget-capped),4,30
13215,Lost Customers,0.0,Low,0.7692539917063563,High,Low-cost automated reactivation,Email,Single automated discount email (budget-capped),4,30
13216,Lost Customers,0.0,Low,0.7563198161892166,High,Low-cost automated reactivation,Email,Single automated discount email (budget-capped),4,30
13218,Lost Customers,0.0,Low,0.7954939372919181,High,Low-cost automated reactivation,Email,Single automated discount email (budget-capped),4,30
13219,Lost Customers,0.0,Low,0.8022176491283862,High,Low-cost automated reactivation,Email,Single automated discount email (budget-capped),4,30
13222,Lost Customers,0.0,Low,0.774015868086014,High,Low-cost automated reactivation,Email,Single automated discount email (budget-capped),4,30
13227,Lost Customers,0.0,Low,0.7705769387751255,High,Low-cost automated reactivation,Email,Single automated discount email (budget-capped),4,30
13228,Lost Customers,0.0,Low,0.7177693663785856,High,Low-cost automated reactivation,Email,Single automated discount email (budget-capped),4,30
13229,Lost Customers,0.0,Low,0.7795573571060462,High,Low-cost automated reactivation,Email,Single automated discount email (budget-capped),4,30
13235,Lost Customers,0.0,Low,0.5880535343798107,High,Low-cost automated reactivation,Email,Single automated discount email (budget-capped),4,30
13241,Lost Customers,0.0,Low,0.7410163617336871,High,Low-cost automated reactivation,Email,Single automated discount email (budget-capped),4,30
13244,Lost Customers,0.0,Low,0.7512962663933118,High,Low-cost automated reactivation,Email,Single automated discount email (budget-capped),4,30
13251,Lost Customers,0.0,Low,0.7748889765681413,High,Low-cost automated reactivation,Email,Single automated discount email (budget-capped),4,30
13254,Lost Customers,0.0,Low,0.7239778368125078,High,Low-cost automated reactivation,Email,Single automated discount email (budget-capped),4,30
13257,Lost Customers,0.0,Low,0.7754369373748042,High,Low-cost automated reactivation,Email,Single automated discount email (budget-capped),4,30
13264,Lost Customers,0.0,Low,0.5670588991619504,High,Low-cost automated reactivation,Email,Single automated discount email (budget-capped),4,30
13273,Lost Customers,0.0,Low,0.7733360957253808,High,Low-cost automated reactivation,Email,Single automated discount email (budget-capped),4,30
13274,Lost Customers,0.0,Low,0.7554577489988488,High,Low-cost automated reactivation,Email,Single automated discount email (budget-capped),4,30
13279,Lost Customers,0.0,Low,0.7750760770887546,High,Low-cost automated reactivation,Email,Single automated discount email (budget-capped),4,30
13281,Lost Customers,0.0,Low,0.7428580952600043,High,Low-cost automated reactivation,Email,Single automated discount email (budget-capped),4,30
13284,Lost Customers,0.0,Low,0.7802792578711356,High,Low-cost automated reactivation,Email,Single automated discount email (budget-capped),4,30
13286,Lost Customers,0.0,Low,0.5957528709112158,High,Low-cost automated reactivation,Email,Single automated discount email (budget-capped),4,30
13289,Lost Customers,0.0,Low,0.7820218325728228,High,Low-cost automated reactivation,Email,Single automated discount email (budget-capped),4,30
13290,Lost Customers,0.0,Low,0.769274406437052,High,Low-cost automated reactivation,Email,Single automated discount email (budget-capped),4,30
13303,Lost Customers,0.0,Low,0.8027768988399432,High,Low-cost automated reactivation,Email,Single automated discount email (budget-capped),4,30
13306,Lost Customers,0.0,Low,0.7308102857185519,High,Low-cost automated reactivation,Email,Single automated discount email (budget-capped),4,30
13312,Lost Customers,0.0,Low,0.7921806971913429,High,Low-cost automated reactivation,Email,Single automated discount email (budget-capped),4,30
13315,Lost Customers,0.0,Low,0.7748144726561923,High,Low-cost automated reactivation,Email,Single automated discount email (budget-capped),4,30
13322,Lost Customers,0.0,Low,0.7794452922919439,High,Low-cost automated reactivation,Email,Single automated discount email (budget-capped),4,30
13326,Lost Customers,0.0,Low,0.7727418729010878,High,Low-cost automated reactivation,Email,Single automated discount email (budget-capped),4,30
13328,Lost Customers,0.0,Low,0.5194959393509074,High,Low-cost automated reactivation,Email,Single automated discount email (budget-capped),4,30
13331,Lost Customers,0.0,Low,0.7711682395398186,High,Low-cost automated reactivation,Email,Single automated discount email (budget-capped),4,30
13332,Lost Customers,0.0,Low,0.7454337391288781,High,Low-cost automated reactivation,Email,Single automated discount email (budget-capped),4,30
13336,Lost Customers,0.0,Low,0.5069681703096652,High,Low-cost automated reactivation,Email,Single automated discount email (budget-capped),4,30
13337,Lost Customers,0.0,Low,0.5354701422672862,High,Low-cost automated reactivation,Email,Single automated discount email (budget-capped),4,30
13339,Lost Customers,0.0,Low,0.5020934230202142,High,Low-cost automated reactivation,Email,Single automated discount email (budget-capped),4,30
13343,Lost Customers,0.0,Low,0.7336142952728273,High,Low-cost automated reactivation,Email,Single automated discount email (budget-capped),4,30
13345,Lost Customers,0.0,Low,0.786278151368955,High,Low-cost automated reactivation,Email,Single automated discount email (budget-capped),4,30
13347,Lost Customers,0.0,Low,0.7709887197241675,High,Low-cost automated reactivation,Email,Single automated discount email (budget-capped),4,30
13348,Lost Customers,0.0,Low,0.7761551172534035,High,Low-cost automated reactivation,Email,Single automated discount email (budget-capped),4,30
13349,Lost Customers,0.0,Low,0.7767534102314161,High,Low-cost automated reactivation,Email,Single automated discount email (budget-capped),4,30
13351,Lost Customers,0.0,Low,0.7905236102991615,High,Low-cost automated reactivation,Email,Single automated discount email (budget-capped),4,30
13352,Lost Customers,0.0,Low,0.7775500247275172,High,Low-cost automated reactivation,Email,Single automated discount email (budget-capped),4,30
13354,Lost Customers,0.0,Low,0.5078036714024841,High,Low-cost automated reactivation,Email,Single automated discount email (budget-capped),4,30
13355,Lost Customers,0.0,Low,0.5132152637300164,High,Low-cost automated reactivation,Email,Single automated discount email (budget-capped),4,30
13358,Lost Customers,0.0,Low,0.5147269242418888,High,Low-cost automated reactivation,Email,Single automated discount email (budget-capped),4,30
13364,Lost Customers,0.0,Low,0.7862115596420195,High,Low-cost automated reactivation,Email,Single automated discount email (budget-capped),4,30
13372,Lost Customers,0.0,Low,0.7905418362565929,High,Low-cost automated reactivation,Email,Single automated discount email (budget-capped),4,30
13380,Lost Customers,0.0,Low,0.7809830136570658,High,Low-cost automated reactivation,Email,Single automated discount email (budget-capped),4,30
13383,Lost Customers,0.0,Low,0.7724087862444817,High,Low-cost automated reactivation,Email,Single automated discount email (budget-capped),4,30
13391,Lost Customers,0.0,Low,0.7813884071678203,High,Low-cost automated reactivation,Email,Single automated discount email (budget-capped),4,30
13392,Lost Customers,0.0,Low,0.7977805662475619,High,Low-cost automated reactivation,Email,Single automated discount email (budget-capped),4,30
13400,Lost Customers,0.0,Low,0.785123065427853,High,Low-cost automated reactivation,Email,Single automated discount email (budget-capped),4,30
13411,Lost Customers,0.0,Low,0.7832458307327977,High,Low-cost automated reactivation,Email,Single automated discount email (budget-capped),4,30
13412,Lost Customers,0.0,Low,0.5677308128692171,High,Low-cost automated reactivation,Email,Single automated discount email (budget-capped),4,30
13419,Lost Customers,0.0,Low,0.7791053730320721,High,Low-cost automated reactivation,Email,Single automated discount email (budget-capped),4,30
13423,Lost Customers,0.0,Low,0.7784048996847572,High,Low-cost automated reactivation,Email,Single automated discount email (budget-capped),4,30
13424,Lost Customers,0.0,Low,0.5584796383285009,High,Low-cost automated reactivation,Email,Single automated discount email (budget-capped),4,30
13438,Lost Customers,0.0,Low,0.8006065194653059,High,Low-cost automated reactivation,Email,Single automated discount email (budget-capped),4,30
13445,Lost Customers,0.0,Low,0.7862230941072643,High,Low-cost automated reactivation,Email,Single automated discount email (budget-capped),4,30
13449,Lost Customers,0.0,Low,0.7809688702269856,High,Low-cost automated reactivation,Email,Single automated discount email (budget-capped),4,30
13454,Lost Customers,0.0,Low,0.7900649607310716,High,Low-cost automated reactivation,Email,Single automated discount email (budget-capped),4,30
13469,Lost Customers,0.0,Low,0.8107322227731626,High,Low-cost automated reactivation,Email,Single automated discount email (budget-capped),4,30
13483,Lost Customers,0.0,Low,0.7775628754308621,High,Low-cost automated reactivation,Email,Single automated discount email (budget-capped),4,30
13490,Lost Customers,0.0,Low,0.7634028228295114,High,Low-cost automated reactivation,Email,Single automated discount email (budget-capped),4,30
13494,Lost Customers,0.0,Low,0.7762890362139965,High,Low-cost automated reactivation,Email,Single automated discount email (budget-capped),4,30
13498,Lost Customers,0.0,Low,0.7800529072496036,High,Low-cost automated reactivation,Email,Single automated discount email (budget-capped),4,30
13504,Lost Customers,0.0,Low,0.7642772481110478,High,Low-cost automated reactivation,Email,Single automated discount email (budget-capped),4,30
13511,Lost Customers,0.0,Low,0.7809083497860304,High,Low-cost automated reactivation,Email,Single automated discount email (budget-capped),4,30
13518,Lost Customers,0.0,Low,0.5093084640170978,High,Low-cost automated reactivation,Email,Single automated discount email (budget-capped),4,30
13522,Lost Customers,0.0,Low,0.7873110565379773,High,Low-cost automated reactivation,Email,Single automated discount email (budget-capped),4,30
13530,Lost Customers,0.0,Low,0.8068499791389188,High,Low-cost automated reactivation,Email,Single automated discount email (budget-capped),4,30
13535,Lost Customers,0.0,Low,0.7560590265843903,High,Low-cost automated reactivation,Email,Single automated discount email (budget-capped),4,30
13547,Lost Customers,0.0,Low,0.7644235659816214,High,Low-cost automated reactivation,Email,Single automated discount email (budget-capped),4,30
13550,Lost Customers,0.0,Low,0.7686018000724845,High,Low-cost automated reactivation,Email,Single automated discount email (budget-capped),4,30
13553,Lost Customers,0.0,Low,0.5185571064451789,High,Low-cost automated reactivation,Email,Single automated discount email (budget-capped),4,30
13560,Lost Customers,0.0,Low,0.7828043628998207,High,Low-cost automated reactivation,Email,Single automated discount email (budget-capped),4,30
13568,Lost Customers,0.0,Low,0.7869004791555674,High,Low-cost automated reactivation,Email,Single automated discount email (budget-capped),4,30
13570,Lost Customers,0.0,Low,0.7714006180077333,High,Low-cost automated reactivation,Email,Single automated discount email (budget-capped),4,30
13578,Lost Customers,0.0,Low,0.7724385964786893,High,Low-cost automated reactivation,Email,Single automated discount email (budget-capped),4,30
13580,Lost Customers,0.0,Low,0.7938874608106927,High,Low-cost automated reactivation,Email,Single automated discount email (budget-capped),4,30
13586,Lost Customers,0.0,Low,0.7969878345571834,High,Low-cost automated reactivation,Email,Single automated discount email (budget-capped),4,30
13603,Lost Customers,0.0,Low,0.7773400592339992,High,Low-cost automated reactivation,Email,Single automated discount email (budget-capped),4,30
13604,Lost Customers,0.0,Low,0.6012507223069268,High,Low-cost automated reactivation,Email,Single automated discount email (budget-capped),4,30
13608,Lost Customers,0.0,Low,0.7876247583963873,High,Low-cost automated reactivation,Email,Single automated discount email (budget-capped),4,30
13609,Lost Customers,0.0,Low,0.789837302886384,High,Low-cost automated reactivation,Email,Single automated discount email (budget-capped),4,30
13612,Lost Customers,0.0,Low,0.5710399773503197,High,Low-cost automated reactivation,Email,Single automated discount email (budget-capped),4,30
13618,Lost Customers,0.0,Low,0.7862278507612451,High,Low-cost automated reactivation,Email,Single automated discount email (budget-capped),4,30
13620,Lost Customers,0.0,Low,0.7643804016905948,High,Low-cost automated reactivation,Email,Single automated discount email (budget-capped),4,30
13621,Lost Customers,0.0,Low,0.782634535940795,High,Low-cost automated reactivation,Email,Single automated discount email (budget-capped),4,30
13622,Lost Customers,0.0,Low,0.5507661656214724,High,Low-cost automated reactivation,Email,Single automated discount email (budget-capped),4,30
13625,Lost Customers,0.0,Low,0.7725564433261316,High,Low-cost automated reactivation,Email,Single automated discount email (budget-capped),4,30
13628,Lost Customers,0.0,Low,0.7862794482940172,High,Low-cost automated reactivation,Email,Single automated discount email (budget-capped),4,30
13638,Lost Customers,0.0,Low,0.788367027979739,High,Low-cost automated reactivation,Email,Single automated discount email (budget-capped),4,30
13640,Lost Customers,0.0,Low,0.788371204778901,High,Low-cost automated reactivation,Email,Single automated discount email (budget-capped),4,30
13645,Lost Customers,0.0,Low,0.7745802545989295,High,Low-cost automated reactivation,Email,Single automated discount email (budget-capped),4,30
13646,General Customers,0.0,Low,0.5195825001642209,High,Low-cost automated reactivation,Email,Single automated discount email (budget-capped),4,30
13653,Lost Customers,0.0,Low,0.743168594031441,High,Low-cost automated reactivation,Email,Single automated discount email (budget-capped),4,30
13660,Lost Customers,0.0,Low,0.7707775331432061,High,Low-cost automated reactivation,Email,Single automated discount email (budget-capped),4,30
13661,Lost Customers,0.0,Low,0.7870047493804794,High,Low-cost automated reactivation,Email,Single automated discount email (budget-capped),4,30
13670,Lost Customers,0.0,Low,0.7504777983103551,High,Low-cost automated reactivation,Email,Single automated discount email (budget-capped),4,30
13671,Lost Customers,0.0,Low,0.5567282376226282,High,Low-cost automated reactivation,Email,Single automated discount email (budget-capped),4,30
13674,Lost Customers,0.0,Low,0.7660784472673228,High,Low-cost automated reactivation,Email,Single automated discount email (budget-capped),4,30
13678,Lost Customers,0.0,Low,0.7701956845695027,High,Low-cost automated reactivation,Email,Single automated discount email (budget-capped),4,30
13682,Lost Customers,0.0,Low,0.7699486994278691,High,Low-cost automated reactivation,Email,Single automated discount email (budget-capped),4,30
13683,Lost Customers,0.0,Low,0.7666146884114686,High,Low-cost automated reactivation,Email,Single automated discount email (budget-capped),4,30
13688,Lost Customers,0.0,Low,0.795315616055517,High,Low-cost automated reactivation,Email,Single automated discount email (budget-capped),4,30
13690,Lost Customers,0.0,Low,0.7792995158600394,High,Low-cost automated reactivation,Email,Single automated discount email (budget-capped),4,30
13691,Lost Customers,0.0,Low,0.6819120344359805,High,Low-cost automated reactivation,Email,Single automated discount email (budget-capped),4,30
13697,Lost Customers,0.0,Low,0.7466211377335955,High,Low-cost automated reactivation,Email,Single automated discount email (budget-capped),4,30
13701,Lost Customers,0.0,Low,0.7826060462657318,High,Low-cost automated reactivation,Email,Single automated discount email (budget-capped),4,30
13702,Lost Customers,0.0,Low,0.7872037719476203,High,Low-cost automated reactivation,Email,Single automated discount email (budget-capped),4,30
13708,Lost Customers,0.0,Low,0.6969644708799447,High,Low-cost automated reactivation,Email,Single automated discount email (budget-capped),4,30
13714,Lost Customers,0.0,Low,0.7815974074144421,High,Low-cost automated reactivation,Email,Single automated discount email (budget-capped),4,30
13716,Lost Customers,0.0,Low,0.769969250293203,High,Low-cost automated reactivation,Email,Single automated discount email (budget-capped),4,30
13724,Lost Customers,0.0,Low,0.7875256769931239,High,Low-cost automated reactivation,Email,Single automated discount email (budget-capped),4,30
13737,Lost Customers,0.0,Low,0.7665415871973424,High,Low-cost automated reactivation,Email,Single automated discount email (budget-capped),4,30
13746,Lost Customers,0.0,Low,0.7836616546941142,High,Low-cost automated reactivation,Email,Single automated discount email (budget-capped),4,30
13751,Lost Customers,0.0,Low,0.7629355724308909,High,Low-cost automated reactivation,Email,Single automated discount email (budget-capped),4,30
13757,Lost Customers,0.0,Low,0.7800727928886908,High,Low-cost automated reactivation,Email,Single automated discount email (budget-capped),4,30
13765,Lost Customers,0.0,Low,0.7626459839883855,High,Low-cost automated reactivation,Email,Single automated discount email (budget-capped),4,30
13766,Lost Customers,0.0,Low,0.7823665468552472,High,Low-cost automated reactivation,Email,Single automated discount email (budget-capped),4,30
13774,Lost Customers,0.0,Low,0.757147975125927,High,Low-cost automated reactivation,Email,Single automated discount email (budget-capped),4,30
13775,Lost Customers,0.0,Low,0.6521965567307859,High,Low-cost automated reactivation,Email,Single automated discount email (budget-capped),4,30
13779,Lost Customers,0.0,Low,0.7750624149946708,High,Low-cost automated reactivation,Email,Single automated discount email (budget-capped),4,30
13789,Lost Customers,0.0,Low,0.771266761856487,High,Low-cost automated reactivation,Email,Single automated discount email (budget-capped),4,30
13793,Lost Customers,0.0,Low,0.8069064536992757,High,Low-cost automated reactivation,Email,Single automated discount email (budget-capped),4,30
13794,Lost Customers,0.0,Low,0.7940319794820495,High,Low-cost automated reactivation,Email,Single automated discount email (budget-capped),4,30
13796,Lost Customers,0.0,Low,0.7727091952706243,High,Low-cost automated reactivation,Email,Single automated discount email (budget-capped),4,30
13801,Lost Customers,0.0,Low,0.7776614158314094,High,Low-cost automated reactivation,Email,Single automated discount email (budget-capped),4,30
13806,Lost Customers,0.0,Low,0.772024785996465,High,Low-cost automated reactivation,Email,Single automated discount email (budget-capped),4,30
13818,Lost Customers,0.0,Low,0.794837290965774,High,Low-cost automated reactivation,Email,Single automated discount email (budget-capped),4,30
13826,Lost Customers,0.0,Low,0.7797425778110441,High,Low-cost automated reactivation,Email,Single automated discount email (budget-capped),4,30
13828,Lost Customers,0.0,Low,0.7716853279360817,High,Low-cost automated reactivation,Email,Single automated discount email (budget-capped),4,30
13829,Lost Customers,0.0,Low,0.7582561075890243,High,Low-cost automated reactivation,Email,Single automated discount email (budget-capped),4,30
13830,Lost Customers,0.0,Low,0.7703308585575451,High,Low-cost automated reactivation,Email,Single automated discount email (budget-capped),4,30
13839,Lost Customers,0.0,Low,0.7848013912784291,High,Low-cost automated reactivation,Email,Single automated discount email (budget-capped),4,30
13841,Lost Customers,0.0,Low,0.7776225628292801,High,Low-cost automated reactivation,Email,Single automated discount email (budget-capped),4,30
13843,Lost Customers,0.0,Low,0.7764289974380602,High,Low-cost automated reactivation,Email,Single automated discount email (budget-capped),4,30
13844,Lost Customers,0.0,Low,0.7422320654688389,High,Low-cost automated reactivation,Email,Single automated discount email (budget-capped),4,30
13845,Lost Customers,0.0,Low,0.784153109392117,High,Low-cost automated reactivation,Email,Single automated discount email (budget-capped),4,30
13847,Lost Customers,0.0,Low,0.780290238774517,High,Low-cost automated reactivation,Email,Single automated discount email (budget-capped),4,30
13852,Lost Customers,0.0,Low,0.7838305356977656,High,Low-cost automated reactivation,Email,Single automated discount email (budget-capped),4,30
13853,Lost Customers,0.0,Low,0.5105015749628556,High,Low-cost automated reactivation,Email,Single automated discount email (budget-capped),4,30
13858,Lost Customers,0.0,Low,0.777640295226388,High,Low-cost automated reactivation,Email,Single automated discount email (budget-capped),4,30
13864,Lost Customers,0.0,Low,0.5014790763908453,High,Low-cost automated reactivation,Email,Single automated discount email (budget-capped),4,30
13866,Lost Customers,0.0,Low,0.7724592809225067,High,Low-cost automated reactivation,Email,Single automated discount email (budget-capped),4,30
13876,Lost Customers,0.0,Low,0.7900588282792923,High,Low-cost automated reactivation,Email,Single automated discount email (budget-capped),4,30
13879,Lost Customers,0.0,Low,0.7909557903360938,High,Low-cost automated reactivation,Email,Single automated discount email (budget-capped),4,30
13886,Lost Customers,0.0,Low,0.7769401735322838,High,Low-cost automated reactivation,Email,Single automated discount email (budget-capped),4,30
13887,Lost Customers,0.0,Low,0.7425830348830293,High,Low-cost automated reactivation,Email,Single automated discount email (budget-capped),4,30
13893,Lost Customers,0.0,Low,0.5138008563085017,High,Low-cost automated reactivation,Email,Single automated discount email (budget-capped),4,30
13896,Lost Customers,0.0,Low,0.789501098581082,High,Low-cost automated reactivation,Email,Single automated discount email (budget-capped),4,30
13903,Lost Customers,0.0,Low,0.7789324466326077,High,Low-cost automated reactivation,Email,Single automated discount email (budget-capped),4,30
13905,Lost Customers,0.0,Low,0.7842243902897881,High,Low-cost automated reactivation,Email,Single automated discount email (budget-capped),4,30
13906,Lost Customers,0.0,Low,0.6969570526694485,High,Low-cost automated reactivation,Email,Single automated discount email (budget-capped),4,30
13907,Lost Customers,0.0,Low,0.782626141674042,High,Low-cost automated reactivation,Email,Single automated discount email (budget-capped),4,30
13912,Lost Customers,0.0,Low,0.7971466257629568,High,Low-cost automated reactivation,Email,Single automated discount email (budget-capped),4,30
13913,Lost Customers,0.0,Low,0.7152846889873488,High,Low-cost automated reactivation,Email,Single automated discount email (budget-capped),4,30
13915,Lost Customers,0.0,Low,0.7621864228850873,High,Low-cost automated reactivation,Email,Single automated discount email (budget-capped),4,30
13923,Lost Customers,0.0,Low,0.7459915277235551,High,Low-cost automated reactivation,Email,Single automated discount email (budget-capped),4,30
13926,Lost Customers,0.0,Low,0.7800079216519242,High,Low-cost automated reactivation,Email,Single automated discount email (budget-capped),4,30
13932,Lost Customers,0.0,Low,0.7797087970098239,High,Low-cost automated reactivation,Email,Single automated discount email (budget-capped),4,30
13934,Lost Customers,0.0,Low,0.5174277248679504,High,Low-cost automated reactivation,Email,Single automated discount email (budget-capped),4,30
13938,Lost Customers,0.0,Low,0.7909164802863694,High,Low-cost automated reactivation,Email,Single automated discount email (budget-capped),4,30
13942,Lost Customers,0.0,Low,0.7569665475374756,High,Low-cost automated reactivation,Email,Single automated discount email (budget-capped),4,30
13943,Lost Customers,0.0,Low,0.7789128262321308,High,Low-cost automated reactivation,Email,Single automated discount email (budget-capped),4,30
13944,Lost Customers,0.0,Low,0.7772034704893133,High,Low-cost automated reactivation,Email,Single automated discount email (budget-capped),4,30
13947,Lost Customers,0.0,Low,0.7777623834686586,High,Low-cost automated reactivation,Email,Single automated discount email (budget-capped),4,30
13966,Lost Customers,0.0,Low,0.7867487499132937,High,Low-cost automated reactivation,Email,Single automated discount email (budget-capped),4,30
13968,Lost Customers,0.0,Low,0.7912927515759614,High,Low-cost automated reactivation,Email,Single automated discount email (budget-capped),4,30
13973,Lost Customers,0.0,Low,0.7737228915799027,High,Low-cost automated reactivation,Email,Single automated discount email (budget-capped),4,30
13981,Lost Customers,0.0,Low,0.7537707482195612,High,Low-cost automated reactivation,Email,Single automated discount email (budget-capped),4,30
13986,Lost Customers,0.0,Low,0.7747205367987018,High,Low-cost automated reactivation,Email,Single automated discount email (budget-capped),4,30
13990,Lost Customers,0.0,Low,0.7755831814708097,High,Low-cost automated reactivation,Email,Single automated discount email (budget-capped),4,30
14003,Lost Customers,0.0,Low,0.7813303016386256,High,Low-cost automated reactivation,Email,Single automated discount email (budget-capped),4,30
14007,Lost Customers,0.0,Low,0.7920810630728052,High,Low-cost automated reactivation,Email,Single automated discount email (budget-capped),4,30
14010,General Customers,0.0,Low,0.6874798252707882,High,Low-cost automated reactivation,Email,Single automated discount email (budget-capped),4,30
14012,Lost Customers,0.0,Low,0.7778585157809884,High,Low-cost automated reactivation,Email,Single automated discount email (budget-capped),4,30
14015,Lost Customers,0.0,Low,0.5553197164960894,High,Low-cost automated reactivation,Email,Single automated discount email (budget-capped),4,30
14017,Lost Customers,0.0,Low,0.7870371316412246,High,Low-cost automated reactivation,Email,Single automated discount email (budget-capped),4,30
14018,Lost Customers,0.0,Low,0.8009890181571363,High,Low-cost automated reactivation,Email,Single automated discount email (budget-capped),4,30
14027,Lost Customers,0.0,Low,0.8084415519263523,High,Low-cost automated reactivation,Email,Single automated discount email (budget-capped),4,30
14033,Lost Customers,0.0,Low,0.7652376466468129,High,Low-cost automated reactivation,Email,Single automated discount email (budget-capped),4,30
14041,Lost Customers,0.0,Low,0.7777581210994925,High,Low-cost automated reactivation,Email,Single automated discount email (budget-capped),4,30
14042,Lost Customers,0.0,Low,0.7740316333127101,High,Low-cost automated reactivation,Email,Single automated discount email (budget-capped),4,30
14046,Lost Customers,0.0,Low,0.7559572389670449,High,Low-cost automated reactivation,Email,Single automated discount email (budget-capped),4,30
14054,Lost Customers,0.0,Low,0.8080887903769672,High,Low-cost automated reactivation,Email,Single automated discount email (budget-capped),4,30
14059,Lost Customers,0.0,Low,0.7873541743402932,High,Low-cost automated reactivation,Email,Single automated discount email (budget-capped),4,30
14066,Lost Customers,0.0,Low,0.7448983987902574,High,Low-cost automated reactivation,Email,Single automated discount email (budget-capped),4,30
14070,Lost Customers,0.0,Low,0.7804716806076436,High,Low-cost automated reactivation,Email,Single automated discount email (budget-capped),4,30
14072,Lost Customers,0.0,Low,0.790064094865725,High,Low-cost automated reactivation,Email,Single automated discount email (budget-capped),4,30
14073,Lost Customers,0.0,Low,0.7482191431005065,High,Low-cost automated reactivation,Email,Single automated discount email (budget-capped),4,30
14074,Lost Customers,0.0,Low,0.7890512915791739,High,Low-cost automated reactivation,Email,Single automated discount email (budget-capped),4,30
14076,Lost Customers,0.0,Low,0.6998107486259838,High,Low-cost automated reactivation,Email,Single automated discount email (budget-capped),4,30
14084,Lost Customers,0.0,Low,0.7600240618220886,High,Low-cost automated reactivation,Email,Single automated discount email (budget-capped),4,30
14086,Lost Customers,0.0,Low,0.6969570526694485,High,Low-cost automated reactivation,Email,Single automated discount email (budget-capped),4,30
14089,Lost Customers,0.0,Low,0.7824918335131107,High,Low-cost automated reactivation,Email,Single automated discount email (budget-capped),4,30
14090,Lost Customers,0.0,Low,0.7650206619302357,High,Low-cost automated reactivation,Email,Single automated discount email (budget-capped),4,30
14094,Lost Customers,0.0,Low,0.7655080532210067,High,Low-cost automated reactivation,Email,Single automated discount email (budget-capped),4,30
14098,Lost Customers,0.0,Low,0.7746034584241901,High,Low-cost automated reactivation,Email,Single automated discount email (budget-capped),4,30
14100,Lost Customers,0.0,Low,0.7760044080232382,High,Low-cost automated reactivation,Email,Single automated discount email (budget-capped),4,30
14106,Lost Customers,0.0,Low,0.7748317275473906,High,Low-cost automated reactivation,Email,Single automated discount email (budget-capped),4,30
14109,Lost Customers,0.0,Low,0.7677537861618625,High,Low-cost automated reactivation,Email,Single automated discount email (budget-capped),4,30
14117,Lost Customers,0.0,Low,0.7465039276827852,High,Low-cost automated reactivation,Email,Single automated discount email (budget-capped),4,30
14123,Lost Customers,0.0,Low,0.7585235609309753,High,Low-cost automated reactivation,Email,Single automated discount email (budget-capped),4,30
14124,Lost Customers,0.0,Low,0.5936324444483632,High,Low-cost automated reactivation,Email,Single automated discount email (budget-capped),4,30
14131,Lost Customers,0.0,Low,0.7742203736698748,High,Low-cost automated reactivation,Email,Single automated discount email (budget-capped),4,30
14137,Lost Customers,0.0,Low,0.7732224338751695,High,Low-cost automated reactivation,Email,Single automated discount email (budget-capped),4,30
14143,Lost Customers,0.0,Low,0.7787878057951506,High,Low-cost automated reactivation,Email,Single automated discount email (budget-capped),4,30
14144,Lost Customers,0.0,Low,0.7403285383600026,High,Low-cost automated reactivation,Email,Single automated discount email (budget-capped),4,30
14149,Lost Customers,0.0,Low,0.5010502513416104,High,Low-cost automated reactivation,Email,Single automated discount email (budget-capped),4,30
14153,Lost Customers,0.0,Low,0.7756649593328521,High,Low-cost automated reactivation,Email,Single automated discount email (budget-capped),4,30
14155,Lost Customers,0.0,Low,0.7762840000540968,High,Low-cost automated reactivation,Email,Single automated discount email (budget-capped),4,30
14165,Lost Customers,0.0,Low,0.7565687816834249,High,Low-cost automated reactivation,Email,Single automated discount email (budget-capped),4,30
14174,Lost Customers,0.0,Low,0.7612048605420046,High,Low-cost automated reactivation,Email,Single automated discount email (budget-capped),4,30
14184,Lost Customers,0.0,Low,0.5713476332737926,High,Low-cost automated reactivation,Email,Single automated discount email (budget-capped),4,30
14185,Lost Customers,0.0,Low,0.7569954272715822,High,Low-cost automated reactivation,Email,Single automated discount email (budget-capped),4,30
14187,Lost Customers,0.0,Low,0.7912927515759614,High,Low-cost automated reactivation,Email,Single automated discount email (budget-capped),4,30
14190,Lost Customers,0.0,Low,0.7734073948181293,High,Low-cost automated reactivation,Email,Single automated discount email (budget-capped),4,30
14192,Lost Customers,0.0,Low,0.7862372196345851,High,Low-cost automated reactivation,Email,Single automated discount email (budget-capped),4,30
14196,Lost Customers,0.0,Low,0.7680938041937801,High,Low-cost automated reactivation,Email,Single automated discount email (budget-capped),4,30
14197,Lost Customers,0.0,Low,0.7884114325627314,High,Low-cost automated reactivation,Email,Single automated discount email (budget-capped),4,30
14200,Lost Customers,0.0,Low,0.7920024685874483,High,Low-cost automated reactivation,Email,Single automated discount email (budget-capped),4,30
14203,Lost Customers,0.0,Low,0.7804116707106856,High,Low-cost automated reactivation,Email,Single automated discount email (budget-capped),4,30
14207,Lost Customers,0.0,Low,0.7724854556987277,High,Low-cost automated reactivation,Email,Single automated discount email (budget-capped),4,30
14218,Lost Customers,0.0,Low,0.7814868568178384,High,Low-cost automated reactivation,Email,Single automated discount email (budget-capped),4,30
14244,Lost Customers,0.0,Low,0.7953992351961138,High,Low-cost automated reactivation,Email,Single automated discount email (budget-capped),4,30
14252,Lost Customers,0.0,Low,0.7633564082672725,High,Low-cost automated reactivation,Email,Single automated discount email (budget-capped),4,30
14259,Lost Customers,0.0,Low,0.7674075461769136,High,Low-cost automated reactivation,Email,Single automated discount email (budget-capped),4,30
14263,Lost Customers,0.0,Low,0.7850650923377971,High,Low-cost automated reactivation,Email,Single automated discount email (budget-capped),4,30
14266,Lost Customers,0.0,Low,0.6969570526694485,High,Low-cost automated reactivation,Email,Single automated discount email (budget-capped),4,30
14268,Lost Customers,0.0,Low,0.7336142952728273,High,Low-cost automated reactivation,Email,Single automated discount email (budget-capped),4,30
14269,Lost Customers,0.0,Low,0.7646142928251438,High,Low-cost automated reactivation,Email,Single automated discount email (budget-capped),4,30
14274,Lost Customers,0.0,Low,0.7700565719706829,High,Low-cost automated reactivation,Email,Single automated discount email (budget-capped),4,30
14278,Lost Customers,0.0,Low,0.7836018422162787,High,Low-cost automated reactivation,Email,Single automated discount email (budget-capped),4,30
14280,Lost Customers,0.0,Low,0.7792596469174736,High,Low-cost automated reactivation,Email,Single automated discount email (budget-capped),4,30
14281,Lost Customers,0.0,Low,0.7828958960721455,High,Low-cost automated reactivation,Email,Single automated discount email (budget-capped),4,30
14288,Lost Customers,0.0,Low,0.7293147248809029,High,Low-cost automated reactivation,Email,Single automated discount email (budget-capped),4,30
14294,Lost Customers,0.0,Low,0.7945082134354602,High,Low-cost automated reactivation,Email,Single automated discount email (budget-capped),4,30
14318,Lost Customers,0.0,Low,0.7815759980116742,High,Low-cost automated reactivation,Email,Single automated discount email (budget-capped),4,30
14325,Lost Customers,0.0,Low,0.7874009598479544,High,Low-cost automated reactivation,Email,Single automated discount email (budget-capped),4,30
14330,Lost Customers,0.0,Low,0.7802792578711356,High,Low-cost automated reactivation,Email,Single automated discount email (budget-capped),4,30
14333,Lost Customers,0.0,Low,0.6017368288710194,High,Low-cost automated reactivation,Email,Single automated discount email (budget-capped),4,30
14340,Lost Customers,0.0,Low,0.7961816384737052,High,Low-cost automated reactivation,Email,Single automated discount email (budget-capped),4,30
14345,Lost Customers,0.0,Low,0.7909791195192918,High,Low-cost automated reactivation,Email,Single automated discount email (budget-capped),4,30
14347,Lost Customers,0.0,Low,0.8107322227731626,High,Low-cost automated reactivation,Email,Single automated discount email (budget-capped),4,30
14348,Lost Customers,0.0,Low,0.6146258089224045,High,Low-cost automated reactivation,Email,Single automated discount email (budget-capped),4,30
14349,Lost Customers,0.0,Low,0.7463038243203177,High,Low-cost automated reactivation,Email,Single automated discount email (budget-capped),4,30
14351,Lost Customers,0.0,Low,0.7201569342481733,High,Low-cost automated reactivation,Email,Single automated discount email (budget-capped),4,30
14357,Lost Customers,0.0,Low,0.7853998635581175,High,Low-cost automated reactivation,Email,Single automated discount email (budget-capped),4,30
14361,Lost Customers,0.0,Low,0.7835050305390933,High,Low-cost automated reactivation,Email,Single automated discount email (budget-capped),4,30
14362,Lost Customers,0.0,Low,0.7393593008622998,High,Low-cost automated reactivation,Email,Single automated discount email (budget-capped),4,30
14366,Lost Customers,0.0,Low,0.7744572441455367,High,Low-cost automated reactivation,Email,Single automated discount email (budget-capped),4,30
14368,Lost Customers,0.0,Low,0.7556984642467576,High,Low-cost automated reactivation,Email,Single automated discount email (budget-capped),4,30
14371,Lost Customers,0.0,Low,0.7738381083631918,High,Low-cost automated reactivation,Email,Single automated discount email (budget-capped),4,30
14373,Lost Customers,0.0,Low,0.7805096324704237,High,Low-cost automated reactivation,Email,Single automated discount email (budget-capped),4,30
14374,Lost Customers,0.0,Low,0.8036125577064372,High,Low-cost automated reactivation,Email,Single automated discount email (budget-capped),4,30
14376,Lost Customers,0.0,Low,0.7832458307327977,High,Low-cost automated reactivation,Email,Single automated discount email (budget-capped),4,30
14378,Lost Customers,0.0,Low,0.8046300896735364,High,Low-cost automated reactivation,Email,Single automated discount email (budget-capped),4,30
14380,Lost Customers,0.0,Low,0.798918575803703,High,Low-cost automated reactivation,Email,Single automated discount email (budget-capped),4,30
14384,Lost Customers,0.0,Low,0.7717959082809799,High,Low-cost automated reactivation,Email,Single automated discount email (budget-capped),4,30
14386,Lost Customers,0.0,Low,0.7819694713568196,High,Low-cost automated reactivation,Email,Single automated discount email (budget-capped),4,30
14391,Lost Customers,0.0,Low,0.7856452270579135,High,Low-cost automated reactivation,Email,Single automated discount email (budget-capped),4,30
14392,Lost Customers,0.0,Low,0.7719590365360773,High,Low-cost automated reactivation,Email,Single automated discount email (budget-capped),4,30
14393,Lost Customers,0.0,Low,0.7715711964080016,High,Low-cost automated reactivation,Email,Single automated discount email (budget-capped),4,30
14394,Lost Customers,0.0,Low,0.8105367464100165,High,Low-cost automated reactivation,Email,Single automated discount email (budget-capped),4,30
14402,Lost Customers,0.0,Low,0.7852726249921529,High,Low-cost automated reactivation,Email,Single automated discount email (budget-capped),4,30
14405,Lost Customers,0.0,Low,0.7691523509404558,High,Low-cost automated reactivation,Email,Single automated discount email (budget-capped),4,30
14406,Lost Customers,0.0,Low,0.7672625710620387,High,Low-cost automated reactivation,Email,Single automated discount email (budget-capped),4,30
14411,Lost Customers,0.0,Low,0.5991885293404625,High,Low-cost automated reactivation,Email,Single automated discount email (budget-capped),4,30
14435,Lost Customers,0.0,Low,0.7465039276827852,High,Low-cost automated reactivation,Email,Single automated discount email (budget-capped),4,30
14438,Lost Customers,0.0,Low,0.7792340699234278,High,Low-cost automated reactivation,Email,Single automated discount email (budget-capped),4,30
14444,Lost Customers,0.0,Low,0.7843226929740404,High,Low-cost automated reactivation,Email,Single automated discount email (budget-capped),4,30
14445,Lost Customers,0.0,Low,0.7779088886409924,High,Low-cost automated reactivation,Email,Single automated discount email (budget-capped),4,30
14453,Lost Customers,0.0,Low,0.7632455438693173,High,Low-cost automated reactivation,Email,Single automated discount email (budget-capped),4,30
14457,Lost Customers,0.0,Low,0.7575291281127674,High,Low-cost automated reactivation,Email,Single automated discount email (budget-capped),4,30
14458,Lost Customers,0.0,Low,0.7612589062861279,High,Low-cost automated reactivation,Email,Single automated discount email (budget-capped),4,30
14468,Lost Customers,0.0,Low,0.78457986248946,High,Low-cost automated reactivation,Email,Single automated discount email (budget-capped),4,30
14476,Lost Customers,0.0,Low,0.7820421681812894,High,Low-cost automated reactivation,Email,Single automated discount email (budget-capped),4,30
14485,Lost Customers,0.0,Low,0.760724098742421,High,Low-cost automated reactivation,Email,Single automated discount email (budget-capped),4,30
14488,Lost Customers,0.0,Low,0.5847809984187736,High,Low-cost automated reactivation,Email,Single automated discount email (budget-capped),4,30
14509,Lost Customers,0.0,Low,0.7154415075529739,High,Low-cost automated reactivation,Email,Single automated discount email (budget-capped),4,30
14516,Lost Customers,0.0,Low,0.7393593008622998,High,Low-cost automated reactivation,Email,Single automated discount email (budget-capped),4,30
14518,Lost Customers,0.0,Low,0.778013660301187,High,Low-cost automated reactivation,Email,Single automated discount email (budget-capped),4,30
14521,Lost Customers,0.0,Low,0.7797910619865992,High,Low-cost automated reactivation,Email,Single automated discount email (budget-capped),4,30
14523,Lost Customers,0.0,Low,0.7696960668931871,High,Low-cost automated reactivation,Email,Single automated discount email (budget-capped),4,30
14526,Lost Customers,0.0,Low,0.7536036270524322,High,Low-cost automated reactivation,Email,Single automated discount email (budget-capped),4,30
14528,Lost Customers,0.0,Low,0.7600480611247841,High,Low-cost automated reactivation,Email,Single automated discount email (budget-capped),4,30
14531,Lost Customers,0.0,Low,0.7944168641389061,High,Low-cost automated reactivation,Email,Single automated discount email (budget-capped),4,30
14536,Lost Customers,0.0,Low,0.7895087949507817,High,Low-cost automated reactivation,Email,Single automated discount email (budget-capped),4,30
14542,Lost Customers,0.0,Low,0.7848908087203464,High,Low-cost automated reactivation,Email,Single automated discount email (budget-capped),4,30
14545,Lost Customers,0.0,Low,0.7595163101821941,High,Low-cost automated reactivation,Email,Single automated discount email (budget-capped),4,30
14557,Lost Customers,0.0,Low,0.5350085413122121,High,Low-cost automated reactivation,Email,Single automated discount email (budget-capped),4,30
14559,Lost Customers,0.0,Low,0.7552388538360323,High,Low-cost automated reactivation,Email,Single automated discount email (budget-capped),4,30
14568,Lost Customers,0.0,Low,0.5530183021107088,High,Low-cost automated reactivation,Email,Single automated discount email (budget-capped),4,30
14571,Lost Customers,0.0,Low,0.7798938926678691,High,Low-cost automated reactivation,Email,Single automated discount email (budget-capped),4,30
14574,Lost Customers,0.0,Low,0.7809546460076825,High,Low-cost automated reactivation,Email,Single automated discount email (budget-capped),4,30
14576,Lost Customers,0.0,Low,0.7535781759351137,High,Low-cost automated reactivation,Email,Single automated discount email (budget-capped),4,30
14578,Lost Customers,0.0,Low,0.7867817840809181,High,Low-cost automated reactivation,Email,Single automated discount email (budget-capped),4,30
14579,Lost Customers,0.0,Low,0.738537798332427,High,Low-cost automated reactivation,Email,Single automated discount email (budget-capped),4,30
14580,Lost Customers,0.0,Low,0.7017940701064098,High,Low-cost automated reactivation,Email,Single automated discount email (budget-capped),4,30
14582,Lost Customers,0.0,Low,0.7738179921429866,High,Low-cost automated reactivation,Email,Single automated discount email (budget-capped),4,30
14586,Lost Customers,0.0,Low,0.7658984090355171,High,Low-cost automated reactivation,Email,Single automated discount email (budget-capped),4,30
14588,Lost Customers,0.0,Low,0.7962809391416651,High,Low-cost automated reactivation,Email,Single automated discount email (budget-capped),4,30
14589,Lost Customers,0.0,Low,0.7548729488891599,High,Low-cost automated reactivation,Email,Single automated discount email (budget-capped),4,30
14596,Lost Customers,0.0,Low,0.7510705084415944,High,Low-cost automated reactivation,Email,Single automated discount email (budget-capped),4,30
14601,Lost Customers,0.0,Low,0.7875989356709595,High,Low-cost automated reactivation,Email,Single automated discount email (budget-capped),4,30
14602,Lost Customers,0.0,Low,0.78497733842347,High,Low-cost automated reactivation,Email,Single automated discount email (budget-capped),4,30
14603,Lost Customers,0.0,Low,0.510208161302534,High,Low-cost automated reactivation,Email,Single automated discount email (budget-capped),4,30
14604,Lost Customers,0.0,Low,0.7890793553095121,High,Low-cost automated reactivation,Email,Single automated discount email (budget-capped),4,30
14612,Lost Customers,0.0,Low,0.5504293703238186,High,Low-cost automated reactivation,Email,Single automated discount email (budget-capped),4,30
14613,Lost Customers,0.0,Low,0.7650206619302357,High,Low-cost automated reactivation,Email,Single automated discount email (budget-capped),4,30
14614,Lost Customers,0.0,Low,0.767037643810499,High,Low-cost automated reactivation,Email,Single automated discount email (budget-capped),4,30
14622,Lost Customers,0.0,Low,0.7668804017777411,High,Low-cost automated reactivation,Email,Single automated discount email (budget-capped),4,30
14630,Lost Customers,0.0,Low,0.7713878588411256,High,Low-cost automated reactivation,Email,Single automated discount email (budget-capped),4,30
14632,Lost Customers,0.0,Low,0.77438493352812,High,Low-cost automated reactivation,Email,Single automated discount email (budget-capped),4,30
14633,Lost Customers,0.0,Low,0.7579726411715348,High,Low-cost automated reactivation,Email,Single automated discount email (budget-capped),4,30
14635,Lost Customers,0.0,Low,0.7770905858583916,High,Low-cost automated reactivation,Email,Single automated discount email (budget-capped),4,30
14637,Lost Customers,0.0,Low,0.8085000122870892,High,Low-cost automated reactivation,Email,Single automated discount email (budget-capped),4,30
14641,Lost Customers,0.0,Low,0.7648419326300511,High,Low-cost automated reactivation,Email,Single automated discount email (budget-capped),4,30
14642,Lost Customers,0.0,Low,0.7638051680985305,High,Low-cost automated reactivation,Email,Single automated discount email (budget-capped),4,30
14650,Lost Customers,0.0,Low,0.80451743624559,High,Low-cost automated reactivation,Email,Single automated discount email (budget-capped),4,30
14652,Lost Customers,0.0,Low,0.7322492411765883,High,Low-cost automated reactivation,Email,Single automated discount email (budget-capped),4,30
14654,Lost Customers,0.0,Low,0.7855078486291621,High,Low-cost automated reactivation,Email,Single automated discount email (budget-capped),4,30
14661,Lost Customers,0.0,Low,0.7844981596370454,High,Low-cost automated reactivation,Email,Single automated discount email (budget-capped),4,30
14666,Lost Customers,0.0,Low,0.7758177997230163,High,Low-cost automated reactivation,Email,Single automated discount email (budget-capped),4,30
14668,Lost Customers,0.0,Low,0.7708663657672968,High,Low-cost automated reactivation,Email,Single automated discount email (budget-capped),4,30
14674,Lost Customers,0.0,Low,0.7795096728009536,High,Low-cost automated reactivation,Email,Single automated discount email (budget-capped),4,30
14677,Lost Customers,0.0,Low,0.7861932548673716,High,Low-cost automated reactivation,Email,Single automated discount email (budget-capped),4,30
14678,Lost Customers,0.0,Low,0.7949060366550164,High,Low-cost automated reactivation,Email,Single automated discount email (budget-capped),4,30
14683,Lost Customers,0.0,Low,0.7823988772074177,High,Low-cost automated reactivation,Email,Single automated discount email (budget-capped),4,30
14689,Lost Customers,0.0,Low,0.7818491512305906,High,Low-cost automated reactivation,Email,Single automated discount email (budget-capped),4,30
14694,Lost Customers,0.0,Low,0.7757662561996651,High,Low-cost automated reactivation,Email,Single automated discount email (budget-capped),4,30
14697,General Customers,0.0,Low,0.6779439427336443,High,Low-cost automated reactivation,Email,Single automated discount email (budget-capped),4,30
14703,Lost Customers,0.0,Low,0.7643047579088673,High,Low-cost automated reactivation,Email,Single automated discount email (budget-capped),4,30
14705,Lost Customers,0.0,Low,0.7730455681168596,High,Low-cost automated reactivation,Email,Single automated discount email (budget-capped),4,30
14706,Lost Customers,0.0,Low,0.7917079371126194,High,Low-cost automated reactivation,Email,Single automated discount email (budget-capped),4,30
14717,Lost Customers,0.0,Low,0.8063898493782541,High,Low-cost automated reactivation,Email,Single automated discount email (budget-capped),4,30
14718,Lost Customers,0.0,Low,0.778785470702035,High,Low-cost automated reactivation,Email,Single automated discount email (budget-capped),4,30
14721,Lost Customers,0.0,Low,0.7240673050373133,High,Low-cost automated reactivation,Email,Single automated discount email (budget-capped),4,30
14724,Lost Customers,0.0,Low,0.777425830105125,High,Low-cost automated reactivation,Email,Single automated discount email (budget-capped),4,30
14726,Lost Customers,0.0,Low,0.7866744167669413,High,Low-cost automated reactivation,Email,Single automated discount email (budget-capped),4,30
14728,Lost Customers,0.0,Low,0.7807279480393691,High,Low-cost automated reactivation,Email,Single automated discount email (budget-capped),4,30
14742,Lost Customers,0.0,Low,0.5690389136879503,High,Low-cost automated reactivation,Email,Single automated discount email (budget-capped),4,30
14743,Lost Customers,0.0,Low,0.785637916261129,High,Low-cost automated reactivation,Email,Single automated discount email (budget-capped),4,30
14747,Lost Customers,0.0,Low,0.7760333786741043,High,Low-cost automated reactivation,Email,Single automated discount email (budget-capped),4,30
14749,Lost Customers,0.0,Low,0.7858098061732248,High,Low-cost automated reactivation,Email,Single automated discount email (budget-capped),4,30
14750,Lost Customers,0.0,Low,0.7521936550310119,High,Low-cost automated reactivation,Email,Single automated discount email (budget-capped),4,30
14752,Lost Customers,0.0,Low,0.7820683195920509,High,Low-cost automated reactivation,Email,Single automated discount email (budget-capped),4,30
14757,Lost Customers,0.0,Low,0.6142632045100664,High,Low-cost automated reactivation,Email,Single automated discount email (budget-capped),4,30
14760,Lost Customers,0.0,Low,0.7804078379999088,High,Low-cost automated reactivation,Email,Single automated discount email (budget-capped),4,30
14764,Lost Customers,0.0,Low,0.7730594335954157,High,Low-cost automated reactivation,Email,Single automated discount email (budget-capped),4,30
14767,Lost Customers,0.0,Low,0.797059625066426,High,Low-cost automated reactivation,Email,Single automated discount email (budget-capped),4,30
14772,Lost Customers,0.0,Low,0.7776083101079742,High,Low-cost automated reactivation,Email,Single automated discount email (budget-capped),4,30
14773,Lost Customers,0.0,Low,0.7800504618406727,High,Low-cost automated reactivation,Email,Single automated discount email (budget-capped),4,30
14774,Lost Customers,0.0,Low,0.7702919918634653,High,Low-cost automated reactivation,Email,Single automated discount email (budget-capped),4,30
14777,Lost Customers,0.0,Low,0.7797087970098239,High,Low-cost automated reactivation,Email,Single automated discount email (budget-capped),4,30
14782,Lost Customers,0.0,Low,0.7801576388078789,High,Low-cost automated reactivation,Email,Single automated discount email (budget-capped),4,30
14783,Lost Customers,0.0,Low,0.7841556404620627,High,Low-cost automated reactivation,Email,Single automated discount email (budget-capped),4,30
14786,Lost Customers,0.0,Low,0.8027102904190889,High,Low-cost automated reactivation,Email,Single automated discount email (budget-capped),4,30
14787,Lost Customers,0.0,Low,0.7712125516771896,High,Low-cost automated reactivation,Email,Single automated discount email (budget-capped),4,30
14789,Lost Customers,0.0,Low,0.7830153989418279,High,Low-cost automated reactivation,Email,Single automated discount email (budget-capped),4,30
14791,Lost Customers,0.0,Low,0.7678482498816772,High,Low-cost automated reactivation,Email,Single automated discount email (budget-capped),4,30
14795,Lost Customers,0.0,Low,0.7994680331960268,High,Low-cost automated reactivation,Email,Single automated discount email (budget-capped),4,30
14797,Lost Customers,0.0,Low,0.7613998335298826,High,Low-cost automated reactivation,Email,Single automated discount email (budget-capped),4,30
14801,Lost Customers,0.0,Low,0.7014371169012956,High,Low-cost automated reactivation,Email,Single automated discount email (budget-capped),4,30
14804,Lost Customers,0.0,Low,0.7574971661276029,High,Low-cost automated reactivation,Email,Single automated discount email (budget-capped),4,30
14811,Lost Customers,0.0,Low,0.7823716160674881,High,Low-cost automated reactivation,Email,Single automated discount email (budget-capped),4,30
14812,Lost Customers,0.0,Low,0.7862536090886999,High,Low-cost automated reactivation,Email,Single automated discount email (budget-capped),4,30
14814,Lost Customers,0.0,Low,0.7534902596925138,High,Low-cost automated reactivation,Email,Single automated discount email (budget-capped),4,30
14816,Lost Customers,0.0,Low,0.7651476465270142,High,Low-cost automated reactivation,Email,Single automated discount email (budget-capped),4,30
14822,Lost Customers,0.0,Low,0.7767995742675718,High,Low-cost automated reactivation,Email,Single automated discount email (budget-capped),4,30
14830,Lost Customers,0.0,Low,0.7861468801209412,High,Low-cost automated reactivation,Email,Single automated discount email (budget-capped),4,30
14832,Lost Customers,0.0,Low,0.7668447440801646,High,Low-cost automated reactivation,Email,Single automated discount email (budget-capped),4,30
14833,Lost Customers,0.0,Low,0.8043539538438252,High,Low-cost automated reactivation,Email,Single automated discount email (budget-capped),4,30
14843,Lost Customers,0.0,Low,0.7757050361503219,High,Low-cost automated reactivation,Email,Single automated discount email (budget-capped),4,30
14845,Lost Customers,0.0,Low,0.7779557352225147,High,Low-cost automated reactivation,Email,Single automated discount email (budget-capped),4,30
14846,Lost Customers,0.0,Low,0.6277973340134628,High,Low-cost automated reactivation,Email,Single automated discount email (budget-capped),4,30
14848,Lost Customers,0.0,Low,0.7880100758291172,High,Low-cost automated reactivation,Email,Single automated discount email (budget-capped),4,30
14858,Lost Customers,0.0,Low,0.7835686068062089,High,Low-cost automated reactivation,Email,Single automated discount email (budget-capped),4,30
14860,Lost Customers,0.0,Low,0.7842820889974723,High,Low-cost automated reactivation,Email,Single automated discount email (budget-capped),4,30
14863,Lost Customers,0.0,Low,0.7712219462216119,High,Low-cost automated reactivation,Email,Single automated discount email (budget-capped),4,30
14874,Lost Customers,0.0,Low,0.7792570867967235,High,Low-cost automated reactivation,Email,Single automated discount email (budget-capped),4,30
14879,Lost Customers,0.0,Low,0.7861974571675809,High,Low-cost automated reactivation,Email,Single automated discount email (budget-capped),4,30
14881,Lost Customers,0.0,Low,0.7793485022218134,High,Low-cost automated reactivation,Email,Single automated discount email (budget-capped),4,30
14884,Lost Customers,0.0,Low,0.7892604328839168,High,Low-cost automated reactivation,Email,Single automated discount email (budget-capped),4,30
14886,Lost Customers,0.0,Low,0.7759349083316599,High,Low-cost automated reactivation,Email,Single automated discount email (budget-capped),4,30
14888,Lost Customers,0.0,Low,0.7737968210828619,High,Low-cost automated reactivation,Email,Single automated discount email (budget-capped),4,30
14889,Lost Customers,0.0,Low,0.7768034566428399,High,Low-cost automated reactivation,Email,Single automated discount email (budget-capped),4,30
14892,Lost Customers,0.0,Low,0.7834374039301679,High,Low-cost automated reactivation,Email,Single automated discount email (budget-capped),4,30
14900,Lost Customers,0.0,Low,0.6642539830139844,High,Low-cost automated reactivation,Email,Single automated discount email (budget-capped),4,30
14906,Lost Customers,0.0,Low,0.7577968027236505,High,Low-cost automated reactivation,Email,Single automated discount email (budget-capped),4,30
14919,Lost Customers,0.0,Low,0.7768463674998233,High,Low-cost automated reactivation,Email,Single automated discount email (budget-capped),4,30
14927,Lost Customers,0.0,Low,0.7690054787226724,High,Low-cost automated reactivation,Email,Single automated discount email (budget-capped),4,30
14928,Lost Customers,0.0,Low,0.7823061797335564,High,Low-cost automated reactivation,Email,Single automated discount email (budget-capped),4,30
14941,Lost Customers,0.0,Low,0.7895273567231132,High,Low-cost automated reactivation,Email,Single automated discount email (budget-capped),4,30
14943,Lost Customers,0.0,Low,0.7953574014018052,High,Low-cost automated reactivation,Email,Single automated discount email (budget-capped),4,30
14945,Lost Customers,0.0,Low,0.7797774920240024,High,Low-cost automated reactivation,Email,Single automated discount email (budget-capped),4,30
14946,Lost Customers,0.0,Low,0.7475595521772721,High,Low-cost automated reactivation,Email,Single automated discount email (budget-capped),4,30
14950,Lost Customers,0.0,Low,0.7779022032799245,High,Low-cost automated reactivation,Email,Single automated discount email (budget-capped),4,30
14951,Lost Customers,0.0,Low,0.7716843955741121,High,Low-cost automated reactivation,Email,Single automated discount email (budget-capped),4,30
14955,Lost Customers,0.0,Low,0.7841284500506572,High,Low-cost automated reactivation,Email,Single automated discount email (budget-capped),4,30
14964,Lost Customers,0.0,Low,0.7836018422162787,High,Low-cost automated reactivation,Email,Single automated discount email (budget-capped),4,30
14969,Lost Customers,0.0,Low,0.6380129739094933,High,Low-cost automated reactivation,Email,Single automated discount email (budget-capped),4,30
14974,Lost Customers,0.0,Low,0.7803857183759116,High,Low-cost automated reactivation,Email,Single automated discount email (budget-capped),4,30
14977,Lost Customers,0.0,Low,0.826113606105336,High,Low-cost automated reactivation,Email,Single automated discount email (budget-capped),4,30
14979,Lost Customers,0.0,Low,0.7702599775510469,High,Low-cost automated reactivation,Email,Single automated discount email (budget-capped),4,30
14980,Lost Customers,0.0,Low,0.7688227896143975,High,Low-cost automated reactivation,Email,Single automated discount email (budget-capped),4,30
14982,Lost Customers,0.0,Low,0.7754853891100194,High,Low-cost automated reactivation,Email,Single automated discount email (budget-capped),4,30
14983,Lost Customers,0.0,Low,0.7897887906315652,High,Low-cost automated reactivation,Email,Single automated discount email (budget-capped),4,30
14989,Lost Customers,0.0,Low,0.780955294935918,High,Low-cost automated reactivation,Email,Single automated discount email (budget-capped),4,30
14991,Lost Customers,0.0,Low,0.7668804017777411,High,Low-cost automated reactivation,Email,Single automated discount email (budget-capped),4,30
14992,Lost Customers,0.0,Low,0.7764042609467483,High,Low-cost automated reactivation,Email,Single automated discount email (budget-capped),4,30
14996,General Customers,0.0,Low,0.5658244083043016,High,Low-cost automated reactivation,Email,Single automated discount email (budget-capped),4,30
14999,Lost Customers,0.0,Low,0.8046564943223481,High,Low-cost automated reactivation,Email,Single automated discount email (budget-capped),4,30
15001,General Customers,0.0,Low,0.6604989872208973,High,Low-cost automated reactivation,Email,Single automated discount email (budget-capped),4,30
15007,Lost Customers,0.0,Low,0.7690648081712894,High,Low-cost automated reactivation,Email,Single automated discount email (budget-capped),4,30
15010,Lost Customers,0.0,Low,0.7690054787226724,High,Low-cost automated reactivation,Email,Single automated discount email (budget-capped),4,30
15017,Lost Customers,0.0,Low,0.797315264959624,High,Low-cost automated reactivation,Email,Single automated discount email (budget-capped),4,30
15020,Lost Customers,0.0,Low,0.7733930864075952,High,Low-cost automated reactivation,Email,Single automated discount email (budget-capped),4,30
15029,Lost Customers,0.0,Low,0.7911666237239026,High,Low-cost automated reactivation,Email,Single automated discount email (budget-capped),4,30
15035,Lost Customers,0.0,Low,0.7673293949202223,High,Low-cost automated reactivation,Email,Single automated discount email (budget-capped),4,30
15037,General Customers,0.0,Low,0.5806925369503361,High,Low-cost automated reactivation,Email,Single automated discount email (budget-capped),4,30
15047,Lost Customers,0.0,Low,0.7623382435930286,High,Low-cost automated reactivation,Email,Single automated discount email (budget-capped),4,30
15049,Lost Customers,0.0,Low,0.7501088795632643,High,Low-cost automated reactivation,Email,Single automated discount email (budget-capped),4,30
15052,Lost Customers,0.0,Low,0.7831105255678079,High,Low-cost automated reactivation,Email,Single automated discount email (budget-capped),4,30
15056,Lost Customers,0.0,Low,0.7738179921429866,High,Low-cost automated reactivation,Email,Single automated discount email (budget-capped),4,30
15063,Lost Customers,0.0,Low,0.7833608010471479,High,Low-cost automated reactivation,Email,Single automated discount email (budget-capped),4,30
15072,Lost Customers,0.0,Low,0.7858304182996304,High,Low-cost automated reactivation,Email,Single automated discount email (budget-capped),4,30
15082,Lost Customers,0.0,Low,0.8114221237103006,High,Low-cost automated reactivation,Email,Single automated discount email (budget-capped),4,30
15083,Lost Customers,0.0,Low,0.7917274482773755,High,Low-cost automated reactivation,Email,Single automated discount email (budget-capped),4,30
15085,Lost Customers,0.0,Low,0.7771206620314725,High,Low-cost automated reactivation,Email,Single automated discount email (budget-capped),4,30
15087,Lost Customers,0.0,Low,0.7745228337472461,High,Low-cost automated reactivation,Email,Single automated discount email (budget-capped),4,30
15090,Lost Customers,0.0,Low,0.7955813144809641,High,Low-cost automated reactivation,Email,Single automated discount email (budget-capped),4,30
15096,Lost Customers,0.0,Low,0.7798444835757052,High,Low-cost automated reactivation,Email,Single automated discount email (budget-capped),4,30
15099,Lost Customers,0.0,Low,0.6191388068997997,High,Low-cost automated reactivation,Email,Single automated discount email (budget-capped),4,30
15112,Lost Customers,0.0,Low,0.7878193480068034,High,Low-cost automated reactivation,Email,Single automated discount email (budget-capped),4,30
15118,Lost Customers,0.0,Low,0.7737518595544401,High,Low-cost automated reactivation,Email,Single automated discount email (budget-capped),4,30
15119,Lost Customers,0.0,Low,0.7719590365360773,High,Low-cost automated reactivation,Email,Single automated discount email (budget-capped),4,30
15120,Lost Customers,0.0,Low,0.7422712291553654,High,Low-cost automated reactivation,Email,Single automated discount email (budget-capped),4,30
15130,Lost Customers,0.0,Low,0.7537707482195612,High,Low-cost automated reactivation,Email,Single automated discount email (budget-capped),4,30
15131,Lost Customers,0.0,Low,0.8057915848373617,High,Low-cost automated reactivation,Email,Single automated discount email (budget-capped),4,30
15148,Lost Customers,0.0,Low,0.76833513879134,High,Low-cost automated reactivation,Email,Single automated discount email (budget-capped),4,30
15153,Lost Customers,0.0,Low,0.7617401634587134,High,Low-cost automated reactivation,Email,Single automated discount email (budget-capped),4,30
15155,Lost Customers,0.0,Low,0.7864956391285183,High,Low-cost automated reactivation,Email,Single automated discount email (budget-capped),4,30
15161,Lost Customers,0.0,Low,0.7400087190819119,High,Low-cost automated reactivation,Email,Single automated discount email (budget-capped),4,30
15162,Lost Customers,0.0,Low,0.7842243902897881,High,Low-cost automated reactivation,Email,Single automated discount email (budget-capped),4,30
15165,Lost Customers,0.0,Low,0.5044732056169499,High,Low-cost automated reactivation,Email,Single automated discount email (budget-capped),4,30
15166,Lost Customers,0.0,Low,0.7831366838146896,High,Low-cost automated reactivation,Email,Single automated discount email (budget-capped),4,30
15168,Lost Customers,0.0,Low,0.7945530881807896,High,Low-cost automated reactivation,Email,Single automated discount email (budget-capped),4,30
15170,Lost Customers,0.0,Low,0.7814580515934101,High,Low-cost automated reactivation,Email,Single automated discount email (budget-capped),4,30
15175,Lost Customers,0.0,Low,0.786969777680292,High,Low-cost automated reactivation,Email,Single automated discount email (budget-capped),4,30
15176,Lost Customers,0.0,Low,0.6295599982522113,High,Low-cost automated reactivation,Email,Single automated discount email (budget-capped),4,30
15178,Lost Customers,0.0,Low,0.7152846889873488,High,Low-cost automated reactivation,Email,Single automated discount email (budget-capped),4,30
15185,Lost Customers,0.0,Low,0.7747682097380729,High,Low-cost automated reactivation,Email,Single automated discount email (budget-capped),4,30
15188,Lost Customers,0.0,Low,0.7821477498424881,High,Low-cost automated reactivation,Email,Single automated discount email (budget-capped),4,30
15204,Lost Customers,0.0,Low,0.7784797299243331,High,Low-cost automated reactivation,Email,Single automated discount email (budget-capped),4,30
15209,Lost Customers,0.0,Low,0.7844794204987936,High,Low-cost automated reactivation,Email,Single automated discount email (budget-capped),4,30
15217,Lost Customers,0.0,Low,0.7895991639597177,High,Low-cost automated reactivation,Email,Single automated discount email (budget-capped),4,30
15225,Lost Customers,0.0,Low,0.6191388068997997,High,Low-cost automated reactivation,Email,Single automated discount email (budget-capped),4,30
15226,Lost Customers,0.0,Low,0.7556984642467576,High,Low-cost automated reactivation,Email,Single automated discount email (budget-capped),4,30
15229,Lost Customers,0.0,Low,0.784934460063383,High,Low-cost automated reactivation,Email,Single automated discount email (budget-capped),4,30
15231,Lost Customers,0.0,Low,0.7766427784769369,High,Low-cost automated reactivation,Email,Single automated discount email (budget-capped),4,30
15233,Lost Customers,0.0,Low,0.7841304379149434,High,Low-cost automated reactivation,Email,Single automated discount email (budget-capped),4,30
15234,Lost Customers,0.0,Low,0.7758177997230163,High,Low-cost automated reactivation,Email,Single automated discount email (budget-capped),4,30
15236,Lost Customers,0.0,Low,0.7742262026628395,High,Low-cost automated reactivation,Email,Single automated discount email (budget-capped),4,30
15242,Lost Customers,0.0,Low,0.7590864483218117,High,Low-cost automated reactivation,Email,Single automated discount email (budget-capped),4,30
15250,Lost Customers,0.0,Low,0.7855107637244281,High,Low-cost automated reactivation,Email,Single automated discount email (budget-capped),4,30
15263,Lost Customers,0.0,Low,0.7543947651664942,High,Low-cost automated reactivation,Email,Single automated discount email (budget-capped),4,30
15273,Lost Customers,0.0,Low,0.7747689971049443,High,Low-cost automated reactivation,Email,Single automated discount email (budget-capped),4,30
15282,Lost Customers,0.0,Low,0.7738793696156145,High,Low-cost automated reactivation,Email,Single automated discount email (budget-capped),4,30
15284,Lost Customers,0.0,Low,0.7394980165030619,High,Low-cost automated reactivation,Email,Single automated discount email (budget-capped),4,30
15285,Lost Customers,0.0,Low,0.8044211760167486,High,Low-cost automated reactivation,Email,Single automated discount email (budget-capped),4,30
15286,Lost Customers,0.0,Low,0.7512893268373773,High,Low-cost automated reactivation,Email,Single automated discount email (budget-capped),4,30
15292,Lost Customers,0.0,Low,0.7844553635503972,High,Low-cost automated reactivation,Email,Single automated discount email (budget-capped),4,30
15293,Lost Customers,0.0,Low,0.7816368032989973,High,Low-cost automated reactivation,Email,Single automated discount email (budget-capped),4,30
15294,Lost Customers,0.0,Low,0.7719333761608285,High,Low-cost automated reactivation,Email,Single automated discount email (budget-capped),4,30
15295,Lost Customers,0.0,Low,0.7384177720212028,High,Low-cost automated reactivation,Email,Single automated discount email (budget-capped),4,30
15302,Lost Customers,0.0,Low,0.780534672683675,High,Low-cost automated reactivation,Email,Single automated discount email (budget-capped),4,30
15305,Lost Customers,0.0,Low,0.7946572951432661,High,Low-cost automated reactivation,Email,Single automated discount email (budget-capped),4,30
15307,Lost Customers,0.0,Low,0.7820038368493677,High,Low-cost automated reactivation,Email,Single automated discount email (budget-capped),4,30
15308,Lost Customers,0.0,Low,0.7768155284597399,High,Low-cost automated reactivation,Email,Single automated discount email (budget-capped),4,30
15310,Lost Customers,0.0,Low,0.5166159504877598,High,Low-cost automated reactivation,Email,Single automated discount email (budget-capped),4,30
15313,Lost Customers,0.0,Low,0.7201569342481733,High,Low-cost automated reactivation,Email,Single automated discount email (budget-capped),4,30
15316,Lost Customers,0.0,Low,0.7849475505799927,High,Low-cost automated reactivation,Email,Single automated discount email (budget-capped),4,30
15317,Lost Customers,0.0,Low,0.8054598865842661,High,Low-cost automated reactivation,Email,Single automated discount email (budget-capped),4,30
15318,Lost Customers,0.0,Low,0.7641101218618669,High,Low-cost automated reactivation,Email,Single automated discount email (budget-capped),4,30
15319,Lost Customers,0.0,Low,0.78347612023727,High,Low-cost automated reactivation,Email,Single automated discount email (budget-capped),4,30
15320,Lost Customers,0.0,Low,0.7626477021572963,High,Low-cost automated reactivation,Email,Single automated discount email (budget-capped),4,30
15324,Lost Customers,0.0,Low,0.7824853946279571,High,Low-cost automated reactivation,Email,Single automated discount email (budget-capped),4,30
15327,Lost Customers,0.0,Low,0.77843620910701,High,Low-cost automated reactivation,Email,Single automated discount email (budget-capped),4,30
15328,Lost Customers,0.0,Low,0.8029743459860426,High,Low-cost automated reactivation,Email,Single automated discount email (budget-capped),4,30
15333,Lost Customers,0.0,Low,0.6203411336749769,High,Low-cost automated reactivation,Email,Single automated discount email (budget-capped),4,30
15335,Lost Customers,0.0,Low,0.7838535327394885,High,Low-cost automated reactivation,Email,Single automated discount email (budget-capped),4,30
15336,Lost Customers,0.0,Low,0.7622358242405299,High,Low-cost automated reactivation,Email,Single automated discount email (budget-capped),4,30
15337,Lost Customers,0.0,Low,0.7854192184817119,High,Low-cost automated reactivation,Email,Single automated discount email (budget-capped),4,30
15338,Lost Customers,0.0,Low,0.7208899409293119,High,Low-cost automated reactivation,Email,Single automated discount email (budget-capped),4,30
15340,Lost Customers,0.0,Low,0.8098544044662629,High,Low-cost automated reactivation,Email,Single automated discount email (budget-capped),4,30
15342,Lost Customers,0.0,Low,0.6671569978581066,High,Low-cost automated reactivation,Email,Single automated discount email (budget-capped),4,30
15343,Lost Customers,0.0,Low,0.7476348552181245,High,Low-cost automated reactivation,Email,Single automated discount email (budget-capped),4,30
15345,Lost Customers,0.0,Low,0.7831365026851188,High,Low-cost automated reactivation,Email,Single automated discount email (budget-capped),4,30
15348,Lost Customers,0.0,Low,0.7815759980116742,High,Low-cost automated reactivation,Email,Single automated discount email (budget-capped),4,30
15352,Lost Customers,0.0,Low,0.7469937902206437,High,Low-cost automated reactivation,Email,Single automated discount email (budget-capped),4,30
15360,Lost Customers,0.0,Low,0.7199623036828531,High,Low-cost automated reactivation,Email,Single automated discount email (budget-capped),4,30
15371,Lost Customers,0.0,Low,0.7841304379149434,High,Low-cost automated reactivation,Email,Single automated discount email (budget-capped),4,30
15375,Lost Customers,0.0,Low,0.8075927921238815,High,Low-cost automated reactivation,Email,Single automated discount email (budget-capped),4,30
15386,Lost Customers,0.0,Low,0.787284732147098,High,Low-cost automated reactivation,Email,Single automated discount email (budget-capped),4,30
15388,Lost Customers,0.0,Low,0.7775628754308621,High,Low-cost automated reactivation,Email,Single automated discount email (budget-capped),4,30
15391,Lost Customers,0.0,Low,0.7849119410824883,High,Low-cost automated reactivation,Email,Single automated discount email (budget-capped),4,30
15395,Lost Customers,0.0,Low,0.8050824982975499,High,Low-cost automated reactivation,Email,Single automated discount email (budget-capped),4,30
15397,Lost Customers,0.0,Low,0.8047055021264913,High,Low-cost automated reactivation,Email,Single automated discount email (budget-capped),4,30
15404,Lost Customers,0.0,Low,0.7685024666170425,High,Low-cost automated reactivation,Email,Single automated discount email (budget-capped),4,30
15408,Lost Customers,0.0,Low,0.7641244291466943,High,Low-cost automated reactivation,Email,Single automated discount email (budget-capped),4,30
15409,Lost Customers,0.0,Low,0.8046300896735364,High,Low-cost automated reactivation,Email,Single automated discount email (budget-capped),4,30
15412,Lost Customers,0.0,Low,0.7766079664953994,High,Low-cost automated reactivation,Email,Single automated discount email (budget-capped),4,30
15415,Lost Customers,0.0,Low,0.5169354765455167,High,Low-cost automated reactivation,Email,Single automated discount email (budget-capped),4,30
15419,Lost Customers,0.0,Low,0.7815272436442398,High,Low-cost automated reactivation,Email,Single automated discount email (budget-capped),4,30
15431,Lost Customers,0.0,Low,0.7393860444824427,High,Low-cost automated reactivation,Email,Single automated discount email (budget-capped),4,30
15435,Lost Customers,0.0,Low,0.7532939964337,High,Low-cost automated reactivation,Email,Single automated discount email (budget-capped),4,30
15438,Lost Customers,0.0,Low,0.7639564699050851,High,Low-cost automated reactivation,Email,Single automated discount email (budget-capped),4,30
15442,Lost Customers,0.0,Low,0.6097626414853463,High,Low-cost automated reactivation,Email,Single automated discount email (budget-capped),4,30
15450,Lost Customers,0.0,Low,0.7773060057949412,High,Low-cost automated reactivation,Email,Single automated discount email (budget-capped),4,30
15455,Lost Customers,0.0,Low,0.7960156417514358,High,Low-cost automated reactivation,Email,Single automated discount email (budget-capped),4,30
15457,Lost Customers,0.0,Low,0.7109071828526872,High,Low-cost automated reactivation,Email,Single automated discount email (budget-capped),4,30
15460,Lost Customers,0.0,Low,0.6846504169478034,High,Low-cost automated reactivation,Email,Single automated discount email (budget-capped),4,30
15463,Lost Customers,0.0,Low,0.7831479011605061,High,Low-cost automated reactivation,Email,Single automated discount email (budget-capped),4,30
15470,Lost Customers,0.0,Low,0.8059335776110959,High,Low-cost automated reactivation,Email,Single automated discount email (budget-capped),4,30
15474,Lost Customers,0.0,Low,0.7790349347731871,High,Low-cost automated reactivation,Email,Single automated discount email (budget-capped),4,30
15475,Lost Customers,0.0,Low,0.5479466795746496,High,Low-cost automated reactivation,Email,Single automated discount email (budget-capped),4,30
15477,Lost Customers,0.0,Low,0.7635041707825099,High,Low-cost automated reactivation,Email,Single automated discount email (budget-capped),4,30
15479,Lost Customers,0.0,Low,0.7757719298120225,High,Low-cost automated reactivation,Email,Single automated discount email (budget-capped),4,30
15481,Lost Customers,0.0,Low,0.5386658914048804,High,Low-cost automated reactivation,Email,Single automated discount email (budget-capped),4,30
15486,Lost Customers,0.0,Low,0.7582561075890243,High,Low-cost automated reactivation,Email,Single automated discount email (budget-capped),4,30
15487,Lost Customers,0.0,Low,0.7870371316412246,High,Low-cost automated reactivation,Email,Single automated discount email (budget-capped),4,30
15490,Lost Customers,0.0,Low,0.7782510186259157,High,Low-cost automated reactivation,Email,Single automated discount email (budget-capped),4,30
15495,Lost Customers,0.0,Low,0.7806818291370405,High,Low-cost automated reactivation,Email,Single automated discount email (budget-capped),4,30
15496,Lost Customers,0.0,Low,0.7788194107895522,High,Low-cost automated reactivation,Email,Single automated discount email (budget-capped),4,30
15499,Lost Customers,0.0,Low,0.7902970998832597,High,Low-cost automated reactivation,Email,Single automated discount email (budget-capped),4,30
15509,Lost Customers,0.0,Low,0.7444600218566797,High,Low-cost automated reactivation,Email,Single automated discount email (budget-capped),4,30
15510,Lost Customers,0.0,Low,0.7723982036027192,High,Low-cost automated reactivation,Email,Single automated discount email (budget-capped),4,30
15515,Lost Customers,0.0,Low,0.7836349922986203,High,Low-cost automated reactivation,Email,Single automated discount email (budget-capped),4,30
15517,Lost Customers,0.0,Low,0.7746983694293561,High,Low-cost automated reactivation,Email,Single automated discount email (budget-capped),4,30
15528,Lost Customers,0.0,Low,0.7803500260967877,High,Low-cost automated reactivation,Email,Single automated discount email (budget-capped),4,30
15534,Lost Customers,0.0,Low,0.7874182569957802,High,Low-cost automated reactivation,Email,Single automated discount email (budget-capped),4,30
15536,Lost Customers,0.0,Low,0.7658203917183055,High,Low-cost automated reactivation,Email,Single automated discount email (budget-capped),4,30
15537,Lost Customers,0.0,Low,0.710847620314473,High,Low-cost automated reactivation,Email,Single automated discount email (budget-capped),4,30
15541,Lost Customers,0.0,Low,0.6739524129060412,High,Low-cost automated reactivation,Email,Single automated discount email (budget-capped),4,30
15548,Lost Customers,0.0,Low,0.7838771382087457,High,Low-cost automated reactivation,Email,Single automated discount email (budget-capped),4,30
15553,Lost Customers,0.0,Low,0.6296166010927312,High,Low-cost automated reactivation,Email,Single automated discount email (budget-capped),4,30
15554,Lost Customers,0.0,Low,0.7825571006191732,High,Low-cost automated reactivation,Email,Single automated discount email (budget-capped),4,30
15556,Lost Customers,0.0,Low,0.7675046354840932,High,Low-cost automated reactivation,Email,Single automated discount email (budget-capped),4,30
15558,Lost Customers,0.0,Low,0.7910802087590186,High,Low-cost automated reactivation,Email,Single automated discount email (budget-capped),4,30
15559,Lost Customers,0.0,Low,0.6585176918015603,High,Low-cost automated reactivation,Email,Single automated discount email (budget-capped),4,30
15560,General Customers,0.0,Low,0.7204732488171418,High,Low-cost automated reactivation,Email,Single automated discount email (budget-capped),4,30
15567,Lost Customers,0.0,Low,0.788881378952672,High,Low-cost automated reactivation,Email,Single automated discount email (budget-capped),4,30
15575,Lost Customers,0.0,Low,0.8516811621994677,High,Low-cost automated reactivation,Email,Single automated discount email (budget-capped),4,30
15576,Lost Customers,0.0,Low,0.5112466400388584,High,Low-cost automated reactivation,Email,Single automated discount email (budget-capped),4,30
15578,Lost Customers,0.0,Low,0.7915057711220372,High,Low-cost automated reactivation,Email,Single automated discount email (budget-capped),4,30
15583,Lost Customers,0.0,Low,0.690678626702442,High,Low-cost automated reactivation,Email,Single automated discount email (budget-capped),4,30
15592,Lost Customers,0.0,Low,0.7885465250213631,High,Low-cost automated reactivation,Email,Single automated discount email (budget-capped),4,30
15593,Lost Customers,0.0,Low,0.778672137274244,High,Low-cost automated reactivation,Email,Single automated discount email (budget-capped),4,30
15595,Lost Customers,0.0,Low,0.7428987320848724,High,Low-cost automated reactivation,Email,Single automated discount email (budget-capped),4,30
15604,Lost Customers,0.0,Low,0.7822979008128776,High,Low-cost automated reactivation,Email,Single automated discount email (budget-capped),4,30
15609,Lost Customers,0.0,Low,0.7613998335298826,High,Low-cost automated reactivation,Email,Single automated discount email (budget-capped),4,30
15610,Lost Customers,0.0,Low,0.773988583900823,High,Low-cost automated reactivation,Email,Single automated discount email (budget-capped),4,30
15613,Lost Customers,0.0,Low,0.8321734906949994,High,Low-cost automated reactivation,Email,Single automated discount email (budget-capped),4,30
15616,Lost Customers,0.0,Low,0.77457668991481,High,Low-cost automated reactivation,Email,Single automated discount email (budget-capped),4,30
15631,Lost Customers,0.0,Low,0.5802575821940003,High,Low-cost automated reactivation,Email,Single automated discount email (budget-capped),4,30
15635,Lost Customers,0.0,Low,0.7539962952588869,High,Low-cost automated reactivation,Email,Single automated discount email (budget-capped),4,30
15642,Lost Customers,0.0,Low,0.8099216266391861,High,Low-cost automated reactivation,Email,Single automated discount email (budget-capped),4,30
15647,Lost Customers,0.0,Low,0.7829574428326886,High,Low-cost automated reactivation,Email,Single automated discount email (budget-capped),4,30
15655,Lost Customers,0.0,Low,0.5141303577137872,High,Low-cost automated reactivation,Email,Single automated discount email (budget-capped),4,30
15663,Lost Customers,0.0,Low,0.7776083101079742,High,Low-cost automated reactivation,Email,Single automated discount email (budget-capped),4,30
15667,Lost Customers,0.0,Low,0.7657566914748017,High,Low-cost automated reactivation,Email,Single automated discount email (budget-capped),4,30
15668,Lost Customers,0.0,Low,0.7650206619302357,High,Low-cost automated reactivation,Email,Single automated discount email (budget-capped),4,30
15672,Lost Customers,0.0,Low,0.8136522484099209,High,Low-cost automated reactivation,Email,Single automated discount email (budget-capped),4,30
15685,Lost Customers,0.0,Low,0.75250938851608,High,Low-cost automated reactivation,Email,Single automated discount email (budget-capped),4,30
15686,Lost Customers,0.0,Low,0.7560590265843903,High,Low-cost automated reactivation,Email,Single automated discount email (budget-capped),4,30
15688,Lost Customers,0.0,Low,0.7752320029359868,High,Low-cost automated reactivation,Email,Single automated discount email (budget-capped),4,30
15692,Lost Customers,0.0,Low,0.7805758901186777,High,Low-cost automated reactivation,Email,Single automated discount email (budget-capped),4,30
15693,Lost Customers,0.0,Low,0.7755594505897655,High,Low-cost automated reactivation,Email,Single automated discount email (budget-capped),4,30
15697,Lost Customers,0.0,Low,0.7827554492589233,High,Low-cost automated reactivation,Email,Single automated discount email (budget-capped),4,30
15698,Lost Customers,0.0,Low,0.8127596248980034,High,Low-cost automated reactivation,Email,Single automated discount email (budget-capped),4,30
15699,Lost Customers,0.0,Low,0.7796734525297008,High,Low-cost automated reactivation,Email,Single automated discount email (budget-capped),4,30
15703,Lost Customers,0.0,Low,0.7809541101680108,High,Low-cost automated reactivation,Email,Single automated discount email (budget-capped),4,30
15705,Lost Customers,0.0,Low,0.7813780885523309,High,Low-cost automated reactivation,Email,Single automated discount email (budget-capped),4,30
15718,Lost Customers,0.0,Low,0.7904729331146263,High,Low-cost automated reactivation,Email,Single automated discount email (budget-capped),4,30
15725,Lost Customers,0.0,Low,0.6305771923332044,High,Low-cost automated reactivation,Email,Single automated discount email (budget-capped),4,30
15726,Lost Customers,0.0,Low,0.7718859266583363,High,Low-cost automated reactivation,Email,Single automated discount email (budget-capped),4,30
15731,Lost Customers,0.0,Low,0.7954548254634035,High,Low-cost automated reactivation,Email,Single automated discount email (budget-capped),4,30
15733,Lost Customers,0.0,Low,0.7820883997422614,High,Low-cost automated reactivation,Email,Single automated discount email (budget-capped),4,30
15735,Lost Customers,0.0,Low,0.7630636561651564,High,Low-cost automated reactivation,Email,Single automated discount email (budget-capped),4,30
15739,Lost Customers,0.0,Low,0.5330665791496275,High,Low-cost automated reactivation,Email,Single automated discount email (budget-capped),4,30
15740,Lost Customers,0.0,Low,0.7534172961529242,High,Low-cost automated reactivation,Email,Single automated discount email (budget-capped),4,30
15742,Lost Customers,0.0,Low,0.788864182467176,High,Low-cost automated reactivation,Email,Single automated discount email (budget-capped),4,30
15746,Lost Customers,0.0,Low,0.7698027796542379,High,Low-cost automated reactivation,Email,Single automated discount email (budget-capped),4,30
15753,Lost Customers,0.0,Low,0.768115943446409,High,Low-cost automated reactivation,Email,Single automated discount email (budget-capped),4,30
15758,Lost Customers,0.0,Low,0.7812719597079514,High,Low-cost automated reactivation,Email,Single automated discount email (budget-capped),4,30
15761,Lost Customers,0.0,Low,0.778551082912648,High,Low-cost automated reactivation,Email,Single automated discount email (budget-capped),4,30
15765,Lost Customers,0.0,Low,0.7880437033951196,High,Low-cost automated reactivation,Email,Single automated discount email (budget-capped),4,30
15770,Lost Customers,0.0,Low,0.7883039160993465,High,Low-cost automated reactivation,Email,Single automated discount email (budget-capped),4,30
15772,Lost Customers,0.0,Low,0.7728938460200778,High,Low-cost automated reactivation,Email,Single automated discount email (budget-capped),4,30
15776,Lost Customers,0.0,Low,0.7779342444954835,High,Low-cost automated reactivation,Email,Single automated discount email (budget-capped),4,30
15778,Lost Customers,0.0,Low,0.7834864168554951,High,Low-cost automated reactivation,Email,Single automated discount email (budget-capped),4,30
15783,Lost Customers,0.0,Low,0.7811880783433998,High,Low-cost automated reactivation,Email,Single automated discount email (budget-capped),4,30
15788,Lost Customers,0.0,Low,0.7840736246040689,High,Low-cost automated reactivation,Email,Single automated discount email (budget-capped),4,30
15790,Lost Customers,0.0,Low,0.7764989508557759,High,Low-cost automated reactivation,Email,Single automated discount email (budget-capped),4,30
15816,General Customers,0.0,Low,0.8008518314193391,High,Low-cost automated reactivation,Email,Single automated discount email (budget-capped),4,30
15818,Lost Customers,0.0,Low,0.7821422982457858,High,Low-cost automated reactivation,Email,Single automated discount email (budget-capped),4,30
15820,Lost Customers,0.0,Low,0.7878801707648808,High,Low-cost automated reactivation,Email,Single automated discount email (budget-capped),4,30
15830,Lost Customers,0.0,Low,0.5589683411723394,High,Low-cost automated reactivation,Email,Single automated discount email (budget-capped),4,30
15832,Lost Customers,0.0,Low,0.5070953137367958,High,Low-cost automated reactivation,Email,Single automated discount email (budget-capped),4,30
15833,Lost Customers,0.0,Low,0.7947050411331227,High,Low-cost automated reactivation,Email,Single automated discount email (budget-capped),4,30
15836,Lost Customers,0.0,Low,0.7724347259854927,High,Low-cost automated reactivation,Email,Single automated discount email (budget-capped),4,30
15843,Lost Customers,0.0,Low,0.7741229187529709,High,Low-cost automated reactivation,Email,Single automated discount email (budget-capped),4,30
15844,Lost Customers,0.0,Low,0.8050051187379204,High,Low-cost automated reactivation,Email,Single automated discount email (budget-capped),4,30
15846,Lost Customers,0.0,Low,0.7107194407315224,High,Low-cost automated reactivation,Email,Single automated discount email (budget-capped),4,30
15848,Lost Customers,0.0,Low,0.7722127118095883,High,Low-cost automated reactivation,Email,Single automated discount email (budget-capped),4,30
15851,Lost Customers,0.0,Low,0.785134982071678,High,Low-cost automated reactivation,Email,Single automated discount email (budget-capped),4,30
15853,Lost Customers,0.0,Low,0.688920925786209,High,Low-cost automated reactivation,Email,Single automated discount email (budget-capped),4,30
15859,Lost Customers,0.0,Low,0.6614161206962714,High,Low-cost automated reactivation,Email,Single automated discount email (budget-capped),4,30
15866,Lost Customers,0.0,Low,0.7664866591890532,High,Low-cost automated reactivation,Email,Single automated discount email (budget-capped),4,30
15868,Lost Customers,0.0,Low,0.7864693535842026,High,Low-cost automated reactivation,Email,Single automated discount email (budget-capped),4,30
15871,Lost Customers,0.0,Low,0.7705065865799028,High,Low-cost automated reactivation,Email,Single automated discount email (budget-capped),4,30
15875,Lost Customers,0.0,Low,0.8042342168166964,High,Low-cost automated reactivation,Email,Single automated discount email (budget-capped),4,30
15892,Lost Customers,0.0,Low,0.7951016805845431,High,Low-cost automated reactivation,Email,Single automated discount email (budget-capped),4,30
15893,Lost Customers,0.0,Low,0.7724087862444817,High,Low-cost automated reactivation,Email,Single automated discount email (budget-capped),4,30
15895,Lost Customers,0.0,Low,0.7797774920240024,High,Low-cost automated reactivation,Email,Single automated discount email (budget-capped),4,30
15897,General Customers,0.0,Low,0.7237532383431635,High,Low-cost automated reactivation,Email,Single automated discount email (budget-capped),4,30
15899,Lost Customers,0.0,Low,0.7576997198706038,High,Low-cost automated reactivation,Email,Single automated discount email (budget-capped),4,30
15902,Lost Customers,0.0,Low,0.781650579311853,High,Low-cost automated reactivation,Email,Single automated discount email (budget-capped),4,30
15904,Lost Customers,0.0,Low,0.7850587512882792,High,Low-cost automated reactivation,Email,Single automated discount email (budget-capped),4,30
15905,Lost Customers,0.0,Low,0.7789520016854755,High,Low-cost automated reactivation,Email,Single automated discount email (budget-capped),4,30
15909,Lost Customers,0.0,Low,0.7821628110495729,High,Low-cost automated reactivation,Email,Single automated discount email (budget-capped),4,30
15914,General Customers,0.0,Low,0.7343064242644192,High,Low-cost automated reactivation,Email,Single automated discount email (budget-capped),4,30
15922,Lost Customers,0.0,Low,0.535344655004708,High,Low-cost automated reactivation,Email,Single automated discount email (budget-capped),4,30
15923,Lost Customers,0.0,Low,0.7760496936118145,High,Low-cost automated reactivation,Email,Single automated discount email (budget-capped),4,30
15924,Lost Customers,0.0,Low,0.8012012249372646,High,Low-cost automated reactivation,Email,Single automated discount email (budget-capped),4,30
15925,Lost Customers,0.0,Low,0.7820038368493677,High,Low-cost automated reactivation,Email,Single automated discount email (budget-capped),4,30
15926,Lost Customers,0.0,Low,0.7990828238745115,High,Low-cost automated reactivation,Email,Single automated discount email (budget-capped),4,30
15927,Lost Customers,0.0,Low,0.8104945184955112,High,Low-cost automated reactivation,Email,Single automated discount email (budget-capped),4,30
15928,Lost Customers,0.0,Low,0.7883287395959577,High,Low-cost automated reactivation,Email,Single automated discount email (budget-capped),4,30
15929,Lost Customers,0.0,Low,0.6080854378052793,High,Low-cost automated reactivation,Email,Single automated discount email (budget-capped),4,30
15930,Lost Customers,0.0,Low,0.7435849105325528,High,Low-cost automated reactivation,Email,Single automated discount email (budget-capped),4,30
15931,Lost Customers,0.0,Low,0.7660784472673228,High,Low-cost automated reactivation,Email,Single automated discount email (budget-capped),4,30
15937,Lost Customers,0.0,Low,0.7724592809225067,High,Low-cost automated reactivation,Email,Single automated discount email (budget-capped),4,30
15940,Lost Customers,0.0,Low,0.7173925921518421,High,Low-cost automated reactivation,Email,Single automated discount email (budget-capped),4,30
15941,Lost Customers,0.0,Low,0.8069025198813169,High,Low-cost automated reactivation,Email,Single automated discount email (budget-capped),4,30
15942,Lost Customers,0.0,Low,0.7840232277933858,High,Low-cost automated reactivation,Email,Single automated discount email (budget-capped),4,30
15954,Lost Customers,0.0,Low,0.7829105587080217,High,Low-cost automated reactivation,Email,Single automated discount email (budget-capped),4,30
15959,General Customers,0.0,Low,0.6506802620330852,High,Low-cost automated reactivation,Email,Single automated discount email (budget-capped),4,30
15961,Lost Customers,0.0,Low,0.5240985905924809,High,Low-cost automated reactivation,Email,Single automated discount email (budget-capped),4,30
15962,Lost Customers,0.0,Low,0.7522406007230776,High,Low-cost automated reactivation,Email,Single automated discount email (budget-capped),4,30
15964,Lost Customers,0.0,Low,0.7744804366537908,High,Low-cost automated reactivation,Email,Single automated discount email (budget-capped),4,30
15966,Lost Customers,0.0,Low,0.7691207197607725,High,Low-cost automated reactivation,Email,Single automated discount email (budget-capped),4,30
15975,Lost Customers,0.0,Low,0.7843367099674171,High,Low-cost automated reactivation,Email,Single automated discount email (budget-capped),4,30
15979,Lost Customers,0.0,Low,0.7617401634587134,High,Low-cost automated reactivation,Email,Single automated discount email (budget-capped),4,30
15982,Lost Customers,0.0,Low,0.7802974987648219,High,Low-cost automated reactivation,Email,Single automated discount email (budget-capped),4,30
15991,Lost Customers,0.0,Low,0.7602699957750849,High,Low-cost automated reactivation,Email,Single automated discount email (budget-capped),4,30
15999,Lost Customers,0.0,Low,0.8179509498930579,High,Low-cost automated reactivation,Email,Single automated discount email (budget-capped),4,30
16002,Lost Customers,0.0,Low,0.8011085189642367,High,Low-cost automated reactivation,Email,Single automated discount email (budget-capped),4,30
16026,Lost Customers,0.0,Low,0.7697351023489095,High,Low-cost automated reactivation,Email,Single automated discount email (budget-capped),4,30
16028,Lost Customers,0.0,Low,0.7966665071653175,High,Low-cost automated reactivation,Email,Single automated discount email (budget-capped),4,30
16030,Lost Customers,0.0,Low,0.7554371856183533,High,Low-cost automated reactivation,Email,Single automated discount email (budget-capped),4,30
16035,Lost Customers,0.0,Low,0.7833119218234303,High,Low-cost automated reactivation,Email,Single automated discount email (budget-capped),4,30
16044,Lost Customers,0.0,Low,0.7621697010287407,High,Low-cost automated reactivation,Email,Single automated discount email (budget-capped),4,30
16046,Lost Customers,0.0,Low,0.784015689578839,High,Low-cost automated reactivation,Email,Single automated discount email (budget-capped),4,30
16047,Lost Customers,0.0,Low,0.7752923049163443,High,Low-cost automated reactivation,Email,Single automated discount email (budget-capped),4,30
16051,Lost Customers,0.0,Low,0.7842324129327194,High,Low-cost automated reactivation,Email,Single automated discount email (budget-capped),4,30
16052,Lost Customers,0.0,Low,0.7462096068676269,High,Low-cost automated reactivation,Email,Single automated discount email (budget-capped),4,30
16055,Lost Customers,0.0,Low,0.7927538654983936,High,Low-cost automated reactivation,Email,Single automated discount email (budget-capped),4,30
16058,Lost Customers,0.0,Low,0.7834566462125732,High,Low-cost automated reactivation,Email,Single automated discount email (budget-capped),4,30
16061,Lost Customers,0.0,Low,0.7465039276827852,High,Low-cost automated reactivation,Email,Single automated discount email (budget-capped),4,30
16063,Lost Customers,0.0,Low,0.7611040254058571,High,Low-cost automated reactivation,Email,Single automated discount email (budget-capped),4,30
16064,Lost Customers,0.0,Low,0.8029408560098645,High,Low-cost automated reactivation,Email,Single automated discount email (budget-capped),4,30
16068,Lost Customers,0.0,Low,0.7738086845878858,High,Low-cost automated reactivation,Email,Single automated discount email (budget-capped),4,30
16073,Lost Customers,0.0,Low,0.7721846507030702,High,Low-cost automated reactivation,Email,Single automated discount email (budget-capped),4,30
16074,Lost Customers,0.0,Low,0.7754179122925906,High,Low-cost automated reactivation,Email,Single automated discount email (budget-capped),4,30
16082,Lost Customers,0.0,Low,0.8098810646327712,High,Low-cost automated reactivation,Email,Single automated discount email (budget-capped),4,30
16084,Lost Customers,0.0,Low,0.7176778462761895,High,Low-cost automated reactivation,Email,Single automated discount email (budget-capped),4,30
16090,Lost Customers,0.0,Low,0.7904835497454257,High,Low-cost automated reactivation,Email,Single automated discount email (budget-capped),4,30
16095,Lost Customers,0.0,Low,0.517511251187538,High,Low-cost automated reactivation,Email,Single automated discount email (budget-capped),4,30
16097,Lost Customers,0.0,Low,0.7806674922768359,High,Low-cost automated reactivation,Email,Single automated discount email (budget-capped),4,30
16100,Lost Customers,0.0,Low,0.5440508761927011,High,Low-cost automated reactivation,Email,Single automated discount email (budget-capped),4,30
16106,Lost Customers,0.0,Low,0.79576945953871,High,Low-cost automated reactivation,Email,Single automated discount email (budget-capped),4,30
16113,Lost Customers,0.0,Low,0.7815974074144421,High,Low-cost automated reactivation,Email,Single automated discount email (budget-capped),4,30
16114,Lost Customers,0.0,Low,0.7794649848127623,High,Low-cost automated reactivation,Email,Single automated discount email (budget-capped),4,30
16116,Lost Customers,0.0,Low,0.5260775778502798,High,Low-cost automated reactivation,Email,Single automated discount email (budget-capped),4,30
16123,Lost Customers,0.0,Low,0.7797087970098239,High,Low-cost automated reactivation,Email,Single automated discount email (budget-capped),4,30
16137,Lost Customers,0.0,Low,0.7846562400315013,High,Low-cost automated reactivation,Email,Single automated discount email (budget-capped),4,30
16144,Lost Customers,0.0,Low,0.7748575781070781,High,Low-cost automated reactivation,Email,Single automated discount email (budget-capped),4,30
16162,Lost Customers,0.0,Low,0.8022760704353586,High,Low-cost automated reactivation,Email,Single automated discount email (budget-capped),4,30
16165,Lost Customers,0.0,Low,0.7734073948181293,High,Low-cost automated reactivation,Email,Single automated discount email (budget-capped),4,30
16171,Lost Customers,0.0,Low,0.7475474385797066,High,Low-cost automated reactivation,Email,Single automated discount email (budget-capped),4,30
16179,Lost Customers,0.0,Low,0.777640295226388,High,Low-cost automated reactivation,Email,Single automated discount email (budget-capped),4,30
16181,Lost Customers,0.0,Low,0.7803164297317297,High,Low-cost automated reactivation,Email,Single automated discount email (budget-capped),4,30
16192,Lost Customers,0.0,Low,0.7722267474773203,High,Low-cost automated reactivation,Email,Single automated discount email (budget-capped),4,30
16194,Lost Customers,0.0,Low,0.7787934981021828,High,Low-cost automated reactivation,Email,Single automated discount email (budget-capped),4,30
16195,Lost Customers,0.0,Low,0.7850650923377971,High,Low-cost automated reactivation,Email,Single automated discount email (budget-capped),4,30
16196,Lost Customers,0.0,Low,0.7860078636999961,High,Low-cost automated reactivation,Email,Single automated discount email (budget-capped),4,30
16207,Lost Customers,0.0,Low,0.7833289646910099,High,Low-cost automated reactivation,Email,Single automated discount email (budget-capped),4,30
16213,Lost Customers,0.0,Low,0.7844231682539661,High,Low-cost automated reactivation,Email,Single automated discount email (budget-capped),4,30
16215,Lost Customers,0.0,Low,0.7773001128085146,High,Low-cost automated reactivation,Email,Single automated discount email (budget-capped),4,30
16219,Lost Customers,0.0,Low,0.6969570526694485,High,Low-cost automated reactivation,Email,Single automated discount email (budget-capped),4,30
16236,Lost Customers,0.0,Low,0.7442833640313901,High,Low-cost automated reactivation,Email,Single automated discount email (budget-capped),4,30
16237,Lost Customers,0.0,Low,0.783585819143648,High,Low-cost automated reactivation,Email,Single automated discount email (budget-capped),4,30
16238,Lost Customers,0.0,Low,0.7834890831003763,High,Low-cost automated reactivation,Email,Single automated discount email (budget-capped),4,30
16247,Lost Customers,0.0,Low,0.7797202974625187,High,Low-cost automated reactivation,Email,Single automated discount email (budget-capped),4,30
16248,Lost Customers,0.0,Low,0.7448983987902574,High,Low-cost automated reactivation,Email,Single automated discount email (budget-capped),4,30
16251,Lost Customers,0.0,Low,0.8041077359794062,High,Low-cost automated reactivation,Email,Single automated discount email (budget-capped),4,30
16252,Lost Customers,0.0,Low,0.7684756535914165,High,Low-cost automated reactivation,Email,Single automated discount email (budget-capped),4,30
16257,Lost Customers,0.0,Low,0.7976576591163755,High,Low-cost automated reactivation,Email,Single automated discount email (budget-capped),4,30
16260,Lost Customers,0.0,Low,0.6221518298290101,High,Low-cost automated reactivation,Email,Single automated discount email (budget-capped),4,30
16262,Lost Customers,0.0,Low,0.501411789339272,High,Low-cost automated reactivation,Email,Single automated discount email (budget-capped),4,30
16263,Lost Customers,0.0,Low,0.756872914748952,High,Low-cost automated reactivation,Email,Single automated discount email (budget-capped),4,30
16267,Lost Customers,0.0,Low,0.7896341350510885,High,Low-cost automated reactivation,Email,Single automated discount email (budget-capped),4,30
16269,Lost Customers,0.0,Low,0.520208771984861,High,Low-cost automated reactivation,Email,Single automated discount email (budget-capped),4,30
16270,Lost Customers,0.0,Low,0.5731320090184786,High,Low-cost automated reactivation,Email,Single automated discount email (budget-capped),4,30
16272,Lost Customers,0.0,Low,0.6160462817358444,High,Low-cost automated reactivation,Email,Single automated discount email (budget-capped),4,30
16277,Lost Customers,0.0,Low,0.7870106541559818,High,Low-cost automated reactivation,Email,Single automated discount email (budget-capped),4,30
16280,Lost Customers,0.0,Low,0.7660750238907954,High,Low-cost automated reactivation,Email,Single automated discount email (budget-capped),4,30
16285,Lost Customers,0.0,Low,0.7888527604074935,High,Low-cost automated reactivation,Email,Single automated discount email (budget-capped),4,30
16288,Lost Customers,0.0,Low,0.8079302722284128,High,Low-cost automated reactivation,Email,Single automated discount email (budget-capped),4,30
16289,Lost Customers,0.0,Low,0.7658250411381466,High,Low-cost automated reactivation,Email,Single automated discount email (budget-capped),4,30
16291,Lost Customers,0.0,Low,0.77332196059588,High,Low-cost automated reactivation,Email,Single automated discount email (budget-capped),4,30
16294,Lost Customers,0.0,Low,0.7871899392510073,High,Low-cost automated reactivation,Email,Single automated discount email (budget-capped),4,30
16297,Lost Customers,0.0,Low,0.76833513879134,High,Low-cost automated reactivation,Email,Single automated discount email (budget-capped),4,30
16299,Lost Customers,0.0,Low,0.775665741802325,High,Low-cost automated reactivation,Email,Single automated discount email (budget-capped),4,30
16301,Lost Customers,0.0,Low,0.8051497204704731,High,Low-cost automated reactivation,Email,Single automated discount email (budget-capped),4,30
16302,Lost Customers,0.0,Low,0.7750924610900373,High,Low-cost automated reactivation,Email,Single automated discount email (budget-capped),4,30
16304,Lost Customers,0.0,Low,0.7940824831881769,High,Low-cost automated reactivation,Email,Single automated discount email (budget-capped),4,30
16305,Lost Customers,0.0,Low,0.7414073994232309,High,Low-cost automated reactivation,Email,Single automated discount email (budget-capped),4,30
16312,Lost Customers,0.0,Low,0.7760634693781774,High,Low-cost automated reactivation,Email,Single automated discount email (budget-capped),4,30
16318,Lost Customers,0.0,Low,0.7618949330301603,High,Low-cost automated reactivation,Email,Single automated discount email (budget-capped),4,30
16319,Lost Customers,0.0,Low,0.7351510560908888,High,Low-cost automated reactivation,Email,Single automated discount email (budget-capped),4,30
16328,Lost Customers,0.0,Low,0.7868689559738862,High,Low-cost automated reactivation,Email,Single automated discount email (budget-capped),4,30
16334,Lost Customers,0.0,Low,0.6792733792948465,High,Low-cost automated reactivation,Email,Single automated discount email (budget-capped),4,30
16337,Lost Customers,0.0,Low,0.7411722029511003,High,Low-cost automated reactivation,Email,Single automated discount email (budget-capped),4,30
16338,Lost Customers,0.0,Low,0.7814402939790944,High,Low-cost automated reactivation,Email,Single automated discount email (budget-capped),4,30
16339,Lost Customers,0.0,Low,0.7908400643467514,High,Low-cost automated reactivation,Email,Single automated discount email (budget-capped),4,30
16346,Lost Customers,0.0,Low,0.7770766504777713,High,Low-cost automated reactivation,Email,Single automated discount email (budget-capped),4,30
16349,Lost Customers,0.0,Low,0.7286271527001489,High,Low-cost automated reactivation,Email,Single automated discount email (budget-capped),4,30
16355,Lost Customers,0.0,Low,0.573822625066515,High,Low-cost automated reactivation,Email,Single automated discount email (budget-capped),4,30
16363,Lost Customers,0.0,Low,0.7760954776761773,High,Low-cost automated reactivation,Email,Single automated discount email (budget-capped),4,30
16371,Lost Customers,0.0,Low,0.7703308585575451,High,Low-cost automated reactivation,Email,Single automated discount email (budget-capped),4,30
16388,Lost Customers,0.0,Low,0.7868497634479686,High,Low-cost automated reactivation,Email,Single automated discount email (budget-capped),4,30
16396,Lost Customers,0.0,Low,0.7773572451825878,High,Low-cost automated reactivation,Email,Single automated discount email (budget-capped),4,30
16397,Lost Customers,0.0,Low,0.7920882622837756,High,Low-cost automated reactivation,Email,Single automated discount email (budget-capped),4,30
16403,Lost Customers,0.0,Low,0.7804256082122523,High,Low-cost automated reactivation,Email,Single automated discount email (budget-capped),4,30
16404,Lost Customers,0.0,Low,0.5088853738633565,High,Low-cost automated reactivation,Email,Single automated discount email (budget-capped),4,30
16408,Lost Customers,0.0,Low,0.7860214839274019,High,Low-cost automated reactivation,Email,Single automated discount email (budget-capped),4,30
16410,Lost Customers,0.0,Low,0.8062191074221855,High,Low-cost automated reactivation,Email,Single automated discount email (budget-capped),4,30
16417,Lost Customers,0.0,Low,0.7114210633222889,High,Low-cost automated reactivation,Email,Single automated discount email (budget-capped),4,30
16420,Lost Customers,0.0,Low,0.7507447776698329,High,Low-cost automated reactivation,Email,Single automated discount email (budget-capped),4,30
16423,Lost Customers,0.0,Low,0.7749279161618869,High,Low-cost automated reactivation,Email,Single automated discount email (budget-capped),4,30
16425,Lost Customers,0.0,Low,0.7681740274202622,High,Low-cost automated reactivation,Email,Single automated discount email (budget-capped),4,30
16429,Lost Customers,0.0,Low,0.7767841466655218,High,Low-cost automated reactivation,Email,Single automated discount email (budget-capped),4,30
16432,Lost Customers,0.0,Low,0.7791053155790688,High,Low-cost automated reactivation,Email,Single automated discount email (budget-capped),4,30
16439,Lost Customers,0.0,Low,0.7887424402873608,High,Low-cost automated reactivation,Email,Single automated discount email (budget-capped),4,30
16443,Lost Customers,0.0,Low,0.7822803738401388,High,Low-cost automated reactivation,Email,Single automated discount email (budget-capped),4,30
16457,Lost Customers,0.0,Low,0.778568483664193,High,Low-cost automated reactivation,Email,Single automated discount email (budget-capped),4,30
16459,Lost Customers,0.0,Low,0.7870696622352391,High,Low-cost automated reactivation,Email,Single automated discount email (budget-capped),4,30
16476,Lost Customers,0.0,Low,0.7479860013948589,High,Low-cost automated reactivation,Email,Single automated discount email (budget-capped),4,30
16480,Lost Customers,0.0,Low,0.5044223936745923,High,Low-cost automated reactivation,Email,Single automated discount email (budget-capped),4,30
16481,Lost Customers,0.0,Low,0.624132668734268,High,Low-cost automated reactivation,Email,Single automated discount email (budget-capped),4,30
16482,Lost Customers,0.0,Low,0.7869623933154102,High,Low-cost automated reactivation,Email,Single automated discount email (budget-capped),4,30
16483,Lost Customers,0.0,Low,0.777122839335496,High,Low-cost automated reactivation,Email,Single automated discount email (budget-capped),4,30
16486,Lost Customers,0.0,Low,0.7990828238745115,High,Low-cost automated reactivation,Email,Single automated discount email (budget-capped),4,30
16490,Lost Customers,0.0,Low,0.7836018422162787,High,Low-cost automated reactivation,Email,Single automated discount email (budget-capped),4,30
16492,Lost Customers,0.0,Low,0.7944538125167965,High,Low-cost automated reactivation,Email,Single automated discount email (budget-capped),4,30
16494,Lost Customers,0.0,Low,0.5148586953235925,High,Low-cost automated reactivation,Email,Single automated discount email (budget-capped),4,30
16502,General Customers,0.0,Low,0.7237690008744796,High,Low-cost automated reactivation,Email,Single automated discount email (budget-capped),4,30
16507,Lost Customers,0.0,Low,0.7806441616794123,High,Low-cost automated reactivation,Email,Single automated discount email (budget-capped),4,30
16508,Lost Customers,0.0,Low,0.7789924417341818,High,Low-cost automated reactivation,Email,Single automated discount email (budget-capped),4,30
16509,Lost Customers,0.0,Low,0.7600989962885044,High,Low-cost automated reactivation,Email,Single automated discount email (budget-capped),4,30
16516,Lost Customers,0.0,Low,0.7980844387452449,High,Low-cost automated reactivation,Email,Single automated discount email (budget-capped),4,30
16517,Lost Customers,0.0,Low,0.7912719671515535,High,Low-cost automated reactivation,Email,Single automated discount email (budget-capped),4,30
16528,Lost Customers,0.0,Low,0.7824094482956332,High,Low-cost automated reactivation,Email,Single automated discount email (budget-capped),4,30
16530,Lost Customers,0.0,Low,0.8176947770709387,High,Low-cost automated reactivation,Email,Single automated discount email (budget-capped),4,30
16534,Lost Customers,0.0,Low,0.5286448744027834,High,Low-cost automated reactivation,Email,Single automated discount email (budget-capped),4,30
16537,Lost Customers,0.0,Low,0.8555366089574961,High,Low-cost automated reactivation,Email,Single automated discount email (budget-capped),4,30
16540,Lost Customers,0.0,Low,0.7868724731503636,High,Low-cost automated reactivation,Email,Single automated discount email (budget-capped),4,30
16541,Lost Customers,0.0,Low,0.8040204042433842,High,Low-cost automated reactivation,Email,Single automated discount email (budget-capped),4,30
16543,Lost Customers,0.0,Low,0.7902521575781272,High,Low-cost automated reactivation,Email,Single automated discount email (budget-capped),4,30
16547,Lost Customers,0.0,Low,0.7394857000602054,High,Low-cost automated reactivation,Email,Single automated discount email (budget-capped),4,30
16548,Lost Customers,0.0,Low,0.8590329464702978,High,Low-cost automated reactivation,Email,Single automated discount email (budget-capped),4,30
16559,Lost Customers,0.0,Low,0.7861166994334488,High,Low-cost automated reactivation,Email,Single automated discount email (budget-capped),4,30
16562,Lost Customers,0.0,Low,0.7762298864161365,High,Low-cost automated reactivation,Email,Single automated discount email (budget-capped),4,30
16564,Lost Customers,0.0,Low,0.7986336028219926,High,Low-cost automated reactivation,Email,Single automated discount email (budget-capped),4,30
16577,Lost Customers,0.0,Low,0.7969551825231628,High,Low-cost automated reactivation,Email,Single automated discount email (budget-capped),4,30
16578,Lost Customers,0.0,Low,0.7636919899579102,High,Low-cost automated reactivation,Email,Single automated discount email (budget-capped),4,30
16579,Lost Customers,0.0,Low,0.7652787437539165,High,Low-cost automated reactivation,Email,Single automated discount email (budget-capped),4,30
16581,Lost Customers,0.0,Low,0.8070754727150691,High,Low-cost automated reactivation,Email,Single automated discount email (budget-capped),4,30
16582,Lost Customers,0.0,Low,0.7868363424617294,High,Low-cost automated reactivation,Email,Single automated discount email (budget-capped),4,30
16587,Lost Customers,0.0,Low,0.7812335376122121,High,Low-cost automated reactivation,Email,Single automated discount email (budget-capped),4,30
16591,Lost Customers,0.0,Low,0.7809780195154487,High,Low-cost automated reactivation,Email,Single automated discount email (budget-capped),4,30
16594,Lost Customers,0.0,Low,0.6872261518618354,High,Low-cost automated reactivation,Email,Single automated discount email (budget-capped),4,30
16598,Lost Customers,0.0,Low,0.7649243773444403,High,Low-cost automated reactivation,Email,Single automated discount email (budget-capped),4,30
16599,Lost Customers,0.0,Low,0.7826909482135955,High,Low-cost automated reactivation,Email,Single automated discount email (budget-capped),4,30
16605,Lost Customers,0.0,Low,0.7996511751453252,High,Low-cost automated reactivation,Email,Single automated discount email (budget-capped),4,30
16610,Lost Customers,0.0,Low,0.7975183638544365,High,Low-cost automated reactivation,Email,Single automated discount email (budget-capped),4,30
16615,Lost Customers,0.0,Low,0.7812249225715876,High,Low-cost automated reactivation,Email,Single automated discount email (budget-capped),4,30
16617,Lost Customers,0.0,Low,0.7436588312096187,High,Low-cost automated reactivation,Email,Single automated discount email (budget-capped),4,30
16622,Lost Customers,0.0,Low,0.7839721881204611,High,Low-cost automated reactivation,Email,Single automated discount email (budget-capped),4,30
16627,Lost Customers,0.0,Low,0.7691404787994037,High,Low-cost automated reactivation,Email,Single automated discount email (budget-capped),4,30
16630,Lost Customers,0.0,Low,0.7851637870071424,High,Low-cost automated reactivation,Email,Single automated discount email (budget-capped),4,30
16640,Lost Customers,0.0,Low,0.7817773746258669,High,Low-cost automated reactivation,Email,Single automated discount email (budget-capped),4,30
16645,Lost Customers,0.0,Low,0.7870960760494068,High,Low-cost automated reactivation,Email,Single automated discount email (budget-capped),4,30
16649,Lost Customers,0.0,Low,0.7693271689908194,High,Low-cost automated reactivation,Email,Single automated discount email (budget-capped),4,30
16651,Lost Customers,0.0,Low,0.7869570484373494,High,Low-cost automated reactivation,Email,Single automated discount email (budget-capped),4,30
16659,Lost Customers,0.0,Low,0.7206321543948001,High,Low-cost automated reactivation,Email,Single automated discount email (budget-capped),4,30
16662,Lost Customers,0.0,Low,0.7363659449070293,High,Low-cost automated reactivation,Email,Single automated discount email (budget-capped),4,30
16663,Lost Customers,0.0,Low,0.7849475505799927,High,Low-cost automated reactivation,Email,Single automated discount email (budget-capped),4,30
16664,Lost Customers,0.0,Low,0.7995037815630167,High,Low-cost automated reactivation,Email,Single automated discount email (budget-capped),4,30
16665,Lost Customers,0.0,Low,0.7809426872093994,High,Low-cost automated reactivation,Email,Single automated discount email (budget-capped),4,30
16673,Lost Customers,0.0,Low,0.7891538893600683,High,Low-cost automated reactivation,Email,Single automated discount email (budget-capped),4,30
16683,Lost Customers,0.0,Low,0.7764289974380602,High,Low-cost automated reactivation,Email,Single automated discount email (budget-capped),4,30
16687,Lost Customers,0.0,Low,0.7790807423614052,High,Low-cost automated reactivation,Email,Single automated discount email (budget-capped),4,30
16694,Lost Customers,0.0,Low,0.7610379568602316,High,Low-cost automated reactivation,Email,Single automated discount email (budget-capped),4,30
16695,General Customers,0.0,Low,0.718194875398133,High,Low-cost automated reactivation,Email,Single automated discount email (budget-capped),4,30
16697,Lost Customers,0.0,Low,0.7787256529000244,High,Low-cost automated reactivation,Email,Single automated discount email (budget-capped),4,30
16721,Lost Customers,0.0,Low,0.7677449757530872,High,Low-cost automated reactivation,Email,Single automated discount email (budget-capped),4,30
16724,Lost Customers,0.0,Low,0.7791795955137848,High,Low-cost automated reactivation,Email,Single automated discount email (budget-capped),4,30
16731,Lost Customers,0.0,Low,0.79930901694774,High,Low-cost automated reactivation,Email,Single automated discount email (budget-capped),4,30
16733,Lost Customers,0.0,Low,0.7679661447740598,High,Low-cost automated reactivation,Email,Single automated discount email (budget-capped),4,30
16740,Lost Customers,0.0,Low,0.7809397181827925,High,Low-cost automated reactivation,Email,Single automated discount email (budget-capped),4,30
16741,Lost Customers,0.0,Low,0.7822890709786418,High,Low-cost automated reactivation,Email,Single automated discount email (budget-capped),4,30
16752,Lost Customers,0.0,Low,0.6025411891761692,High,Low-cost automated reactivation,Email,Single automated discount email (budget-capped),4,30
16753,Lost Customers,0.0,Low,0.7762298864161365,High,Low-cost automated reactivation,Email,Single automated discount email (budget-capped),4,30
16758,Lost Customers,0.0,Low,0.7745310590222481,High,Low-cost automated reactivation,Email,Single automated discount email (budget-capped),4,30
16760,Lost Customers,0.0,Low,0.7800294203263652,High,Low-cost automated reactivation,Email,Single automated discount email (budget-capped),4,30
16761,Lost Customers,0.0,Low,0.77457668991481,High,Low-cost automated reactivation,Email,Single automated discount email (budget-capped),4,30
16783,Lost Customers,0.0,Low,0.7878837418332698,High,Low-cost automated reactivation,Email,Single automated discount email (budget-capped),4,30
16786,Lost Customers,0.0,Low,0.7201569342481733,High,Low-cost automated reactivation,Email,Single automated discount email (budget-capped),4,30
16789,Lost Customers,0.0,Low,0.7901036524407009,High,Low-cost automated reactivation,Email,Single automated discount email (budget-capped),4,30
16793,Lost Customers,0.0,Low,0.7769401735322838,High,Low-cost automated reactivation,Email,Single automated discount email (budget-capped),4,30
16796,Lost Customers,0.0,Low,0.7741266958698779,High,Low-cost automated reactivation,Email,Single automated discount email (budget-capped),4,30
16803,Lost Customers,0.0,Low,0.7588986543544158,High,Low-cost automated reactivation,Email,Single automated discount email (budget-capped),4,30
16819,General Customers,0.0,Low,0.6823627709036951,High,Low-cost automated reactivation,Email,Single automated discount email (budget-capped),4,30
16821,Lost Customers,0.0,Low,0.7733487111414138,High,Low-cost automated reactivation,Email,Single automated discount email (budget-capped),4,30
16822,Lost Customers,0.0,Low,0.7857581937497984,High,Low-cost automated reactivation,Email,Single automated discount email (budget-capped),4,30
16826,Lost Customers,0.0,Low,0.7602202119952315,High,Low-cost automated reactivation,Email,Single automated discount email (budget-capped),4,30
16831,Lost Customers,0.0,Low,0.8080887903769672,High,Low-cost automated reactivation,Email,Single automated discount email (budget-capped),4,30
16845,Lost Customers,0.0,Low,0.7789388276691517,High,Low-cost automated reactivation,Email,Single automated discount email (budget-capped),4,30
16849,Lost Customers,0.0,Low,0.7977535069702143,High,Low-cost automated reactivation,Email,Single automated discount email (budget-capped),4,30
16850,Lost Customers,0.0,Low,0.7572588511243414,High,Low-cost automated reactivation,Email,Single automated discount email (budget-capped),4,30
16857,Lost Customers,0.0,Low,0.7625263211703809,High,Low-cost automated reactivation,Email,Single automated discount email (budget-capped),4,30
16865,Lost Customers,0.0,Low,0.7956136585901988,High,Low-cost automated reactivation,Email,Single automated discount email (budget-capped),4,30
16867,Lost Customers,0.0,Low,0.809040314609221,High,Low-cost automated reactivation,Email,Single automated discount email (budget-capped),4,30
16870,Lost Customers,0.0,Low,0.5530555743380021,High,Low-cost automated reactivation,Email,Single automated discount email (budget-capped),4,30
16874,Lost Customers,0.0,Low,0.7781050671013988,High,Low-cost automated reactivation,Email,Single automated discount email (budget-capped),4,30
16876,Lost Customers,0.0,Low,0.7468809052778093,High,Low-cost automated reactivation,Email,Single automated discount email (budget-capped),4,30
16886,Lost Customers,0.0,Low,0.7792596469174736,High,Low-cost automated reactivation,Email,Single automated discount email (budget-capped),4,30
16896,Lost Customers,0.0,Low,0.8130663609436264,High,Low-cost automated reactivation,Email,Single automated discount email (budget-capped),4,30
16901,Lost Customers,0.0,Low,0.7910802087590186,High,Low-cost automated reactivation,Email,Single automated discount email (budget-capped),4,30
16908,Lost Customers,0.0,Low,0.7744621411264195,High,Low-cost automated reactivation,Email,Single automated discount email (budget-capped),4,30
16909,Lost Customers,0.0,Low,0.7954122611493333,High,Low-cost automated reactivation,Email,Single automated discount email (budget-capped),4,30
16914,Lost Customers,0.0,Low,0.7906261265042421,High,Low-cost automated reactivation,Email,Single automated discount email (budget-capped),4,30
16920,Lost Customers,0.0,Low,0.7412226328360982,High,Low-cost automated reactivation,Email,Single automated discount email (budget-capped),4,30
16925,Lost Customers,0.0,Low,0.8015193467691561,High,Low-cost automated reactivation,Email,Single automated discount email (budget-capped),4,30
16937,Lost Customers,0.0,Low,0.6995147307323518,High,Low-cost automated reactivation,Email,Single automated discount email (budget-capped),4,30
16941,Lost Customers,0.0,Low,0.802459981774219,High,Low-cost automated reactivation,Email,Single automated discount email (budget-capped),4,30
16944,Lost Customers,0.0,Low,0.8007907073957153,High,Low-cost automated reactivation,Email,Single automated discount email (budget-capped),4,30
16956,Lost Customers,0.0,Low,0.7794457449242459,High,Low-cost automated reactivation,Email,Single automated discount email (budget-capped),4,30
16959,Lost Customers,0.0,Low,0.7778729704849584,High,Low-cost automated reactivation,Email,Single automated discount email (budget-capped),4,30
16962,Lost Customers,0.0,Low,0.7701390429075577,High,Low-cost automated reactivation,Email,Single automated discount email (budget-capped),4,30
16963,Lost Customers,0.0,Low,0.7648419326300511,High,Low-cost automated reactivation,Email,Single automated discount email (budget-capped),4,30
16965,Lost Customers,0.0,Low,0.7765375588694333,High,Low-cost automated reactivation,Email,Single automated discount email (budget-capped),4,30
16967,Lost Customers,0.0,Low,0.7668804017777411,High,Low-cost automated reactivation,Email,Single automated discount email (budget-capped),4,30
16970,Lost Customers,0.0,Low,0.7649336330586677,High,Low-cost automated reactivation,Email,Single automated discount email (budget-capped),4,30
16971,Lost Customers,0.0,Low,0.7429563129450619,High,Low-cost automated reactivation,Email,Single automated discount email (budget-capped),4,30
16973,Lost Customers,0.0,Low,0.7871630967157671,High,Low-cost automated reactivation,Email,Single automated discount email (budget-capped),4,30
16976,Lost Customers,0.0,Low,0.765096312436055,High,Low-cost automated reactivation,Email,Single automated discount email (budget-capped),4,30
16982,Lost Customers,0.0,Low,0.7843681866627124,High,Low-cost automated reactivation,Email,Single automated discount email (budget-capped),4,30
17008,Lost Customers,0.0,Low,0.7692539917063563,High,Low-cost automated reactivation,Email,Single automated discount email (budget-capped),4,30
17009,Lost Customers,0.0,Low,0.7805494792673161,High,Low-cost automated reactivation,Email,Single automated discount email (budget-capped),4,30
17010,Lost Customers,0.0,Low,0.7781216247013202,High,Low-cost automated reactivation,Email,Single automated discount email (budget-capped),4,30
17012,Lost Customers,0.0,Low,0.7625342803447478,High,Low-cost automated reactivation,Email,Single automated discount email (budget-capped),4,30
17016,Lost Customers,0.0,Low,0.5196031183536814,High,Low-cost automated reactivation,Email,Single automated discount email (budget-capped),4,30
17030,Lost Customers,0.0,Low,0.7731828897651605,High,Low-cost automated reactivation,Email,Single automated discount email (budget-capped),4,30
17036,Lost Customers,0.0,Low,0.7846298453943343,High,Low-cost automated reactivation,Email,Single automated discount email (budget-capped),4,30
17039,Lost Customers,0.0,Low,0.6330331836369737,High,Low-cost automated reactivation,Email,Single automated discount email (budget-capped),4,30
17055,Lost Customers,0.0,Low,0.7769637423336856,High,Low-cost automated reactivation,Email,Single automated discount email (budget-capped),4,30
17056,Lost Customers,0.0,Low,0.8040850756559197,High,Low-cost automated reactivation,Email,Single automated discount email (budget-capped),4,30
17057,Lost Customers,0.0,Low,0.7568260064179814,High,Low-cost automated reactivation,Email,Single automated discount email (budget-capped),4,30
17060,Lost Customers,0.0,Low,0.7824572521066764,High,Low-cost automated reactivation,Email,Single automated discount email (budget-capped),4,30
17065,General Customers,0.0,Low,0.7557761987985867,High,Low-cost automated reactivation,Email,Single automated discount email (budget-capped),4,30
17066,Lost Customers,0.0,Low,0.7841190278283767,High,Low-cost automated reactivation,Email,Single automated discount email (budget-capped),4,30
17072,Lost Customers,0.0,Low,0.7719493940175756,High,Low-cost automated reactivation,Email,Single automated discount email (budget-capped),4,30
17074,Lost Customers,0.0,Low,0.7872524320086584,High,Low-cost automated reactivation,Email,Single automated discount email (budget-capped),4,30
17077,Lost Customers,0.0,Low,0.7761667646866274,High,Low-cost automated reactivation,Email,Single automated discount email (budget-capped),4,30
17079,Lost Customers,0.0,Low,0.7487786756517706,High,Low-cost automated reactivation,Email,Single automated discount email (budget-capped),4,30
17087,Lost Customers,0.0,Low,0.7831850319206008,High,Low-cost automated reactivation,Email,Single automated discount email (budget-capped),4,30
17089,Lost Customers,0.0,Low,0.7906462129118624,High,Low-cost automated reactivation,Email,Single automated discount email (budget-capped),4,30
17093,Lost Customers,0.0,Low,0.7827415007571294,High,Low-cost automated reactivation,Email,Single automated discount email (budget-capped),4,30
17099,Lost Customers,0.0,Low,0.5389312731226545,High,Low-cost automated reactivation,Email,Single automated discount email (budget-capped),4,30
17102,Lost Customers,0.0,Low,0.7366402563691129,High,Low-cost automated reactivation,Email,Single automated discount email (budget-capped),4,30
17103,Lost Customers,0.0,Low,0.8113613536977543,High,Low-cost automated reactivation,Email,Single automated discount email (budget-capped),4,30
17108,Lost Customers,0.0,Low,0.7810231885489545,High,Low-cost automated reactivation,Email,Single automated discount email (budget-capped),4,30
17112,Lost Customers,0.0,Low,0.7575114136177268,High,Low-cost automated reactivation,Email,Single automated discount email (budget-capped),4,30
17116,Lost Customers,0.0,Low,0.7594052533162682,High,Low-cost automated reactivation,Email,Single automated discount email (budget-capped),4,30
17117,Lost Customers,0.0,Low,0.7806195388896711,High,Low-cost automated reactivation,Email,Single automated discount email (budget-capped),4,30
17118,Lost Customers,0.0,Low,0.7665284986104168,High,Low-cost automated reactivation,Email,Single automated discount email (budget-capped),4,30
17120,Lost Customers,0.0,Low,0.7777697054045546,High,Low-cost automated reactivation,Email,Single automated discount email (budget-capped),4,30
17121,Lost Customers,0.0,Low,0.7753240720244337,High,Low-cost automated reactivation,Email,Single automated discount email (budget-capped),4,30
17124,Lost Customers,0.0,Low,0.7787264036465622,High,Low-cost automated reactivation,Email,Single automated discount email (budget-capped),4,30
17125,Lost Customers,0.0,Low,0.7777419876604481,High,Low-cost automated reactivation,Email,Single automated discount email (budget-capped),4,30
17128,Lost Customers,0.0,Low,0.7717264430267456,High,Low-cost automated reactivation,Email,Single automated discount email (budget-capped),4,30
17129,Lost Customers,0.0,Low,0.8011492715592613,High,Low-cost automated reactivation,Email,Single automated discount email (budget-capped),4,30
17136,Lost Customers,0.0,Low,0.7882429875322584,High,Low-cost automated reactivation,Email,Single automated discount email (budget-capped),4,30
17140,Lost Customers,0.0,Low,0.5769512730423277,High,Low-cost automated reactivation,Email,Single automated discount email (budget-capped),4,30
17148,Lost Customers,0.0,Low,0.7962503361712178,High,Low-cost automated reactivation,Email,Single automated discount email (budget-capped),4,30
17149,Lost Customers,0.0,Low,0.7813780885523309,High,Low-cost automated reactivation,Email,Single automated discount email (budget-capped),4,30
17151,Lost Customers,0.0,Low,0.7909206893487465,High,Low-cost automated reactivation,Email,Single automated discount email (budget-capped),4,30
17153,Lost Customers,0.0,Low,0.7835050305390933,High,Low-cost automated reactivation,Email,Single automated discount email (budget-capped),4,30
17154,Lost Customers,0.0,Low,0.7657401073116762,High,Low-cost automated reactivation,Email,Single automated discount email (budget-capped),4,30
17156,Lost Customers,0.0,Low,0.5515839833725464,High,Low-cost automated reactivation,Email,Single automated discount email (budget-capped),4,30
17161,Lost Customers,0.0,Low,0.5164332992606898,High,Low-cost automated reactivation,Email,Single automated discount email (budget-capped),4,30
17168,Lost Customers,0.0,Low,0.7824636170004475,High,Low-cost automated reactivation,Email,Single automated discount email (budget-capped),4,30
17174,Lost Customers,0.0,Low,0.7944338038932517,High,Low-cost automated reactivation,Email,Single automated discount email (budget-capped),4,30
17177,Lost Customers,0.0,Low,0.7318830553714131,High,Low-cost automated reactivation,Email,Single automated discount email (budget-capped),4,30
17178,Lost Customers,0.0,Low,0.821953037084474,High,Low-cost automated reactivation,Email,Single automated discount email (budget-capped),4,30
17192,Lost Customers,0.0,Low,0.7859928799859872,High,Low-cost automated reactivation,Email,Single automated discount email (budget-capped),4,30
17195,Lost Customers,0.0,Low,0.594895833009339,High,Low-cost automated reactivation,Email,Single automated discount email (budget-capped),4,30
17197,Lost Customers,0.0,Low,0.5239130559624283,High,Low-cost automated reactivation,Email,Single automated discount email (budget-capped),4,30
17199,Lost Customers,0.0,Low,0.7897534118293452,High,Low-cost automated reactivation,Email,Single automated discount email (budget-capped),4,30
17202,Lost Customers,0.0,Low,0.787215628157216,High,Low-cost automated reactivation,Email,Single automated discount email (budget-capped),4,30
17206,Lost Customers,0.0,Low,0.7888258255420175,High,Low-cost automated reactivation,Email,Single automated discount email (budget-capped),4,30
17207,Lost Customers,0.0,Low,0.7452863300069403,High,Low-cost automated reactivation,Email,Single automated discount email (budget-capped),4,30
17208,Lost Customers,0.0,Low,0.7624736223929864,High,Low-cost automated reactivation,Email,Single automated discount email (budget-capped),4,30
17210,Lost Customers,0.0,Low,0.7239441307210024,High,Low-cost automated reactivation,Email,Single automated discount email (budget-capped),4,30
17215,Lost Customers,0.0,Low,0.7816529614302437,High,Low-cost automated reactivation,Email,Single automated discount email (budget-capped),4,30
17216,Lost Customers,0.0,Low,0.7941890010411137,High,Low-cost automated reactivation,Email,Single automated discount email (budget-capped),4,30
17224,Lost Customers,0.0,Low,0.7937457447958587,High,Low-cost automated reactivation,Email,Single automated discount email (budget-capped),4,30
17225,Lost Customers,0.0,Low,0.8054334819354546,High,Low-cost automated reactivation,Email,Single automated discount email (budget-capped),4,30
17234,Lost Customers,0.0,Low,0.7768812975171802,High,Low-cost automated reactivation,Email,Single automated discount email (budget-capped),4,30
17240,Lost Customers,0.0,Low,0.8088311316827617,High,Low-cost automated reactivation,Email,Single automated discount email (budget-capped),4,30
17247,Lost Customers,0.0,Low,0.6797881452718088,High,Low-cost automated reactivation,Email,Single automated discount email (budget-capped),4,30
17249,Lost Customers,0.0,Low,0.6470390717597356,High,Low-cost automated reactivation,Email,Single automated discount email (budget-capped),4,30
17253,Lost Customers,0.0,Low,0.7883999752843203,High,Low-cost automated reactivation,Email,Single automated discount email (budget-capped),4,30
17257,General Customers,0.0,Low,0.698132797263359,High,Low-cost automated reactivation,Email,Single automated discount email (budget-capped),4,30
17260,Lost Customers,0.0,Low,0.7880881808517096,High,Low-cost automated reactivation,Email,Single automated discount email (budget-capped),4,30
17261,Lost Customers,0.0,Low,0.7743240918921717,High,Low-cost automated reactivation,Email,Single automated discount email (budget-capped),4,30
17263,Lost Customers,0.0,Low,0.7022752063941614,High,Low-cost automated reactivation,Email,Single automated discount email (budget-capped),4,30
17271,Lost Customers,0.0,Low,0.7676847456414231,High,Low-cost automated reactivation,Email,Single automated discount email (budget-capped),4,30
17273,Lost Customers,0.0,Low,0.7799750999853344,High,Low-cost automated reactivation,Email,Single automated discount email (budget-capped),4,30
17275,Lost Customers,0.0,Low,0.7521069039744693,High,Low-cost automated reactivation,Email,Single automated discount email (budget-capped),4,30
17279,Lost Customers,0.0,Low,0.7857817038851361,High,Low-cost automated reactivation,Email,Single automated discount email (budget-capped),4,30
17280,Lost Customers,0.0,Low,0.7762840000540968,High,Low-cost automated reactivation,Email,Single automated discount email (budget-capped),4,30
17283,Lost Customers,0.0,Low,0.7774481146743124,High,Low-cost automated reactivation,Email,Single automated discount email (budget-capped),4,30
17294,General Customers,0.0,Low,0.6994934886131835,High,Low-cost automated reactivation,Email,Single automated discount email (budget-capped),4,30
17296,Lost Customers,0.0,Low,0.7811907864561003,High,Low-cost automated reactivation,Email,Single automated discount email (budget-capped),4,30
17297,Lost Customers,0.0,Low,0.6849842586083079,High,Low-cost automated reactivation,Email,Single automated discount email (budget-capped),4,30
17303,Lost Customers,0.0,Low,0.6785272197921426,High,Low-cost automated reactivation,Email,Single automated discount email (budget-capped),4,30
17304,Lost Customers,0.0,Low,0.7610898161711419,High,Low-cost automated reactivation,Email,Single automated discount email (budget-capped),4,30
17316,Lost Customers,0.0,Low,0.7659417647430672,High,Low-cost automated reactivation,Email,Single automated discount email (budget-capped),4,30
17318,Lost Customers,0.0,Low,0.7829220917877978,High,Low-cost automated reactivation,Email,Single automated discount email (budget-capped),4,30
17319,Lost Customers,0.0,Low,0.8480041828293539,High,Low-cost automated reactivation,Email,Single automated discount email (budget-capped),4,30
17328,Lost Customers,0.0,Low,0.8089674125504139,High,Low-cost automated reactivation,Email,Single automated discount email (budget-capped),4,30
17331,Lost Customers,0.0,Low,0.7748575781070781,High,Low-cost automated reactivation,Email,Single automated discount email (budget-capped),4,30
17336,Lost Customers,0.0,Low,0.7681205558871594,High,Low-cost automated reactivation,Email,Single automated discount email (budget-capped),4,30
17347,Lost Customers,0.0,Low,0.7747689971049443,High,Low-cost automated reactivation,Email,Single automated discount email (budget-capped),4,30
17352,Lost Customers,0.0,Low,0.824857475884967,High,Low-cost automated reactivation,Email,Single automated discount email (budget-capped),4,30
17355,Lost Customers,0.0,Low,0.7646423283129581,High,Low-cost automated reactivation,Email,Single automated discount email (budget-capped),4,30
17367,Lost Customers,0.0,Low,0.7813819026015311,High,Low-cost automated reactivation,Email,Single automated discount email (budget-capped),4,30
17369,Lost Customers,0.0,Low,0.641349100904069,High,Low-cost automated reactivation,Email,Single automated discount email (budget-capped),4,30
17378,Lost Customers,0.0,Low,0.6755858792997848,High,Low-cost automated reactivation,Email,Single automated discount email (budget-capped),4,30
17385,Lost Customers,0.0,Low,0.7643874632939536,High,Low-cost automated reactivation,Email,Single automated discount email (budget-capped),4,30
17390,Lost Customers,0.0,Low,0.7750736727046601,High,Low-cost automated reactivation,Email,Single automated discount email (budget-capped),4,30
17394,Lost Customers,0.0,Low,0.7869195523443734,High,Low-cost automated reactivation,Email,Single automated discount email (budget-capped),4,30
17395,Lost Customers,0.0,Low,0.7610379568602316,High,Low-cost automated reactivation,Email,Single automated discount email (budget-capped),4,30
17401,Lost Customers,0.0,Low,0.78984370239023,High,Low-cost automated reactivation,Email,Single automated discount email (budget-capped),4,30
17417,Lost Customers,0.0,Low,0.7858026923882041,High,Low-cost automated reactivation,Email,Single automated discount email (budget-capped),4,30
17427,Lost Customers,0.0,Low,0.7539962952588869,High,Low-cost automated reactivation,Email,Single automated discount email (budget-capped),4,30
17431,Lost Customers,0.0,Low,0.7799231171404809,High,Low-cost automated reactivation,Email,Single automated discount email (budget-capped),4,30
17435,Lost Customers,0.0,Low,0.7666713131175884,High,Low-cost automated reactivation,Email,Single automated discount email (budget-capped),4,30
17437,Lost Customers,0.0,Low,0.6859866088941079,High,Low-cost automated reactivation,Email,Single automated discount email (budget-capped),4,30
17439,Lost Customers,0.0,Low,0.7857770946383384,High,Low-cost automated reactivation,Email,Single automated discount email (budget-capped),4,30
17441,Lost Customers,0.0,Low,0.7831021738251165,High,Low-cost automated reactivation,Email,Single automated discount email (budget-capped),4,30
17455,Lost Customers,0.0,Low,0.7928676878137605,High,Low-cost automated reactivation,Email,Single automated discount email (budget-capped),4,30
17467,Lost Customers,0.0,Low,0.7713100330300225,High,Low-cost automated reactivation,Email,Single automated discount email (budget-capped),4,30
17471,Lost Customers,0.0,Low,0.7680407523768207,High,Low-cost automated reactivation,Email,Single automated discount email (budget-capped),4,30
17475,Lost Customers,0.0,Low,0.7758177997230163,High,Low-cost automated reactivation,Email,Single automated discount email (budget-capped),4,30
17479,Lost Customers,0.0,Low,0.8029979784681547,High,Low-cost automated reactivation,Email,Single automated discount email (budget-capped),4,30
17486,Lost Customers,0.0,Low,0.7775500247275172,High,Low-cost automated reactivation,Email,Single automated discount email (budget-capped),4,30
17487,Lost Customers,0.0,Low,0.787215628157216,High,Low-cost automated reactivation,Email,Single automated discount email (budget-capped),4,30
17488,Lost Customers,0.0,Low,0.7782400410739868,High,Low-cost automated reactivation,Email,Single automated discount email (budget-capped),4,30
17493,Lost Customers,0.0,Low,0.7937457447958587,High,Low-cost automated reactivation,Email,Single automated discount email (budget-capped),4,30
17494,Lost Customers,0.0,Low,0.7617815918451308,High,Low-cost automated reactivation,Email,Single automated discount email (budget-capped),4,30
17498,Lost Customers,0.0,Low,0.7771065011579953,High,Low-cost automated reactivation,Email,Single automated discount email (budget-capped),4,30
17506,Lost Customers,0.0,Low,0.7639066731995683,High,Low-cost automated reactivation,Email,Single automated discount email (budget-capped),4,30
17517,Lost Customers,0.0,Low,0.7478741708992169,High,Low-cost automated reactivation,Email,Single automated discount email (budget-capped),4,30
17532,Lost Customers,0.0,Low,0.7648158794562074,High,Low-cost automated reactivation,Email,Single automated discount email (budget-capped),4,30
17533,Lost Customers,0.0,Low,0.7080877299889556,High,Low-cost automated reactivation,Email,Single automated discount email (budget-capped),4,30
17535,Lost Customers,0.0,Low,0.7884912539373032,High,Low-cost automated reactivation,Email,Single automated discount email (budget-capped),4,30
17538,Lost Customers,0.0,Low,0.7930070464339947,High,Low-cost automated reactivation,Email,Single automated discount email (budget-capped),4,30
17541,Lost Customers,0.0,Low,0.743989637037243,High,Low-cost automated reactivation,Email,Single automated discount email (budget-capped),4,30
17543,Lost Customers,0.0,Low,0.7847012803567173,High,Low-cost automated reactivation,Email,Single automated discount email (budget-capped),4,30
17551,Lost Customers,0.0,Low,0.7612261894763332,High,Low-cost automated reactivation,Email,Single automated discount email (budget-capped),4,30
17558,Lost Customers,0.0,Low,0.7600020533979622,High,Low-cost automated reactivation,Email,Single automated discount email (budget-capped),4,30
17559,Lost Customers,0.0,Low,0.7833593200676424,High,Low-cost automated reactivation,Email,Single automated discount email (budget-capped),4,30
17565,Lost Customers,0.0,Low,0.7863216387604381,High,Low-cost automated reactivation,Email,Single automated discount email (budget-capped),4,30
17568,Lost Customers,0.0,Low,0.631854054784702,High,Low-cost automated reactivation,Email,Single automated discount email (budget-capped),4,30
17569,Lost Customers,0.0,Low,0.7650958534336726,High,Low-cost automated reactivation,Email,Single automated discount email (budget-capped),4,30
17570,Lost Customers,0.0,Low,0.7607841829221934,High,Low-cost automated reactivation,Email,Single automated discount email (budget-capped),4,30
17574,Lost Customers,0.0,Low,0.786184706852531,High,Low-cost automated reactivation,Email,Single automated discount email (budget-capped),4,30
17575,Lost Customers,0.0,Low,0.7823954247179817,High,Low-cost automated reactivation,Email,Single automated discount email (budget-capped),4,30
17583,Lost Customers,0.0,Low,0.7873121267369009,High,Low-cost automated reactivation,Email,Single automated discount email (budget-capped),4,30
17586,Lost Customers,0.0,Low,0.7877829945416363,High,Low-cost automated reactivation,Email,Single automated discount email (budget-capped),4,30
17587,Lost Customers,0.0,Low,0.8013161942779173,High,Low-cost automated reactivation,Email,Single automated discount email (budget-capped),4,30
17592,Lost Customers,0.0,Low,0.7822997985828793,High,Low-cost automated reactivation,Email,Single automated discount email (budget-capped),4,30
17598,Lost Customers,0.0,Low,0.6074949295914448,High,Low-cost automated reactivation,Email,Single automated discount email (budget-capped),4,30
17599,Lost Customers,0.0,Low,0.7247106906673473,High,Low-cost automated reactivation,Email,Single automated discount email (budget-capped),4,30
17600,Lost Customers,0.0,Low,0.786213609697975,High,Low-cost automated reactivation,Email,Single automated discount email (budget-capped),4,30
17605,Lost Customers,0.0,Low,0.7889611642191448,High,Low-cost automated reactivation,Email,Single automated discount email (budget-capped),4,30
17606,Lost Customers,0.0,Low,0.8131724450399793,High,Low-cost automated reactivation,Email,Single automated discount email (budget-capped),4,30
17607,Lost Customers,0.0,Low,0.7537707482195612,High,Low-cost automated reactivation,Email,Single automated discount email (budget-capped),4,30
17617,Lost Customers,0.0,Low,0.800243010719224,High,Low-cost automated reactivation,Email,Single automated discount email (budget-capped),4,30
17620,Lost Customers,0.0,Low,0.7817281662457181,High,Low-cost automated reactivation,Email,Single automated discount email (budget-capped),4,30
17626,Lost Customers,0.0,Low,0.7844431933327365,High,Low-cost automated reactivation,Email,Single automated discount email (budget-capped),4,30
17627,Lost Customers,0.0,Low,0.7616553969659711,High,Low-cost automated reactivation,Email,Single automated discount email (budget-capped),4,30
17628,Lost Customers,0.0,Low,0.784507062492427,High,Low-cost automated reactivation,Email,Single automated discount email (budget-capped),4,30
17636,Lost Customers,0.0,Low,0.7751750788852244,High,Low-cost automated reactivation,Email,Single automated discount email (budget-capped),4,30
17650,Lost Customers,0.0,Low,0.7844496612083028,High,Low-cost automated reactivation,Email,Single automated discount email (budget-capped),4,30
17654,Lost Customers,0.0,Low,0.7731266759195156,High,Low-cost automated reactivation,Email,Single automated discount email (budget-capped),4,30
17657,Lost Customers,0.0,Low,0.7946966633852292,High,Low-cost automated reactivation,Email,Single automated discount email (budget-capped),4,30
17670,Lost Customers,0.0,Low,0.781601959614414,High,Low-cost automated reactivation,Email,Single automated discount email (budget-capped),4,30
17684,Lost Customers,0.0,Low,0.7622358242405299,High,Low-cost automated reactivation,Email,Single automated discount email (budget-capped),4,30
17687,Lost Customers,0.0,Low,0.7806911294886734,High,Low-cost automated reactivation,Email,Single automated discount email (budget-capped),4,30
17688,Lost Customers,0.0,Low,0.764906550134093,High,Low-cost automated reactivation,Email,Single automated discount email (budget-capped),4,30
17693,Lost Customers,0.0,Low,0.7743217872232497,High,Low-cost automated reactivation,Email,Single automated discount email (budget-capped),4,30
17697,Lost Customers,0.0,Low,0.7652038212619434,High,Low-cost automated reactivation,Email,Single automated discount email (budget-capped),4,30
17698,Lost Customers,0.0,Low,0.7556984642467576,High,Low-cost automated reactivation,Email,Single automated discount email (budget-capped),4,30
17701,Lost Customers,0.0,Low,0.6153550161824508,High,Low-cost automated reactivation,Email,Single automated discount email (budget-capped),4,30
17710,Lost Customers,0.0,Low,0.7831216465797649,High,Low-cost automated reactivation,Email,Single automated discount email (budget-capped),4,30
17717,Lost Customers,0.0,Low,0.7916953323985036,High,Low-cost automated reactivation,Email,Single automated discount email (budget-capped),4,30
17721,Lost Customers,0.0,Low,0.7833156656796757,High,Low-cost automated reactivation,Email,Single automated discount email (budget-capped),4,30
17729,Lost Customers,0.0,Low,0.7076426134249629,High,Low-cost automated reactivation,Email,Single automated discount email (budget-capped),4,30
17743,Lost Customers,0.0,Low,0.7617621675112635,High,Low-cost automated reactivation,Email,Single automated discount email (budget-capped),4,30
17747,Lost Customers,0.0,Low,0.756325386108694,High,Low-cost automated reactivation,Email,Single automated discount email (budget-capped),4,30
17748,Lost Customers,0.0,Low,0.7543472057461302,High,Low-cost automated reactivation,Email,Single automated discount email (budget-capped),4,30
17751,Lost Customers,0.0,Low,0.7736890806747188,High,Low-cost automated reactivation,Email,Single automated discount email (budget-capped),4,30
17752,Lost Customers,0.0,Low,0.7681205558871594,High,Low-cost automated reactivation,Email,Single automated discount email (budget-capped),4,30
17761,Lost Customers,0.0,Low,0.5029589118811967,High,Low-cost automated reactivation,Email,Single automated discount email (budget-capped),4,30
17762,Lost Customers,0.0,Low,0.799892059373145,High,Low-cost automated reactivation,Email,Single automated discount email (budget-capped),4,30
17766,General Customers,0.0,Low,0.6566599138495536,High,Low-cost automated reactivation,Email,Single automated discount email (budget-capped),4,30
17775,Lost Customers,0.0,Low,0.761075715206979,High,Low-cost automated reactivation,Email,Single automated discount email (budget-capped),4,30
17778,Lost Customers,0.0,Low,0.7776593502376744,High,Low-cost automated reactivation,Email,Single automated discount email (budget-capped),4,30
17784,Lost Customers,0.0,Low,0.7801828004100194,High,Low-cost automated reactivation,Email,Single automated discount email (budget-capped),4,30
17791,Lost Customers,0.0,Low,0.8042394904267691,High,Low-cost automated reactivation,Email,Single automated discount email (budget-capped),4,30
17793,Lost Customers,0.0,Low,0.6966493729058243,High,Low-cost automated reactivation,Email,Single automated discount email (budget-capped),4,30
17798,Lost Customers,0.0,Low,0.7841715104888908,High,Low-cost automated reactivation,Email,Single automated discount email (budget-capped),4,30
17803,Lost Customers,0.0,Low,0.7831262253796198,High,Low-cost automated reactivation,Email,Single automated discount email (budget-capped),4,30
17815,Lost Customers,0.0,Low,0.5202190963168952,High,Low-cost automated reactivation,Email,Single automated discount email (budget-capped),4,30
17818,Lost Customers,0.0,Low,0.7840122655970476,High,Low-cost automated reactivation,Email,Single automated discount email (budget-capped),4,30
17820,Lost Customers,0.0,Low,0.7912469355942587,High,Low-cost automated reactivation,Email,Single automated discount email (budget-capped),4,30
17821,Lost Customers,0.0,Low,0.7680938041937801,High,Low-cost automated reactivation,Email,Single automated discount email (budget-capped),4,30
17824,Lost Customers,0.0,Low,0.763002967668734,High,Low-cost automated reactivation,Email,Single automated discount email (budget-capped),4,30
17826,Lost Customers,0.0,Low,0.7423229063649867,High,Low-cost automated reactivation,Email,Single automated discount email (budget-capped),4,30
17832,Lost Customers,0.0,Low,0.5374924594015907,High,Low-cost automated reactivation,Email,Single automated discount email (budget-capped),4,30
17833,Lost Customers,0.0,Low,0.773731782943052,High,Low-cost automated reactivation,Email,Single automated discount email (budget-capped),4,30
17836,Lost Customers,0.0,Low,0.7311495423777569,High,Low-cost automated reactivation,Email,Single automated discount email (budget-capped),4,30
17839,Lost Customers,0.0,Low,0.708497697567649,High,Low-cost automated reactivation,Email,Single automated discount email (budget-capped),4,30
17840,Lost Customers,0.0,Low,0.7777435261443162,High,Low-cost automated reactivation,Email,Single automated discount email (budget-capped),4,30
17842,Lost Customers,0.0,Low,0.7798405317545729,High,Low-cost automated reactivation,Email,Single automated discount email (budget-capped),4,30
17844,Lost Customers,0.0,Low,0.7216358659439266,High,Low-cost automated reactivation,Email,Single automated discount email (budget-capped),4,30
17855,Lost Customers,0.0,Low,0.6067807973277822,High,Low-cost automated reactivation,Email,Single automated discount email (budget-capped),4,30
17859,Lost Customers,0.0,Low,0.779704983176523,High,Low-cost automated reactivation,Email,Single automated discount email (budget-capped),4,30
17868,Lost Customers,0.0,Low,0.782417165846354,High,Low-cost automated reactivation,Email,Single automated discount email (budget-capped),4,30
17872,Lost Customers,0.0,Low,0.7752512802893553,High,Low-cost automated reactivation,Email,Single automated discount email (budget-capped),4,30
17875,Lost Customers,0.0,Low,0.7883634893164174,High,Low-cost automated reactivation,Email,Single automated discount email (budget-capped),4,30
17877,Lost Customers,0.0,Low,0.7711049607334595,High,Low-cost automated reactivation,Email,Single automated discount email (budget-capped),4,30
17879,Lost Customers,0.0,Low,0.7855001292714147,High,Low-cost automated reactivation,Email,Single automated discount email (budget-capped),4,30
17881,Lost Customers,0.0,Low,0.7792596469174736,High,Low-cost automated reactivation,Email,Single automated discount email (budget-capped),4,30
17882,General Customers,0.0,Low,0.6006477286725957,High,Low-cost automated reactivation,Email,Single automated discount email (budget-capped),4,30
17885,Lost Customers,0.0,Low,0.6888150564334187,High,Low-cost automated reactivation,Email,Single automated discount email (budget-capped),4,30
17887,Lost Customers,0.0,Low,0.7682602886868991,High,Low-cost automated reactivation,Email,Single automated discount email (budget-capped),4,30
17891,Lost Customers,0.0,Low,0.7813096530796194,High,Low-cost automated reactivation,Email,Single automated discount email (budget-capped),4,30
17893,Lost Customers,0.0,Low,0.8020699158926677,High,Low-cost automated reactivation,Email,Single automated discount email (budget-capped),4,30
17895,Lost Customers,0.0,Low,0.7910588791586418,High,Low-cost automated reactivation,Email,Single automated discount email (budget-capped),4,30
17899,Lost Customers,0.0,Low,0.7495531945188125,High,Low-cost automated reactivation,Email,Single automated discount email (budget-capped),4,30
17902,Lost Customers,0.0,Low,0.7821317396161973,High,Low-cost automated reactivation,Email,Single automated discount email (budget-capped),4,30
17903,Lost Customers,0.0,Low,0.781351762110418,High,Low-cost automated reactivation,Email,Single automated discount email (budget-capped),4,30
17904,Lost Customers,0.0,Low,0.7799616781357588,High,Low-cost automated reactivation,Email,Single automated discount email (budget-capped),4,30
17906,Lost Customers,0.0,Low,0.7840307477819036,High,Low-cost automated reactivation,Email,Single automated discount email (budget-capped),4,30
17907,Lost Customers,0.0,Low,0.7882413887559936,High,Low-cost automated reactivation,Email,Single automated discount email (budget-capped),4,30
17909,Lost Customers,0.0,Low,0.7821484005735105,High,Low-cost automated reactivation,Email,Single automated discount email (budget-capped),4,30
17910,Lost Customers,0.0,Low,0.7760614435658088,High,Low-cost automated reactivation,Email,Single automated discount email (budget-capped),4,30
17911,Lost Customers,0.0,Low,0.7767799646545689,High,Low-cost automated reactivation,Email,Single automated discount email (budget-capped),4,30
17915,Lost Customers,0.0,Low,0.7865414138858757,High,Low-cost automated reactivation,Email,Single automated discount email (budget-capped),4,30
17922,Lost Customers,0.0,Low,0.7859969436260393,High,Low-cost automated reactivation,Email,Single automated discount email (budget-capped),4,30
17927,Lost Customers,0.0,Low,0.7868585412451276,High,Low-cost automated reactivation,Email,Single automated discount email (budget-capped),4,30
17933,Lost Customers,0.0,Low,0.7902455796251838,High,Low-cost automated reactivation,Email,Single automated discount email (budget-capped),4,30
17938,Lost Customers,0.0,Low,0.7583257317723309,High,Low-cost automated reactivation,Email,Single automated discount email (budget-capped),4,30
17939,Lost Customers,0.0,Low,0.7960594481260374,High,Low-cost automated reactivation,Email,Single automated discount email (budget-capped),4,30
17944,Lost Customers,0.0,Low,0.7012513641485876,High,Low-cost automated reactivation,Email,Single automated discount email (budget-capped),4,30
17947,Lost Customers,0.0,Low,0.7836616546941142,High,Low-cost automated reactivation,Email,Single automated discount email (budget-capped),4,30
17948,Lost Customers,0.0,Low,0.706249891947226,High,Low-cost automated reactivation,Email,Single automated discount email (budget-capped),4,30
17953,Lost Customers,0.0,Low,0.7871456344109987,High,Low-cost automated reactivation,Email,Single automated discount email (budget-capped),4,30
17957,Lost Customers,0.0,Low,0.7297105762628939,High,Low-cost automated reactivation,Email,Single automated discount email (budget-capped),4,30
17959,Lost Customers,0.0,Low,0.7769663859518416,High,Low-cost automated reactivation,Email,Single automated discount email (budget-capped),4,30
17971,Lost Customers,0.0,Low,0.7888167542228406,High,Low-cost automated reactivation,Email,Single automated discount email (budget-capped),4,30
17972,Lost Customers,0.0,Low,0.7538848235752368,High,Low-cost automated reactivation,Email,Single automated discount email (budget-capped),4,30
17973,Lost Customers,0.0,Low,0.7735140574232898,High,Low-cost automated reactivation,Email,Single automated discount email (budget-capped),4,30
17976,Lost Customers,0.0,Low,0.5153320588432215,High,Low-cost automated reactivation,Email,Single automated discount email (budget-capped),4,30
17981,Lost Customers,0.0,Low,0.7688790163364982,High,Low-cost automated reactivation,Email,Single automated discount email (budget-capped),4,30
17982,Lost Customers,0.0,Low,0.7832786655848736,High,Low-cost automated reactivation,Email,Single automated discount email (budget-capped),4,30
17983,Lost Customers,0.0,Low,0.7855887612229854,High,Low-cost automated reactivation,Email,Single automated discount email (budget-capped),4,30
17989,Lost Customers,0.0,Low,0.7809492290259531,High,Low-cost automated reactivation,Email,Single automated discount email (budget-capped),4,30
17992,Lost Customers,0.0,Low,0.6924301105293366,High,Low-cost automated reactivation,Email,Single automated discount email (budget-capped),4,30
17993,Lost Customers,0.0,Low,0.6704456084443009,High,Low-cost automated reactivation,Email,Single automated discount email (budget-capped),4,30
18000,Lost Customers,0.0,Low,0.7999145882713404,High,Low-cost automated reactivation,Email,Single automated discount email (budget-capped),4,30
18003,Lost Customers,0.0,Low,0.7412226328360982,High,Low-cost automated reactivation,Email,Single automated discount email (budget-capped),4,30
18004,Lost Customers,0.0,Low,0.7720028220011209,High,Low-cost automated reactivation,Email,Single automated discount email (budget-capped),4,30
18007,Lost Customers,0.0,Low,0.7611395424119991,High,Low-cost automated reactivation,Email,Single automated discount email (budget-capped),4,30
18010,Lost Customers,0.0,Low,0.7795096728009536,High,Low-cost automated reactivation,Email,Single automated discount email (budget-capped),4,30
18012,Lost Customers,0.0,Low,0.7964588105248159,High,Low-cost automated reactivation,Email,Single automated discount email (budget-capped),4,30
18014,Lost Customers,0.0,Low,0.7736241309888495,High,Low-cost automated reactivation,Email,Single automated discount email (budget-capped),4,30
18020,Lost Customers,0.0,Low,0.7837105014343224,High,Low-cost automated reactivation,Email,Single automated discount email (budget-capped),4,30
18027,Lost Customers,0.0,Low,0.7834837502600519,High,Low-cost automated reactivation,Email,Single automated discount email (budget-capped),4,30
18028,Lost Customers,0.0,Low,0.7834471776501625,High,Low-cost automated reactivation,Email,Single automated discount email (budget-capped),4,30
18029,Lost Customers,0.0,Low,0.8058328021541216,High,Low-cost automated reactivation,Email,Single automated discount email (budget-capped),4,30
18032,Lost Customers,0.0,Low,0.7800129863262278,High,Low-cost automated reactivation,Email,Single automated discount email (budget-capped),4,30
18033,Lost Customers,0.0,Low,0.6808470559329085,High,Low-cost automated reactivation,Email,Single automated discount email (budget-capped),4,30
18038,Lost Customers,0.0,Low,0.783667932125153,High,Low-cost automated reactivation,Email,Single automated discount email (budget-capped),4,30
18045,Lost Customers,0.0,Low,0.7780952413412805,High,Low-cost automated reactivation,Email,Single automated discount email (budget-capped),4,30
18046,Lost Customers,0.0,Low,0.7874932729213483,High,Low-cost automated reactivation,Email,Single automated discount email (budget-capped),4,30
18054,Lost Customers,0.0,Low,0.7842279681593806,High,Low-cost automated reactivation,Email,Single automated discount email (budget-capped),4,30
18067,Lost Customers,0.0,Low,0.7817504434063842,High,Low-cost automated reactivation,Email,Single automated discount email (budget-capped),4,30
18068,Lost Customers,0.0,Low,0.7582561075890243,High,Low-cost automated reactivation,Email,Single automated discount email (budget-capped),4,30
18070,Lost Customers,0.0,Low,0.7888426159477248,High,Low-cost automated reactivation,Email,Single automated discount email (budget-capped),4,30
18072,Lost Customers,0.0,Low,0.7879437638480876,High,Low-cost automated reactivation,Email,Single automated discount email (budget-capped),4,30
18076,Lost Customers,0.0,Low,0.7462827798623559,High,Low-cost automated reactivation,Email,Single automated discount email (budget-capped),4,30
18086,Lost Customers,0.0,Low,0.8005452919054907,High,Low-cost automated reactivation,Email,Single automated discount email (budget-capped),4,30
18088,Lost Customers,0.0,Low,0.7840616960015482,High,Low-cost automated reactivation,Email,Single automated discount email (budget-capped),4,30
18089,Lost Customers,0.0,Low,0.6959279727232489,High,Low-cost automated reactivation,Email,Single automated discount email (budget-capped),4,30
18090,Lost Customers,0.0,Low,0.739948657911315,High,Low-cost automated reactivation,Email,Single automated discount email (budget-capped),4,30
18091,Lost Customers,0.0,Low,0.7630722042051563,High,Low-cost automated reactivation,Email,Single automated discount email (budget-capped),4,30
18099,Lost Customers,0.0,Low,0.7870381568907944,High,Low-cost automated reactivation,Email,Single automated discount email (budget-capped),4,30
18100,Lost Customers,0.0,Low,0.6151791067711461,High,Low-cost automated reactivation,Email,Single automated discount email (budget-capped),4,30
18103,Lost Customers,0.0,Low,0.8050008952872325,High,Low-cost automated reactivation,Email,Single automated discount email (budget-capped),4,30
18105,Lost Customers,0.0,Low,0.7836622967933728,High,Low-cost automated reactivation,Email,Single automated discount email (budget-capped),4,30
18107,Lost Customers,0.0,Low,0.7891755418347343,High,Low-cost automated reactivation,Email,Single automated discount email (budget-capped),4,30
18111,Lost Customers,0.0,Low,0.7502791494680405,High,Low-cost automated reactivation,Email,Single automated discount email (budget-capped),4,30
18113,Lost Customers,0.0,Low,0.744327144682626,High,Low-cost automated reactivation,Email,Single automated discount email (budget-capped),4,30
18114,Lost Customers,0.0,Low,0.7790782023161789,High,Low-cost automated reactivation,Email,Single automated discount email (budget-capped),4,30
18119,Lost Customers,0.0,Low,0.7436210850714666,High,Low-cost automated reactivation,Email,Single automated discount email (budget-capped),4,30
18120,Lost Customers,0.0,Low,0.7833365883868946,High,Low-cost automated reactivation,Email,Single automated discount email (budget-capped),4,30
18124,Lost Customers,0.0,Low,0.7845361113051105,High,Low-cost automated reactivation,Email,Single automated discount email (budget-capped),4,30
18126,Lost Customers,0.0,Low,0.6847517356777929,High,Low-cost automated reactivation,Email,Single automated discount email (budget-capped),4,30
18128,Lost Customers,0.0,Low,0.7884153228138068,High,Low-cost automated reactivation,Email,Single automated discount email (budget-capped),4,30
18129,Lost Customers,0.0,Low,0.7818491512305906,High,Low-cost automated reactivation,Email,Single automated discount email (budget-capped),4,30
18131,Lost Customers,0.0,Low,0.7841238513948104,High,Low-cost automated reactivation,Email,Single automated discount email (budget-capped),4,30
18132,Lost Customers,0.0,Low,0.6426113889255812,High,Low-cost automated reactivation,Email,Single automated discount email (budget-capped),4,30
18133,Lost Customers,0.0,Low,0.6283998776786749,High,Low-cost automated reactivation,Email,Single automated discount email (budget-capped),4,30
18137,General Customers,0.0,Low,0.7855766897514491,High,Low-cost automated reactivation,Email,Single automated discount email (budget-capped),4,30
18138,Lost Customers,0.0,Low,0.7454497621252744,High,Low-cost automated reactivation,Email,Single automated discount email (budget-capped),4,30
18148,Lost Customers,0.0,Low,0.7785137775692677,High,Low-cost automated reactivation,Email,Single automated discount email (budget-capped),4,30
18152,Lost Customers,0.0,Low,0.7714289405750897,High,Low-cost automated reactivation,Email,Single automated discount email (budget-capped),4,30
18153,Lost Customers,0.0,Low,0.7850132143279658,High,Low-cost automated reactivation,Email,Single automated discount email (budget-capped),4,30
18157,Lost Customers,0.0,Low,0.7855714664516139,High,Low-cost automated reactivation,Email,Single automated discount email (budget-capped),4,30
18162,Lost Customers,0.0,Low,0.7924295074933818,High,Low-cost automated reactivation,Email,Single automated discount email (budget-capped),4,30
18163,Lost Customers,0.0,Low,0.6557326826414713,High,Low-cost automated reactivation,Email,Single automated discount email (budget-capped),4,30
18164,Lost Customers,0.0,Low,0.7832097495515009,High,Low-cost automated reactivation,Email,Single automated discount email (budget-capped),4,30
18165,Lost Customers,0.0,Low,0.7644091207720387,High,Low-cost automated reactivation,Email,Single automated discount email (budget-capped),4,30
18166,Lost Customers,0.0,Low,0.7804256082122523,High,Low-cost automated reactivation,Email,Single automated discount email (budget-capped),4,30
18169,Lost Customers,0.0,Low,0.7838479853480435,High,Low-cost automated reactivation,Email,Single automated discount email (budget-capped),4,30
18175,Lost Customers,0.0,Low,0.7879971311326954,High,Low-cost automated reactivation,Email,Single automated discount email (budget-capped),4,30
18182,Lost Customers,0.0,Low,0.7868938180532304,High,Low-cost automated reactivation,Email,Single automated discount email (budget-capped),4,30
18185,Lost Customers,0.0,Low,0.7674069351318319,High,Low-cost automated reactivation,Email,Single automated discount email (budget-capped),4,30
18186,Lost Customers,0.0,Low,0.7778585157809884,High,Low-cost automated reactivation,Email,Single automated discount email (budget-capped),4,30
18187,Lost Customers,0.0,Low,0.6509058321223572,High,Low-cost automated reactivation,Email,Single automated discount email (budget-capped),4,30
18192,Lost Customers,0.0,Low,0.5657898645409372,High,Low-cost automated reactivation,Email,Single automated discount email (budget-capped),4,30
18195,Lost Customers,0.0,Low,0.783227409536839,High,Low-cost automated reactivation,Email,Single automated discount email (budget-capped),4,30
18197,Lost Customers,0.0,Low,0.7863047899803959,High,Low-cost automated reactivation,Email,Single automated discount email (budget-capped),4,30
18199,Lost Customers,0.0,Low,0.7631629096386366,High,Low-cost automated reactivation,Email,Single automated discount email (budget-capped),4,30
18200,Lost Customers,0.0,Low,0.7532939964337,High,Low-cost automated reactivation,Email,Single automated discount email (budget-capped),4,30
18201,Lost Customers,0.0,Low,0.6038191647597727,High,Low-cost automated reactivation,Email,Single automated discount email (budget-capped),4,30
18206,Lost Customers,0.0,Low,0.7755151503415518,High,Low-cost automated reactivation,Email,Single automated discount email (budget-capped),4,30
18208,Lost Customers,0.0,Low,0.7819954759548443,High,Low-cost automated reactivation,Email,Single automated discount email (budget-capped),4,30
18209,Lost Customers,0.0,Low,0.7798894782018074,High,Low-cost automated reactivation,Email,Single automated discount email (budget-capped),4,30
18213,Lost Customers,0.0,Low,0.7719333761608285,High,Low-cost automated reactivation,Email,Single automated discount email (budget-capped),4,30
18224,Lost Customers,0.0,Low,0.776793068702703,High,Low-cost automated reactivation,Email,Single automated discount email (budget-capped),4,30
18234,Lost Customers,0.0,Low,0.7875992036879756,High,Low-cost automated reactivation,Email,Single automated discount email (budget-capped),4,30
18238,Lost Customers,0.0,Low,0.7713054784197713,High,Low-cost automated reactivation,Email,Single automated discount email (budget-capped),4,30
18240,Lost Customers,0.0,Low,0.6464984226101956,High,Low-cost automated reactivation,Email,Single automated discount email (budget-capped),4,30
18249,Lost Customers,0.0,Low,0.7971843116318772,High,Low-cost automated reactivation,Email,Single automated discount email (budget-capped),4,30
18250,Lost Customers,0.0,Low,0.7454337391288781,High,Low-cost automated reactivation,Email,Single automated discount email (budget-capped),4,30
18253,Lost Customers,0.0,Low,0.7827456622364357,High,Low-cost automated reactivation,Email,Single automated discount email (budget-capped),4,30
18254,Lost Customers,0.0,Low,0.7720461556969331,High,Low-cost automated reactivation,Email,Single automated discount email (budget-capped),4,30
18256,Lost Customers,0.0,Low,0.7628735039371528,High,Low-cost automated reactivation,Email,Single automated discount email (budget-capped),4,30
18264,Lost Customers,0.0,Low,0.5177164190575899,High,Low-cost automated reactivation,Email,Single automated discount email (budget-capped),4,30
18266,Lost Customers,0.0,Low,0.7739816659343504,High,Low-cost automated reactivation,Email,Single automated discount email (budget-capped),4,30
18267,Lost Customers,0.0,Low,0.7796375437942105,High,Low-cost automated reactivation,Email,Single automated discount email (budget-capped),4,30
18269,Lost Customers,0.0,Low,0.7719945066222375,High,Low-cost automated reactivation,Email,Single automated discount email (budget-capped),4,30
18274,Lost Customers,0.0,Low,0.7842279681593806,High,Low-cost automated reactivation,Email,Single automated discount email (budget-capped),4,30
18279,Lost Customers,0.0,Low,0.7869722776830904,High,Low-cost automated reactivation,Email,Single automated discount email (budget-capped),4,30
18285,Lost Customers,0.0,Low,0.7773109546240272,High,Low-cost automated reactivation,Email,Single automated discount email (budget-capped),4,30
15749,Noise / Uncategorised,23701.447197416266,High,0.37514897229071414,Medium,Standard newsletter,Email,"General newsletter, no targeted offer",3,19
12471,General Customers,16426.703455554918,High,0.0,Low,Engagement / category promotion,Email,Seasonal category promotion,3,6
17677,General Customers,15359.226229128992,High,0.0,Low,Engagement / category promotion,Email,Seasonal category promotion,3,8
15856,General Customers,13892.318840230764,High,0.0,Low,Engagement / category promotion,Email,Seasonal category promotion,3,8
16779,General Customers,13499.77667523752,High,0.0,Low,Engagement / category promotion,Email,Seasonal category promotion,3,8
13868,Noise / Uncategorised,13166.894046045887,High,0.2925219337308596,Medium,Standard newsletter,Email,"General newsletter, no targeted offer",3,9
17428,General Customers,12926.904695506053,High,0.0,Low,Engagement / category promotion,Email,Seasonal category promotion,3,10
15513,General Customers,11814.792025132614,High,0.0,Low,Engagement / category promotion,Email,Seasonal category promotion,3,11
12621,General Customers,11361.572064438617,High,0.0,Low,Engagement / category promotion,Email,Seasonal category promotion,3,11
18139,Noise / Uncategorised,10857.13046925575,High,0.42850336562535307,Medium,Standard newsletter,Email,"General newsletter, no targeted offer",3,30
17865,General Customers,10817.656231426787,High,0.0,Low,Engagement / category promotion,Email,Seasonal category promotion,3,9
14895,General Customers,10065.252422514961,High,0.0,Low,Engagement / category promotion,Email,Seasonal category promotion,3,11
12682,General Customers,9932.948286339097,High,0.0,Low,Engagement / category promotion,Email,Seasonal category promotion,3,8
17920,General Customers,9900.701221276428,High,0.0,Low,Engagement / category promotion,Email,Seasonal category promotion,3,8
13001,General Customers,9834.047809573804,High,0.0,Low,Engagement / category promotion,Email,Seasonal category promotion,3,13
15498,General Customers,9771.473654221954,High,0.0,Low,Engagement / category promotion,Email,Seasonal category promotion,3,10
12540,General Customers,9305.910142829764,High,0.0,Low,Engagement / category promotion,Email,Seasonal category promotion,3,13
13319,General Customers,9108.563379425621,High,0.0,Low,Engagement / category promotion,Email,Seasonal category promotion,3,8
15615,General Customers,8758.816958631165,High,0.0,Low,Engagement / category promotion,Email,Seasonal category promotion,3,9
17139,General Customers,8584.25680563658,High,4.531645721401871e-05,Low,Engagement / category promotion,Email,Seasonal category promotion,3,16
17706,General Customers,8392.494071664405,High,0.0,Low,Engagement / category promotion,Email,Seasonal category promotion,3,13
12762,Noise / Uncategorised,8056.9910889500425,High,0.33966936473842735,Medium,Standard newsletter,Email,"General newsletter, no targeted offer",3,5
16843,General Customers,8030.1939981208325,High,0.0,Low,Engagement / category promotion,Email,Seasonal category promotion,3,12
14194,General Customers,8014.911504846245,High,0.0,Low,Engagement / category promotion,Email,Seasonal category promotion,3,12
16746,General Customers,7485.811738081551,High,0.0,Low,Engagement / category promotion,Email,Seasonal category promotion,3,10
12647,General Customers,7376.416435796158,High,0.0,Low,Engagement / category promotion,Email,Seasonal category promotion,3,11
17416,General Customers,7303.578291175445,High,4.531645721401871e-05,Low,Engagement / category promotion,Email,Seasonal category promotion,3,19
14952,General Customers,7290.725218394653,High,0.0,Low,Engagement / category promotion,Email,Seasonal category promotion,3,13
12472,General Customers,7211.284038431045,High,4.531645721401871e-05,Low,Engagement / category promotion,Email,Seasonal category promotion,3,22
12830,Noise / Uncategorised,7177.392877873872,High,0.36717900613157844,Medium,Standard newsletter,Email,"General newsletter, no targeted offer",3,13
15358,General Customers,7096.225198358797,High,0.0,Low,Engagement / category promotion,Email,Seasonal category promotion,3,10
16019,General Customers,7084.780050954584,High,4.531645721401871e-05,Low,Engagement / category promotion,Email,Seasonal category promotion,3,15
13488,General Customers,7007.369287451062,High,4.531645721401871e-05,Low,Engagement / category promotion,Email,Seasonal category promotion,3,17
14849,General Customers,6838.957505290183,High,0.0,Low,Engagement / category promotion,Email,Seasonal category promotion,3,9
16240,Noise / Uncategorised,6716.026546599502,High,0.2733889913586468,Medium,Standard newsletter,Email,"General newsletter, no targeted offer",3,16
16191,General Customers,6693.529106228837,High,0.0015929626660511921,Low,Engagement / category promotion,Email,Seasonal category promotion,3,18
14961,General Customers,6613.078510185079,High,4.531645721401871e-05,Low,Engagement / category promotion,Email,Seasonal category promotion,3,20
17716,General Customers,6610.760725874003,High,4.531645721401871e-05,Low,Engagement / category promotion,Email,Seasonal category promotion,3,18
12627,Noise / Uncategorised,6479.584855500676,High,0.3662906409437053,Medium,Standard newsletter,Email,"General newsletter, no targeted offer",3,11
15044,General Customers,6458.601268304803,High,0.0,Low,Engagement / category promotion,Email,Seasonal category promotion,3,12
17183,Noise / Uncategorised,6450.043319944456,High,0.4100571345006068,Medium,Standard newsletter,Email,"General newsletter, no targeted offer",3,10
13969,General Customers,6368.1646595980765,High,0.0,Low,Engagement / category promotion,Email,Seasonal category promotion,3,11
15601,General Customers,6355.01588093745,High,4.531645721401871e-05,Low,Engagement / category promotion,Email,Seasonal category promotion,3,15
14049,General Customers,6325.3983930758295,High,4.531645721401871e-05,Low,Engagement / category promotion,Email,Seasonal category promotion,3,28
12567,General Customers,6276.835468131761,High,4.531645721401871e-05,Low,Engagement / category promotion,Email,Seasonal category promotion,3,26
14936,General Customers,6226.560511415844,High,4.531645721401871e-05,Low,Engagement / category promotion,Email,Seasonal category promotion,3,27
15093,General Customers,6077.329971745606,High,0.0015929626660511921,Low,Engagement / category promotion,Email,Seasonal category promotion,3,19
17173,Noise / Uncategorised,6045.302646401597,High,0.3312669840250899,Medium,Standard newsletter,Email,"General newsletter, no targeted offer",3,9
16713,General Customers,6012.4080239774285,High,0.0,Low,Engagement / category promotion,Email,Seasonal category promotion,3,13
12705,General Customers,5982.629454991656,High,4.531645721401871e-05,Low,Engagement / category promotion,Email,Seasonal category promotion,3,22
17017,General Customers,5929.97929245201,High,0.00040508323097436673,Low,Engagement / category promotion,Email,Seasonal category promotion,3,15
12949,General Customers,5929.321913225964,High,4.531645721401871e-05,Low,Engagement / category promotion,Email,Seasonal category promotion,3,19
13178,General Customers,5843.790954899464,High,4.531645721401871e-05,Low,Engagement / category promotion,Email,Seasonal category promotion,3,20
12583,General Customers,5833.607710543918,High,0.00040508323097436673,Low,Engagement / category promotion,Email,Seasonal category promotion,3,16
16923,General Customers,5791.463269960543,High,0.0,Low,Engagement / category promotion,Email,Seasonal category promotion,3,12
16161,General Customers,5776.7873968861095,High,0.0,Low,Engagement / category promotion,Email,Seasonal category promotion,3,9
16558,General Customers,5756.9334055106465,High,0.0,Low,Engagement / category promotion,Email,Seasonal category promotion,3,12
16814,General Customers,5736.07111952012,High,0.0,Low,Engagement / category promotion,Email,Seasonal category promotion,3,10
17338,General Customers,5698.45776563791,High,4.531645721401871e-05,Low,Engagement / category promotion,Email,Seasonal category promotion,3,22
12474,General Customers,5679.655618727361,High,0.0,Low,Engagement / category promotion,Email,Seasonal category promotion,3,13
15738,General Customers,5582.106107774604,High,0.0,Low,Engagement / category promotion,Email,Seasonal category promotion,3,10
18225,General Customers,5553.953232885801,High,4.531645721401871e-05,Low,Engagement / category promotion,Email,Seasonal category promotion,3,17
14426,General Customers,5530.403767812099,High,4.531645721401871e-05,Low,Engagement / category promotion,Email,Seasonal category promotion,3,22
16258,General Customers,5520.365175426765,High,4.531645721401871e-05,Low,Engagement / category promotion,Email,Seasonal category promotion,3,24
18223,General Customers,5480.90101811412,High,4.531645721401871e-05,Low,Engagement / category promotion,Email,Seasonal category promotion,3,17
18226,General Customers,5460.460627888885,High,4.531645721401871e-05,Low,Engagement / category promotion,Email,Seasonal category promotion,3,14
12683,General Customers,5444.722662408245,High,4.531645721401871e-05,Low,Engagement / category promotion,Email,Seasonal category promotion,3,21
13097,General Customers,5432.139912090534,High,4.531645721401871e-05,Low,Engagement / category promotion,Email,Seasonal category promotion,3,15
14110,General Customers,5383.562106628256,High,0.00035976677376034803,Low,Engagement / category promotion,Email,Seasonal category promotion,3,13
14299,General Customers,5307.989473812257,High,0.00040508323097436673,Low,Engagement / category promotion,Email,Seasonal category promotion,3,16
13668,General Customers,5283.966712320115,High,0.0,Low,Engagement / category promotion,Email,Seasonal category promotion,3,12
15023,General Customers,5281.337791865315,High,4.531645721401871e-05,Low,Engagement / category promotion,Email,Seasonal category promotion,3,20
16523,General Customers,5259.99001082966,High,0.00040508323097436673,Low,Engagement / category promotion,Email,Seasonal category promotion,3,15
17858,General Customers,5225.039987391479,High,0.00040508323097436673,Low,Engagement / category promotion,Email,Seasonal category promotion,3,15
15465,General Customers,5215.7265875841285,High,0.0,Low,Engagement / category promotion,Email,Seasonal category promotion,3,13
15194,General Customers,5156.073473347583,High,4.531645721401871e-05,Low,Engagement / category promotion,Email,Seasonal category promotion,3,16
13050,General Customers,5152.879329867096,High,0.0,Low,Engagement / category promotion,Email,Seasonal category promotion,3,12
13013,General Customers,5132.0728386486635,High,4.531645721401871e-05,Low,Engagement / category promotion,Email,Seasonal category promotion,3,15
12437,General Customers,5131.9474114801815,High,0.0,Low,Engagement / category promotion,Email,Seasonal category promotion,3,11
12882,Noise / Uncategorised,5125.196737167866,High,0.3514067720335873,Medium,Standard newsletter,Email,"General newsletter, no targeted offer",3,7
15218,General Customers,5106.91501410916,High,4.531645721401871e-05,Low,Engagement / category promotion,Email,Seasonal category promotion,3,18
15144,General Customers,5102.481379794729,High,4.531645721401871e-05,Low,Engagement / category promotion,Email,Seasonal category promotion,3,15
12438,Noise / Uncategorised,5065.597196089803,High,0.28395400638538,Medium,Standard newsletter,Email,"General newsletter, no targeted offer",3,38
12783,General Customers,5026.182024694304,High,0.10721544794089595,Low,Engagement / category promotion,Email,Seasonal category promotion,3,7
16265,General Customers,5020.781454430481,High,4.531645721401871e-05,Low,Engagement / category promotion,Email,Seasonal category promotion,3,20
14040,General Customers,4993.426851956374,High,0.0,Low,Engagement / category promotion,Email,Seasonal category promotion,3,12
14415,General Customers,4993.226365420681,High,4.531645721401871e-05,Low,Engagement / category promotion,Email,Seasonal category promotion,3,19
12524,General Customers,4990.380987923251,High,4.531645721401871e-05,Low,Engagement / category promotion,Email,Seasonal category promotion,3,23
14739,General Customers,4978.658936192581,High,4.531645721401871e-05,Low,Engagement / category promotion,Email,Seasonal category promotion,3,18
12473,General Customers,4960.596302372314,High,0.1410158698975223,Low,Engagement / category promotion,Email,Seasonal category promotion,3,19
17364,General Customers,4944.084040648525,High,4.531645721401871e-05,Low,Engagement / category promotion,Email,Seasonal category promotion,3,16
14251,Noise / Uncategorised,4943.50476393323,High,0.28658059280383974,Medium,Standard newsletter,Email,"General newsletter, no targeted offer",3,7
13418,General Customers,4901.997233174103,High,4.531645721401871e-05,Low,Engagement / category promotion,Email,Seasonal category promotion,3,14
13004,General Customers,4879.470813542501,High,0.0,Low,Engagement / category promotion,Email,Seasonal category promotion,3,12
15290,General Customers,4869.908162120153,High,0.00040508323097436673,Low,Engagement / category promotion,Email,Seasonal category promotion,3,15
12481,General Customers,4867.482795440363,High,4.531645721401871e-05,Low,Engagement / category promotion,Email,Seasonal category promotion,3,23
17044,General Customers,4857.847937237381,High,0.0,Low,Engagement / category promotion,Email,Seasonal category promotion,3,35
13576,General Customers,4807.72110711845,High,0.00040508323097436673,Low,Engagement / category promotion,Email,Seasonal category promotion,3,15
15113,Noise / Uncategorised,4784.673699099342,High,0.27286554618801145,Medium,Standard newsletter,Email,"General newsletter, no targeted offer",3,9
15874,General Customers,4770.40551410382,High,4.531645721401871e-05,Low,Engagement / category promotion,Email,Seasonal category promotion,3,18
15555,General Customers,4735.10087165448,High,0.0,Low,Engagement / category promotion,Email,Seasonal category promotion,3,12
14432,General Customers,4706.505925923751,High,0.13379043566045698,Low,Engagement / category promotion,Email,Seasonal category promotion,3,8
17131,General Customers,4640.066333278415,High,0.13024056885156413,Low,Engagement / category promotion,Email,Seasonal category promotion,3,8
17652,General Customers,4636.399804947859,High,0.00035976677376034803,Low,Engagement / category promotion,Email,Seasonal category promotion,3,13
17086,General Customers,4625.169341154178,High,0.09197056229422924,Low,Engagement / category promotion,Email,Seasonal category promotion,3,6
12668,General Customers,4611.764970516071,High,0.0,Low,Engagement / category promotion,Email,Seasonal category promotion,3,40
13985,General Customers,4585.28060070491,High,4.531645721401871e-05,Low,Engagement / category promotion,Email,Seasonal category promotion,3,18
14796,General Customers,4572.798927919074,High,4.531645721401871e-05,Low,Engagement / category promotion,Email,Seasonal category promotion,3,16
17809,General Customers,4572.460067014446,High,0.0049262959993845255,Low,Engagement / category promotion,Email,Seasonal category promotion,3,22
16379,General Customers,4562.313412894389,High,0.18519317808944558,Low,Engagement / category promotion,Email,Seasonal category promotion,3,11
17049,General Customers,4553.787650469218,High,4.531645721401871e-05,Low,Engagement / category promotion,Email,Seasonal category promotion,3,20
14060,General Customers,4533.754725588383,High,0.00035976677376034803,Low,Engagement / category promotion,Email,Seasonal category promotion,3,13
16985,General Customers,4504.349790612213,High,4.531645721401871e-05,Low,Engagement / category promotion,Email,Seasonal category promotion,3,19
15981,General Customers,4485.940514386616,High,4.531645721401871e-05,Low,Engagement / category promotion,Email,Seasonal category promotion,3,17
17434,General Customers,4470.248595324012,High,0.12598845896927502,Low,Engagement / category promotion,Email,Seasonal category promotion,3,7
18229,General Customers,4440.843624540556,High,4.531645721401871e-05,Low,Engagement / category promotion,Email,Seasonal category promotion,3,16
16327,General Customers,4387.721157770788,High,4.531645721401871e-05,Low,Engagement / category promotion,Email,Seasonal category promotion,3,27
15505,Noise / Uncategorised,4374.472647041226,High,0.34321185981808466,Medium,Standard newsletter,Email,"General newsletter, no targeted offer",3,12
12431,General Customers,4341.6120343572165,High,4.531645721401871e-05,Low,Engagement / category promotion,Email,Seasonal category promotion,3,15
13949,General Customers,4332.811633058076,High,0.24664015898150482,Low,Engagement / category promotion,Email,Seasonal category promotion,3,9
14292,General Customers,4330.496256906942,High,4.531645721401871e-05,Low,Engagement / category promotion,Email,Seasonal category promotion,3,23
12637,General Customers,4326.94847032746,High,4.531645721401871e-05,Low,Engagement / category promotion,Email,Seasonal category promotion,3,24
14422,General Customers,4319.352272974445,High,4.531645721401871e-05,Low,Engagement / category promotion,Email,Seasonal category promotion,3,23
13018,General Customers,4284.980924286865,High,0.0,Low,Engagement / category promotion,Email,Seasonal category promotion,3,11
15296,General Customers,4281.333993940269,High,0.0,Low,Engagement / category promotion,Email,Seasonal category promotion,3,32
15570,General Customers,4247.3077324835685,High,4.531645721401871e-05,Low,Engagement / category promotion,Email,Seasonal category promotion,3,15
15249,General Customers,4245.000866919802,High,4.531645721401871e-05,Low,Engagement / category promotion,Email,Seasonal category promotion,3,20
14329,General Customers,4233.043216108401,High,0.0,Low,Engagement / category promotion,Email,Seasonal category promotion,3,28
16782,General Customers,4191.055376541563,High,0.0,Low,Engagement / category promotion,Email,Seasonal category promotion,3,11
14944,General Customers,4177.067215798074,High,4.531645721401871e-05,Low,Engagement / category promotion,Email,Seasonal category promotion,3,20
12839,General Customers,4172.925598135196,High,4.531645721401871e-05,Low,Engagement / category promotion,Email,Seasonal category promotion,3,17
15719,General Customers,4141.23025320337,High,4.531645721401871e-05,Low,Engagement / category promotion,Email,Seasonal category promotion,3,14
13735,General Customers,4116.597709728756,High,0.0,Low,Engagement / category promotion,Email,Seasonal category promotion,3,32
14085,General Customers,4116.001690094395,High,0.0,Low,Engagement / category promotion,Email,Seasonal category promotion,3,13
14146,General Customers,4104.1133812917915,High,0.0,Low,Engagement / category promotion,Email,Seasonal category promotion,3,34
15034,General Customers,4096.675082326514,High,4.531645721401871e-05,Low,Engagement / category promotion,Email,Seasonal category promotion,3,24
15805,General Customers,4093.6050909202545,High,4.531645721401871e-05,Low,Engagement / category promotion,Email,Seasonal category promotion,3,14
14390,General Customers,4083.736457441323,High,4.531645721401871e-05,Low,Engagement / category promotion,Email,Seasonal category promotion,3,19
14755,General Customers,4082.632677742087,High,4.531645721401871e-05,Low,Engagement / category promotion,Email,Seasonal category promotion,3,17
13599,General Customers,4068.8620994224434,High,0.0,Low,Engagement / category promotion,Email,Seasonal category promotion,3,13
16701,General Customers,4063.746696791624,High,4.531645721401871e-05,Low,Engagement / category promotion,Email,Seasonal category promotion,3,17
13267,General Customers,4051.864522673247,High,0.00035976677376034803,Low,Engagement / category promotion,Email,Seasonal category promotion,3,12
17160,General Customers,4047.4031824488197,High,4.531645721401871e-05,Low,Engagement / category promotion,Email,Seasonal category promotion,3,25
15547,General Customers,4034.8474297139765,High,4.531645721401871e-05,Low,Engagement / category promotion,Email,Seasonal category promotion,3,17
15150,General Customers,4006.592758426861,High,4.531645721401871e-05,Low,Engagement / category promotion,Email,Seasonal category promotion,3,24
15955,General Customers,3959.1812528401024,High,4.531645721401871e-05,Low,Engagement / category promotion,Email,Seasonal category promotion,3,17
15298,General Customers,3951.0552009367543,High,4.531645721401871e-05,Low,Engagement / category promotion,Email,Seasonal category promotion,3,19
12490,General Customers,3948.4477570368554,High,4.531645721401871e-05,Low,Engagement / category promotion,Email,Seasonal category promotion,3,21
15727,General Customers,3926.905645779561,High,4.531645721401871e-05,Low,Engagement / category promotion,Email,Seasonal category promotion,3,27
13756,General Customers,3926.176410596269,High,4.531645721401871e-05,Low,Engagement / category promotion,Email,Seasonal category promotion,3,19
13327,General Customers,3912.37305547479,High,4.531645721401871e-05,Low,Engagement / category promotion,Email,Seasonal category promotion,3,20
17730,General Customers,3910.372901722185,High,4.531645721401871e-05,Low,Engagement / category promotion,Email,Seasonal category promotion,3,18
14395,General Customers,3907.640582344477,High,4.531645721401871e-05,Low,Engagement / category promotion,Email,Seasonal category promotion,3,18
13999,General Customers,3903.771718172939,High,0.00040508323097436673,Low,Engagement / category promotion,Email,Seasonal category promotion,3,15
16767,General Customers,3883.839839076492,High,4.531645721401871e-05,Low,Engagement / category promotion,Email,Seasonal category promotion,3,22
13209,General Customers,3882.6950370859417,High,0.0,Low,Engagement / category promotion,Email,Seasonal category promotion,3,30
16131,General Customers,3879.5192146689415,High,0.0,Low,Engagement / category promotion,Email,Seasonal category promotion,3,34
13174,General Customers,3858.278314627452,High,0.0,Low,Engagement / category promotion,Email,Seasonal category promotion,3,36
16303,General Customers,3839.2731037953645,High,0.0,Low,Engagement / category promotion,Email,Seasonal category promotion,3,52
14004,General Customers,3829.335446370299,High,0.0015929626660511921,Low,Engagement / category promotion,Email,Seasonal category promotion,3,21
17426,General Customers,3820.186639735629,High,0.0,Low,Engagement / category promotion,Email,Seasonal category promotion,3,30
14135,General Customers,3809.467721270298,High,4.531645721401871e-05,Low,Engagement / category promotion,Email,Seasonal category promotion,3,18
12747,General Customers,3808.944571276876,High,4.531645721401871e-05,Low,Engagement / category promotion,Email,Seasonal category promotion,3,17
13555,General Customers,3795.260862918941,High,0.0,Low,Engagement / category promotion,Email,Seasonal category promotion,3,28
16700,General Customers,3745.313157551754,High,4.531645721401871e-05,Low,Engagement / category promotion,Email,Seasonal category promotion,3,17
16401,General Customers,3740.0420086185536,High,0.00040508323097436673,Low,Engagement / category promotion,Email,Seasonal category promotion,3,14
17613,General Customers,3728.0276180288784,High,0.0,Low,Engagement / category promotion,Email,Seasonal category promotion,3,12
13269,General Customers,3726.234999957192,High,4.531645721401871e-05,Low,Engagement / category promotion,Email,Seasonal category promotion,3,16
16186,General Customers,3717.068813924165,High,0.00040508323097436673,Low,Engagement / category promotion,Email,Seasonal category promotion,3,16
16722,General Customers,3702.7899126897673,High,4.531645721401871e-05,Low,Engagement / category promotion,Email,Seasonal category promotion,3,20
13047,General Customers,3701.452202478283,High,4.531645721401871e-05,Low,Engagement / category promotion,Email,Seasonal category promotion,3,17
14709,General Customers,3700.1154634896825,High,4.531645721401871e-05,Low,Engagement / category promotion,Email,Seasonal category promotion,3,17
15260,General Customers,3675.9492265955837,High,4.531645721401871e-05,Low,Engagement / category promotion,Email,Seasonal category promotion,3,15
13523,General Customers,3675.514033477781,High,0.0,Low,Engagement / category promotion,Email,Seasonal category promotion,3,37
13448,General Customers,3663.2891310879213,High,0.0,Low,Engagement / category promotion,Email,Seasonal category promotion,3,33
13758,General Customers,3649.0450384057785,High,0.0,Low,Engagement / category promotion,Email,Seasonal category promotion,3,29
17365,General Customers,3638.5239176932655,High,4.531645721401871e-05,Low,Engagement / category promotion,Email,Seasonal category promotion,3,27
15867,General Customers,3631.0315457241036,High,4.531645721401871e-05,Low,Engagement / category promotion,Email,Seasonal category promotion,3,14
18041,General Customers,3625.6454968956577,High,0.0,Low,Engagement / category promotion,Email,Seasonal category promotion,3,11
16550,General Customers,3623.3776670351904,High,4.531645721401871e-05,Low,Engagement / category promotion,Email,Seasonal category promotion,3,21
17576,General Customers,3603.040985399005,High,0.0,Low,Engagement / category promotion,Email,Seasonal category promotion,3,11
16818,General Customers,3602.3629254224848,High,0.018531603658018446,Low,Engagement / category promotion,Email,Seasonal category promotion,3,11
12359,General Customers,3587.4345841223712,High,0.0,Low,Engagement / category promotion,Email,Seasonal category promotion,3,41
13381,General Customers,3586.493215444914,High,0.0,Low,Engagement / category promotion,Email,Seasonal category promotion,3,35
17602,General Customers,3564.7125695731875,High,4.531645721401871e-05,Low,Engagement / category promotion,Email,Seasonal category promotion,3,26
13384,General Customers,3563.893022024713,High,4.531645721401871e-05,Low,Engagement / category promotion,Email,Seasonal category promotion,3,26
15544,General Customers,3555.5459826471283,High,4.531645721401871e-05,Low,Engagement / category promotion,Email,Seasonal category promotion,3,20
15270,General Customers,3550.1975666215503,High,4.531645721401871e-05,Low,Engagement / category promotion,Email,Seasonal category promotion,3,20
16945,General Customers,3547.2673569416497,High,0.0,Low,Engagement / category promotion,Email,Seasonal category promotion,3,13
14175,General Customers,3536.7406684005364,High,0.0,Low,Engagement / category promotion,Email,Seasonal category promotion,3,43
14057,General Customers,3535.4343130132497,High,4.531645721401871e-05,Low,Engagement / category promotion,Email,Seasonal category promotion,3,19
13148,General Customers,3529.8284050513084,High,4.531645721401871e-05,Low,Engagement / category promotion,Email,Seasonal category promotion,3,16
12906,Noise / Uncategorised,3525.7547301187506,High,0.2942655019808063,Medium,Standard newsletter,Email,"General newsletter, no targeted offer",3,8
13162,General Customers,3516.191812082253,High,4.531645721401871e-05,Low,Engagement / category promotion,Email,Seasonal category promotion,3,23
15984,General Customers,3494.7728126741667,High,4.531645721401871e-05,Low,Engagement / category promotion,Email,Seasonal category promotion,3,15
16242,General Customers,3448.835740745117,High,4.531645721401871e-05,Low,Engagement / category promotion,Email,Seasonal category promotion,3,27
16570,General Customers,3435.767790226108,High,4.531645721401871e-05,Low,Engagement / category promotion,Email,Seasonal category promotion,3,18
16169,General Customers,3426.700491788202,High,0.124568512856164,Low,Engagement / category promotion,Email,Seasonal category promotion,3,10
17567,General Customers,3420.415249220245,High,0.0,Low,Engagement / category promotion,Email,Seasonal category promotion,3,29
16837,General Customers,3414.5360059483683,High,0.00035976677376034803,Low,Engagement / category promotion,Email,Seasonal category promotion,3,12
13362,General Customers,3413.963627018349,High,0.0,Low,Engagement / category promotion,Email,Seasonal category promotion,3,36
16709,General Customers,3399.83467571347,High,4.531645721401871e-05,Low,Engagement / category promotion,Email,Seasonal category promotion,3,28
12957,General Customers,3389.564786667377,High,0.0,Low,Engagement / category promotion,Email,Seasonal category promotion,3,33
16688,General Customers,3356.948241048297,High,0.16651232406632593,Low,Engagement / category promotion,Email,Seasonal category promotion,3,9
13709,General Customers,3355.921243196716,High,4.531645721401871e-05,Low,Engagement / category promotion,Email,Seasonal category promotion,3,23
16556,General Customers,3354.1680909337033,High,4.531645721401871e-05,Low,Engagement / category promotion,Email,Seasonal category promotion,3,24
12867,General Customers,3346.488175174565,High,0.0,Low,Engagement / category promotion,Email,Seasonal category promotion,3,32
13815,General Customers,3334.4342367375157,High,0.0,Low,Engagement / category promotion,Email,Seasonal category promotion,3,48
14525,General Customers,3334.24350255616,High,4.531645721401871e-05,Low,Engagement / category promotion,Email,Seasonal category promotion,3,25
17611,General Customers,3333.88526473148,High,4.531645721401871e-05,Low,Engagement / category promotion,Email,Seasonal category promotion,3,16
12380,General Customers,3309.814025307057,High,0.0,Low,Engagement / category promotion,Email,Seasonal category promotion,3,35
17690,General Customers,3307.089321418008,High,4.531645721401871e-05,Low,Engagement / category promotion,Email,Seasonal category promotion,3,19
17091,General Customers,3303.638876931975,High,4.531645721401871e-05,Low,Engagement / category promotion,Email,Seasonal category promotion,3,23
16592,General Customers,3296.6540233011433,High,4.531645721401871e-05,Low,Engagement / category promotion,Email,Seasonal category promotion,3,15
14291,General Customers,3294.7551340630375,High,4.531645721401871e-05,Low,Engagement / category promotion,Email,Seasonal category promotion,3,19
15129,General Customers,3292.035286331814,High,4.531645721401871e-05,Low,Engagement / category promotion,Email,Seasonal category promotion,3,15
12662,General Customers,3291.466141079557,High,4.531645721401871e-05,Low,Engagement / category promotion,Email,Seasonal category promotion,3,19
13426,General Customers,3274.943074460717,High,4.531645721401871e-05,Low,Engagement / category promotion,Email,Seasonal category promotion,3,20
14030,General Customers,3265.8248897844505,High,4.531645721401871e-05,Low,Engagement / category promotion,Email,Seasonal category promotion,3,21
14282,General Customers,3258.310550891207,High,0.00040508323097436673,Low,Engagement / category promotion,Email,Seasonal category promotion,3,16
17725,General Customers,3257.467819765538,High,0.003563229290006808,Low,Engagement / category promotion,Email,Seasonal category promotion,3,14
13183,General Customers,3249.856093724935,High,4.531645721401871e-05,Low,Engagement / category promotion,Email,Seasonal category promotion,3,25
12562,General Customers,3240.5932198611167,High,0.0,Low,Engagement / category promotion,Email,Seasonal category promotion,3,28
13871,General Customers,3240.1178922171193,High,4.531645721401871e-05,Low,Engagement / category promotion,Email,Seasonal category promotion,3,25
15046,General Customers,3235.387490081087,High,4.531645721401871e-05,Low,Engagement / category promotion,Email,Seasonal category promotion,3,16
14159,General Customers,3211.345386447536,High,4.531645721401871e-05,Low,Engagement / category promotion,Email,Seasonal category promotion,3,22
16670,General Customers,3194.370270475497,High,4.531645721401871e-05,Low,Engagement / category promotion,Email,Seasonal category promotion,3,21
12480,General Customers,3193.5013588287434,High,0.0,Low,Engagement / category promotion,Email,Seasonal category promotion,3,41
15622,General Customers,3188.7379345532545,High,4.531645721401871e-05,Low,Engagement / category promotion,Email,Seasonal category promotion,3,21
17651,General Customers,3173.4640644140945,High,4.531645721401871e-05,Low,Engagement / category promotion,Email,Seasonal category promotion,3,19
17739,General Customers,3172.9440240718154,High,4.531645721401871e-05,Low,Engagement / category promotion,Email,Seasonal category promotion,3,24
17238,General Customers,3166.3922123567045,High,4.531645721401871e-05,Low,Engagement / category promotion,Email,Seasonal category promotion,3,14
13451,General Customers,3164.5405593017167,High,0.0,Low,Engagement / category promotion,Email,Seasonal category promotion,3,33
16145,General Customers,3156.957655202215,High,4.531645721401871e-05,Low,Engagement / category promotion,Email,Seasonal category promotion,3,18
16253,General Customers,3152.086931561952,High,0.0,Low,Engagement / category promotion,Email,Seasonal category promotion,3,57
12656,General Customers,3144.478013549721,High,0.0,Low,Engagement / category promotion,Email,Seasonal category promotion,3,41
13141,General Customers,3134.144488117274,High,4.531645721401871e-05,Low,Engagement / category promotion,Email,Seasonal category promotion,3,23
16790,General Customers,3133.921402578064,High,0.08984296569298458,Low,Engagement / category promotion,Email,Seasonal category promotion,3,3
18075,General Customers,3130.311716767894,High,0.00040508323097436673,Low,Engagement / category promotion,Email,Seasonal category promotion,3,14
15950,General Customers,3116.764845255479,High,0.0,Low,Engagement / category promotion,Email,Seasonal category promotion,3,39
17769,General Customers,3112.4113947925057,High,4.531645721401871e-05,Low,Engagement / category promotion,Email,Seasonal category promotion,3,24
17696,General Customers,3109.8270307878174,High,4.531645721401871e-05,Low,Engagement / category promotion,Email,Seasonal category promotion,3,15
14808,Noise / Uncategorised,3108.4602993918816,High,0.36135606663466435,Medium,Standard newsletter,Email,"General newsletter, no targeted offer",3,10
13015,General Customers,3107.2310560836,High,0.0,Low,Engagement / category promotion,Email,Seasonal category promotion,3,30
14221,General Customers,3105.9616997883186,High,4.531645721401871e-05,Low,Engagement / category promotion,Email,Seasonal category promotion,3,20
17203,General Customers,3101.9359670502026,High,4.531645721401871e-05,Low,Engagement / category promotion,Email,Seasonal category promotion,3,21
12704,General Customers,3100.313525493234,High,0.2415328446635223,Low,Engagement / category promotion,Email,Seasonal category promotion,3,12
14907,General Customers,3094.7899376923106,High,4.531645721401871e-05,Low,Engagement / category promotion,Email,Seasonal category promotion,3,22
15321,General Customers,3094.3129920747083,High,0.0,Low,Engagement / category promotion,Email,Seasonal category promotion,3,30
14092,General Customers,3091.1638116069876,High,4.531645721401871e-05,Low,Engagement / category promotion,Email,Seasonal category promotion,3,18
13924,General Customers,3088.998602023637,High,0.09116620905614971,Low,Engagement / category promotion,Email,Seasonal category promotion,3,7
16170,General Customers,3078.8521307269402,High,4.531645721401871e-05,Low,Engagement / category promotion,Email,Seasonal category promotion,3,18
12432,Noise / Uncategorised,3065.618056701974,High,0.2736239202315294,Medium,Standard newsletter,Email,"General newsletter, no targeted offer",3,15
12449,General Customers,3063.434135298542,High,0.0,Low,Engagement / category promotion,Email,Seasonal category promotion,3,42
17838,General Customers,3061.0567574965357,High,4.531645721401871e-05,Low,Engagement / category promotion,Email,Seasonal category promotion,3,28
15632,General Customers,3048.778763805246,High,0.014622755748395768,Low,Engagement / category promotion,Email,Seasonal category promotion,3,19
12397,Noise / Uncategorised,3043.443362704219,High,0.2823048823869392,Medium,Standard newsletter,Email,"General newsletter, no targeted offer",3,30
17451,Noise / Uncategorised,3040.454378745519,High,0.31599357881417656,Medium,Standard newsletter,Email,"General newsletter, no targeted offer",3,9
17001,General Customers,3040.2943955762344,High,4.531645721401871e-05,Low,Engagement / category promotion,Email,Seasonal category promotion,3,20
14562,General Customers,3036.0559343954346,High,4.531645721401871e-05,Low,Engagement / category promotion,Email,Seasonal category promotion,3,15
16456,General Customers,3019.49718850907,High,4.531645721401871e-05,Low,Engagement / category promotion,Email,Seasonal category promotion,3,24
15228,General Customers,3009.4672487078715,High,0.0,Low,Engagement / category promotion,Email,Seasonal category promotion,3,43
12502,General Customers,3008.3050070619515,High,4.531645721401871e-05,Low,Engagement / category promotion,Email,Seasonal category promotion,3,26
12657,General Customers,3007.592131377636,High,0.18808553292373825,Low,Engagement / category promotion,Email,Seasonal category promotion,3,10
14766,General Customers,2999.796187739479,High,0.0,Low,Engagement / category promotion,Email,Seasonal category promotion,3,30
13198,General Customers,2997.97643691391,High,0.0,Low,Engagement / category promotion,Email,Seasonal category promotion,3,32
15521,General Customers,2994.501731350395,High,4.531645721401871e-05,Low,Engagement / category promotion,Email,Seasonal category promotion,3,25
16633,General Customers,2993.994174231935,High,0.016025167876168884,Low,Engagement / category promotion,Email,Seasonal category promotion,3,22
13983,General Customers,2987.90248796391,High,4.531645721401871e-05,Low,Engagement / category promotion,Email,Seasonal category promotion,3,20
14364,Noise / Uncategorised,2987.662144587944,High,0.2903040250286558,Medium,Standard newsletter,Email,"General newsletter, no targeted offer",3,8
13082,General Customers,2963.044287114659,High,4.531645721401871e-05,Low,Engagement / category promotion,Email,Seasonal category promotion,3,17
18245,General Customers,2962.717148523885,High,4.531645721401871e-05,Low,Engagement / category promotion,Email,Seasonal category promotion,3,19
13552,General Customers,2958.181451574648,High,0.00040508323097436673,Low,Engagement / category promotion,Email,Seasonal category promotion,3,16
12712,General Customers,2958.0481880619077,High,4.531645721401871e-05,Low,Engagement / category promotion,Email,Seasonal category promotion,3,20
14844,General Customers,2956.4685309259094,High,0.0,Low,Engagement / category promotion,Email,Seasonal category promotion,3,33
17491,General Customers,2948.662993860319,High,4.531645721401871e-05,Low,Engagement / category promotion,Email,Seasonal category promotion,3,21
15179,General Customers,2941.304231400611,High,0.0,Low,Engagement / category promotion,Email,Seasonal category promotion,3,33
14388,General Customers,2939.0228981064147,High,4.531645721401871e-05,Low,Engagement / category promotion,Email,Seasonal category promotion,3,25
16316,General Customers,2929.0924296736525,High,4.531645721401871e-05,Low,Engagement / category promotion,Email,Seasonal category promotion,3,20
16295,General Customers,2924.9629798111573,High,0.11664971919284918,Low,Engagement / category promotion,Email,Seasonal category promotion,3,8
12553,General Customers,2920.2728956236156,High,4.531645721401871e-05,Low,Engagement / category promotion,Email,Seasonal category promotion,3,21
17231,General Customers,2919.8439894089847,High,4.531645721401871e-05,Low,Engagement / category promotion,Email,Seasonal category promotion,3,17
17419,General Customers,2907.6211800270944,High,4.531645721401871e-05,Low,Engagement / category promotion,Email,Seasonal category promotion,3,22
16717,General Customers,2903.2473460893375,High,0.0,Low,Engagement / category promotion,Email,Seasonal category promotion,3,30
13882,General Customers,2895.825854982548,High,0.18266950605931526,Low,Engagement / category promotion,Email,Seasonal category promotion,3,7
13883,General Customers,2889.855772118731,High,0.0,Low,Engagement / category promotion,Email,Seasonal category promotion,3,29
16655,General Customers,2883.2398452444963,High,0.0,Low,Engagement / category promotion,Email,Seasonal category promotion,3,30
14227,General Customers,2867.8165536679935,High,4.531645721401871e-05,Low,Engagement / category promotion,Email,Seasonal category promotion,3,26
18122,General Customers,2854.20410530031,High,0.2450880310876812,Low,Engagement / category promotion,Email,Seasonal category promotion,3,14
14113,General Customers,2850.015358732274,High,4.531645721401871e-05,Low,Engagement / category promotion,Email,Seasonal category promotion,3,27
14534,General Customers,2843.4003636197854,High,4.531645721401871e-05,Low,Engagement / category promotion,Email,Seasonal category promotion,3,15
14841,General Customers,2837.62487466171,High,0.0,Low,Engagement / category promotion,Email,Seasonal category promotion,3,29
15750,General Customers,2836.9285100460897,High,4.531645721401871e-05,Low,Engagement / category promotion,Email,Seasonal category promotion,3,24
12578,General Customers,2836.785113405472,High,0.0,Low,Engagement / category promotion,Email,Seasonal category promotion,3,63
17204,General Customers,2834.672523283061,High,4.531645721401871e-05,Low,Engagement / category promotion,Email,Seasonal category promotion,3,25
16607,General Customers,2828.735431608921,High,4.531645721401871e-05,Low,Engagement / category promotion,Email,Seasonal category promotion,3,14
14711,General Customers,2821.4618073396646,High,4.531645721401871e-05,Low,Engagement / category promotion,Email,Seasonal category promotion,3,14
16279,General Customers,2819.5723351483753,High,0.0,Low,Engagement / category promotion,Email,Seasonal category promotion,3,38
15674,General Customers,2818.3999363977878,High,0.0,Low,Engagement / category promotion,Email,Seasonal category promotion,3,30
13520,General Customers,2818.349199309026,High,0.0,Low,Engagement / category promotion,Email,Seasonal category promotion,3,36
17672,General Customers,2815.1838948720965,High,0.0,Low,Engagement / category promotion,Email,Seasonal category promotion,3,54
12417,General Customers,2802.249741917007,High,4.531645721401871e-05,Low,Engagement / category promotion,Email,Seasonal category promotion,3,22
14852,General Customers,2801.25994490819,High,4.531645721401871e-05,Low,Engagement / category promotion,Email,Seasonal category promotion,3,20
13157,General Customers,2798.5136675914755,High,0.0,Low,Engagement / category promotion,Email,Seasonal category promotion,3,39
14262,General Customers,2790.1628767522266,High,0.018875812084776462,Low,Engagement / category promotion,Email,Seasonal category promotion,3,17
15708,General Customers,2787.9461318479644,High,4.531645721401871e-05,Low,Engagement / category promotion,Email,Seasonal category promotion,3,26
17722,General Customers,2786.788082401886,High,0.0,Low,Engagement / category promotion,Email,Seasonal category promotion,3,33
15372,General Customers,2779.254450216478,High,0.0004928825259255967,Low,Engagement / category promotion,Email,Seasonal category promotion,3,39
17788,Noise / Uncategorised,2763.869225509544,High,0.4621268919119796,Medium,Standard newsletter,Email,"General newsletter, no targeted offer",3,16
16513,General Customers,2758.1330704820466,High,0.2426658487610995,Low,Engagement / category promotion,Email,Seasonal category promotion,3,6
12779,General Customers,2757.86169354281,High,0.0,Low,Engagement / category promotion,Email,Seasonal category promotion,3,30
16497,General Customers,2747.438594724106,High,4.531645721401871e-05,Low,Engagement / category promotion,Email,Seasonal category promotion,3,18
16712,General Customers,2742.1623273902355,High,4.531645721401871e-05,Low,Engagement / category promotion,Email,Seasonal category promotion,3,18
12484,General Customers,2721.7578683859615,High,0.0,Low,Engagement / category promotion,Email,Seasonal category promotion,3,32
15974,General Customers,2718.925449643688,High,0.010653486839984357,Low,Engagement / category promotion,Email,Seasonal category promotion,3,21
13654,General Customers,2717.137318080267,High,0.0,Low,Engagement / category promotion,Email,Seasonal category promotion,3,38
13394,General Customers,2716.771391610333,High,4.531645721401871e-05,Low,Engagement / category promotion,Email,Seasonal category promotion,3,23
14530,General Customers,2714.849297216613,High,4.531645721401871e-05,Low,Engagement / category promotion,Email,Seasonal category promotion,3,25
14855,General Customers,2711.946170178402,High,0.0,Low,Engagement / category promotion,Email,Seasonal category promotion,3,42
17566,General Customers,2702.952601478943,High,0.14546329964286536,Low,Engagement / category promotion,Email,Seasonal category promotion,3,5
12985,Noise / Uncategorised,2697.9372212159883,High,0.3311795405544775,Medium,Standard newsletter,Email,"General newsletter, no targeted offer",3,8
16103,General Customers,2693.042621169156,High,4.531645721401871e-05,Low,Engagement / category promotion,Email,Seasonal category promotion,3,19
12913,General Customers,2692.135991554042,High,7.274682153723928e-05,Low,Engagement / category promotion,Email,Seasonal category promotion,3,34
14401,General Customers,2686.350008336153,High,4.531645721401871e-05,Low,Engagement / category promotion,Email,Seasonal category promotion,3,20
12408,General Customers,2682.095508803729,High,0.0010537216828478962,Low,Engagement / category promotion,Email,Seasonal category promotion,3,35
15673,General Customers,2674.703399644002,High,0.0,Low,Engagement / category promotion,Email,Seasonal category promotion,3,38
13268,General Customers,2671.3154565979867,High,0.006711983123880686,Low,Engagement / category promotion,Email,Seasonal category promotion,3,14
14572,General Customers,2670.052189751312,High,0.0,Low,Engagement / category promotion,Email,Seasonal category promotion,3,34
13993,General Customers,2668.4371043515794,High,4.531645721401871e-05,Low,Engagement / category promotion,Email,Seasonal category promotion,3,22
17819,General Customers,2668.113530716997,High,0.0,Low,Engagement / category promotion,Email,Seasonal category promotion,3,33
12836,General Customers,2651.544471543649,High,4.531645721401871e-05,Low,Engagement / category promotion,Email,Seasonal category promotion,3,27
14918,General Customers,2650.9733439164147,High,0.0,Low,Engagement / category promotion,Email,Seasonal category promotion,3,33
13831,General Customers,2645.851279264915,High,4.531645721401871e-05,Low,Engagement / category promotion,Email,Seasonal category promotion,3,24
14842,General Customers,2642.66342119179,High,0.0,Low,Engagement / category promotion,Email,Seasonal category promotion,3,40
14154,General Customers,2640.6986562005254,High,0.0,Low,Engagement / category promotion,Email,Seasonal category promotion,3,34
13317,General Customers,2638.749956412009,High,4.531645721401871e-05,Low,Engagement / category promotion,Email,Seasonal category promotion,3,21
17863,General Customers,2626.7552020458243,High,0.0,Low,Engagement / category promotion,Email,Seasonal category promotion,3,30
14702,General Customers,2620.7105602591146,High,4.531645721401871e-05,Low,Engagement / category promotion,Email,Seasonal category promotion,3,15
12782,General Customers,2617.245557767391,High,0.0,Low,Engagement / category promotion,Email,Seasonal category promotion,3,28
13588,General Customers,2616.058233416561,High,0.0034763150189355556,Low,Engagement / category promotion,Email,Seasonal category promotion,3,16
18178,General Customers,2615.2306802881894,High,0.0,Low,Engagement / category promotion,Email,Seasonal category promotion,3,29
14868,General Customers,2614.9181931641506,High,4.531645721401871e-05,Low,Engagement / category promotion,Email,Seasonal category promotion,3,21
16940,General Customers,2611.81916485412,High,0.0,Low,Engagement / category promotion,Email,Seasonal category promotion,3,51
13435,General Customers,2610.915054702995,High,0.0,Low,Engagement / category promotion,Email,Seasonal category promotion,3,33
17700,General Customers,2610.2852332871553,High,0.0,Low,Engagement / category promotion,Email,Seasonal category promotion,3,31
12500,General Customers,2599.6026113580665,High,4.531645721401871e-05,Low,Engagement / category promotion,Email,Seasonal category promotion,3,21
14001,General Customers,2586.733093485584,High,0.0,Low,Engagement / category promotion,Email,Seasonal category promotion,3,30
14360,General Customers,2585.031122201799,High,0.12728051110785665,Low,Engagement / category promotion,Email,Seasonal category promotion,3,9
17799,General Customers,2584.775111143852,High,4.531645721401871e-05,Low,Engagement / category promotion,Email,Seasonal category promotion,3,21
17644,General Customers,2579.1159039893673,High,4.531645721401871e-05,Low,Engagement / category promotion,Email,Seasonal category promotion,3,20
16954,General Customers,2578.3113402718413,High,4.531645721401871e-05,Low,Engagement / category promotion,Email,Seasonal category promotion,3,21
13590,General Customers,2574.715317577896,High,4.531645721401871e-05,Low,Engagement / category promotion,Email,Seasonal category promotion,3,24
18079,General Customers,2571.696202070275,High,0.0,Low,Engagement / category promotion,Email,Seasonal category promotion,3,54
16992,General Customers,2568.982583316459,High,0.0,Low,Engagement / category promotion,Email,Seasonal category promotion,3,30
16871,General Customers,2568.2065046367898,High,0.0019088123407070487,Low,Engagement / category promotion,Email,Seasonal category promotion,3,25
16474,Noise / Uncategorised,2567.165579276318,High,0.2623634036063699,Medium,Standard newsletter,Email,"General newsletter, no targeted offer",3,12
15514,General Customers,2566.2379846732556,High,4.531645721401871e-05,Low,Engagement / category promotion,Email,Seasonal category promotion,3,24
16735,General Customers,2563.837522961943,High,0.0033333333333333335,Low,Engagement / category promotion,Email,Seasonal category promotion,3,28
13136,General Customers,2563.566984954678,High,0.0,Low,Engagement / category promotion,Email,Seasonal category promotion,3,31
13266,General Customers,2559.3892184664683,High,4.531645721401871e-05,Low,Engagement / category promotion,Email,Seasonal category promotion,3,22
18130,General Customers,2550.2462478673156,High,0.1598943313422453,Low,Engagement / category promotion,Email,Seasonal category promotion,3,8
17873,General Customers,2549.3206676291456,High,4.531645721401871e-05,Low,Engagement / category promotion,Email,Seasonal category promotion,3,21
16710,General Customers,2538.768468194624,High,4.531645721401871e-05,Low,Engagement / category promotion,Email,Seasonal category promotion,3,20
16156,General Customers,2538.6212935810145,High,4.531645721401871e-05,Low,Engagement / category promotion,Email,Seasonal category promotion,3,22
17758,General Customers,2538.0832947876297,High,4.531645721401871e-05,Low,Engagement / category promotion,Email,Seasonal category promotion,3,27
13115,General Customers,2536.9341726406765,High,0.0,Low,Engagement / category promotion,Email,Seasonal category promotion,3,35
18094,General Customers,2536.407130929993,High,0.0,Low,Engagement / category promotion,Email,Seasonal category promotion,3,29
13722,General Customers,2535.842960854234,High,0.0,Low,Engagement / category promotion,Email,Seasonal category promotion,3,31
15796,General Customers,2535.8058810813477,High,4.531645721401871e-05,Low,Engagement / category promotion,Email,Seasonal category promotion,3,22
17685,General Customers,2534.3032875850904,High,0.0,Low,Engagement / category promotion,Email,Seasonal category promotion,3,32
16008,General Customers,2520.17782703593,High,4.531645721401871e-05,Low,Engagement / category promotion,Email,Seasonal category promotion,3,24
15065,General Customers,2519.4782274804365,High,0.0,Low,Engagement / category promotion,Email,Seasonal category promotion,3,45
15785,General Customers,2512.0947170066556,High,4.531645721401871e-05,Low,Engagement / category promotion,Email,Seasonal category promotion,3,26
17659,General Customers,2510.7968395237817,High,0.00040508323097436673,Low,Engagement / category promotion,Email,Seasonal category promotion,3,16
13658,General Customers,2510.472872074831,High,0.0,Low,Engagement / category promotion,Email,Seasonal category promotion,3,44
16076,General Customers,2505.1699394082593,High,0.00713420448305941,Low,Engagement / category promotion,Email,Seasonal category promotion,3,12
14440,General Customers,2504.660017266414,High,0.0,Low,Engagement / category promotion,Email,Seasonal category promotion,3,34
12613,General Customers,2498.6088090546905,High,0.0,Low,Engagement / category promotion,Email,Seasonal category promotion,3,40
14482,General Customers,2496.664962735786,High,4.531645721401871e-05,Low,Engagement / category promotion,Email,Seasonal category promotion,3,23
17092,General Customers,2495.7413916931346,High,0.0,Low,Engagement / category promotion,Email,Seasonal category promotion,3,34
13842,General Customers,2487.00645748686,High,4.531645721401871e-05,Low,Engagement / category promotion,Email,Seasonal category promotion,3,20
15671,General Customers,2486.991387256,High,0.016574258249044564,Low,Engagement / category promotion,Email,Seasonal category promotion,3,22
17655,General Customers,2476.6387888827912,High,4.531645721401871e-05,Low,Engagement / category promotion,Email,Seasonal category promotion,3,27
12910,General Customers,2472.1475451937263,High,4.531645721401871e-05,Low,Engagement / category promotion,Email,Seasonal category promotion,3,28
17059,General Customers,2469.4537614455417,High,0.0,Low,Engagement / category promotion,Email,Seasonal category promotion,3,43
13771,General Customers,2463.333802647208,High,0.0,Low,Engagement / category promotion,Email,Seasonal category promotion,3,39
15755,General Customers,2461.6593996569713,High,4.531645721401871e-05,Low,Engagement / category promotion,Email,Seasonal category promotion,3,26
15480,General Customers,2459.424457806521,High,0.0,Low,Engagement / category promotion,Email,Seasonal category promotion,3,67
13014,General Customers,2455.1038279635886,High,4.531645721401871e-05,Low,Engagement / category promotion,Email,Seasonal category promotion,3,23
12727,General Customers,2453.2879523510146,High,0.0,Low,Engagement / category promotion,Email,Seasonal category promotion,3,39
13769,General Customers,2452.5974350951838,High,4.531645721401871e-05,Low,Engagement / category promotion,Email,Seasonal category promotion,3,22
13870,General Customers,2446.991640609281,High,4.531645721401871e-05,Low,Engagement / category promotion,Email,Seasonal category promotion,3,27
13901,General Customers,2441.8027902756985,High,4.531645721401871e-05,Low,Engagement / category promotion,Email,Seasonal category promotion,3,25
15764,General Customers,2438.537211492847,High,0.0015340996168582367,Low,Engagement / category promotion,Email,Seasonal category promotion,3,29
15752,General Customers,2432.8704823576286,High,4.531645721401871e-05,Low,Engagement / category promotion,Email,Seasonal category promotion,3,28
18065,General Customers,2424.1179568190983,High,4.531645721401871e-05,Low,Engagement / category promotion,Email,Seasonal category promotion,3,15
15491,Noise / Uncategorised,2422.3671562142135,High,0.28690921377507056,Medium,Standard newsletter,Email,"General newsletter, no targeted offer",3,14
16218,General Customers,2419.1468324044536,High,4.531645721401871e-05,Low,Engagement / category promotion,Email,Seasonal category promotion,3,25
13742,General Customers,2410.8791747500863,High,4.531645721401871e-05,Low,Engagement / category promotion,Email,Seasonal category promotion,3,15
12594,General Customers,2410.8164747914416,High,4.531645721401871e-05,Low,Engagement / category promotion,Email,Seasonal category promotion,3,24
15722,General Customers,2410.3908014754447,High,0.0,Low,Engagement / category promotion,Email,Seasonal category promotion,3,33
14930,General Customers,2410.129304726091,High,0.0,Low,Engagement / category promotion,Email,Seasonal category promotion,3,50
17669,General Customers,2404.004027625748,High,0.0031252953407050373,Low,Engagement / category promotion,Email,Seasonal category promotion,3,34
16011,General Customers,2403.891161599862,High,0.00040508323097436673,Low,Engagement / category promotion,Email,Seasonal category promotion,3,15
15687,General Customers,2402.5206494597787,High,4.531645721401871e-05,Low,Engagement / category promotion,Email,Seasonal category promotion,3,21
16477,General Customers,2400.6470379777043,High,4.531645721401871e-05,Low,Engagement / category promotion,Email,Seasonal category promotion,3,23
16983,General Customers,2400.4452057315266,High,4.531645721401871e-05,Low,Engagement / category promotion,Email,Seasonal category promotion,3,24
12754,Noise / Uncategorised,2383.1140239039405,High,0.40778929650998963,Medium,Standard newsletter,Email,"General newsletter, no targeted offer",3,14
14257,General Customers,2372.0945894460037,High,0.0,Low,Engagement / category promotion,Email,Seasonal category promotion,3,39
14112,General Customers,2371.797178576773,High,0.0,Low,Engagement / category promotion,Email,Seasonal category promotion,3,29
13593,General Customers,2368.078446408997,High,4.531645721401871e-05,Low,Engagement / category promotion,Email,Seasonal category promotion,3,23
14691,General Customers,2364.1081159108085,High,0.17769317715825855,Low,Engagement / category promotion,Email,Seasonal category promotion,3,22
15606,General Customers,2361.718192274815,High,4.531645721401871e-05,Low,Engagement / category promotion,Email,Seasonal category promotion,3,21
16003,General Customers,2359.43945930067,High,0.0,Low,Engagement / category promotion,Email,Seasonal category promotion,3,42
14825,General Customers,2356.0772722897746,High,4.531645721401871e-05,Low,Engagement / category promotion,Email,Seasonal category promotion,3,15
18145,General Customers,2356.0687299961787,High,0.0,Low,Engagement / category promotion,Email,Seasonal category promotion,3,39
15024,General Customers,2355.181026644199,High,0.00040508323097436673,Low,Engagement / category promotion,Email,Seasonal category promotion,3,16
15628,General Customers,2351.766437943116,High,4.531645721401871e-05,Low,Engagement / category promotion,Email,Seasonal category promotion,3,25
12684,General Customers,2339.4065165726493,High,0.020126145209127217,Low,Engagement / category promotion,Email,Seasonal category promotion,3,18
13988,General Customers,2330.1165333430517,High,0.0,Low,Engagement / category promotion,Email,Seasonal category promotion,3,45
15443,General Customers,2329.816876684459,High,4.531645721401871e-05,Low,Engagement / category promotion,Email,Seasonal category promotion,3,27
14099,General Customers,2326.4527768989747,High,4.531645721401871e-05,Low,Engagement / category promotion,Email,Seasonal category promotion,3,21
17069,General Customers,2321.9528847545002,High,0.0,Low,Engagement / category promotion,Email,Seasonal category promotion,3,30
13507,General Customers,2318.813694857291,High,0.19196626608992481,Low,Engagement / category promotion,Email,Seasonal category promotion,3,21
13880,General Customers,2311.103807507183,High,4.531645721401871e-05,Low,Engagement / category promotion,Email,Seasonal category promotion,3,19
12362,General Customers,2305.51521227063,High,0.0,Low,Engagement / category promotion,Email,Seasonal category promotion,3,40
14732,General Customers,2304.393869554946,High,4.531645721401871e-05,Low,Engagement / category promotion,Email,Seasonal category promotion,3,23
14235,General Customers,2299.5361198094224,High,0.0,Low,Engagement / category promotion,Email,Seasonal category promotion,3,36
16320,General Customers,2299.359161882316,High,0.0,Low,Engagement / category promotion,Email,Seasonal category promotion,3,51
15527,General Customers,2296.632682466812,High,4.531645721401871e-05,Low,Engagement / category promotion,Email,Seasonal category promotion,3,18
14210,General Customers,2287.26697819839,High,4.531645721401871e-05,Low,Engagement / category promotion,Email,Seasonal category promotion,3,22
14493,General Customers,2285.550593760989,High,0.0,Low,Engagement / category promotion,Email,Seasonal category promotion,3,38
13297,General Customers,2280.3551669944127,High,0.0,Low,Engagement / category promotion,Email,Seasonal category promotion,3,46
16409,General Customers,2279.766921285175,High,0.0,Low,Engagement / category promotion,Email,Seasonal category promotion,3,34
14250,Noise / Uncategorised,2272.771037396982,High,0.294899801306369,Medium,Standard newsletter,Email,"General newsletter, no targeted offer",3,16
15356,General Customers,2266.5859808979862,High,4.531645721401871e-05,Low,Engagement / category promotion,Email,Seasonal category promotion,3,18
17387,General Customers,2262.8580592134217,High,0.11433786782362039,Low,Engagement / category promotion,Email,Seasonal category promotion,3,4
14713,General Customers,2256.785780811841,High,4.531645721401871e-05,Low,Engagement / category promotion,Email,Seasonal category promotion,3,21
16533,General Customers,2254.600078999001,High,0.15504176056619434,Low,Engagement / category promotion,Email,Seasonal category promotion,3,10
15394,General Customers,2252.419832432931,High,0.0,Low,Engagement / category promotion,Email,Seasonal category promotion,3,39
17612,General Customers,2252.21375331379,High,4.531645721401871e-05,Low,Engagement / category promotion,Email,Seasonal category promotion,3,22
15485,General Customers,2252.013824122153,High,0.0028577601339490667,Low,Engagement / category promotion,Email,Seasonal category promotion,3,61
17663,General Customers,2250.725415261103,High,4.531645721401871e-05,Low,Engagement / category promotion,Email,Seasonal category promotion,3,22
13107,General Customers,2246.824525356876,High,0.0,Low,Engagement / category promotion,Email,Seasonal category promotion,3,42
13975,General Customers,2245.7792425417983,High,0.0,Low,Engagement / category promotion,Email,Seasonal category promotion,3,32
16164,General Customers,2241.2789951990685,High,0.18316731578066714,Low,Engagement / category promotion,Email,Seasonal category promotion,3,5
12708,General Customers,2240.456124337339,High,4.531645721401871e-05,Low,Engagement / category promotion,Email,Seasonal category promotion,3,23
14913,General Customers,2234.776727038246,High,0.0010537216828478962,Low,Engagement / category promotion,Email,Seasonal category promotion,3,34
12422,General Customers,2234.465921969713,High,4.531645721401871e-05,Low,Engagement / category promotion,Email,Seasonal category promotion,3,22
15641,General Customers,2233.847366813429,High,0.0,Low,Engagement / category promotion,Email,Seasonal category promotion,3,31
12483,General Customers,2230.920539762044,High,4.531645721401871e-05,Low,Engagement / category promotion,Email,Seasonal category promotion,3,21
13329,General Customers,2227.335560764381,High,0.00042013570438835746,Low,Engagement / category promotion,Email,Seasonal category promotion,3,53
16669,General Customers,2226.1648100618495,High,0.18515890148598424,Low,Engagement / category promotion,Email,Seasonal category promotion,3,11
14626,General Customers,2214.148802574608,High,0.0,Low,Engagement / category promotion,Email,Seasonal category promotion,3,38
15932,General Customers,2211.761839525622,High,0.01311794779096679,Low,Engagement / category promotion,Email,Seasonal category promotion,3,21
17146,General Customers,2210.123114701705,High,4.531645721401871e-05,Low,Engagement / category promotion,Email,Seasonal category promotion,3,26
16173,General Customers,2205.5820900597732,High,0.1616690793438369,Low,Engagement / category promotion,Email,Seasonal category promotion,3,8
14673,General Customers,2203.4924018235583,High,0.002223342788107994,Low,Engagement / category promotion,Email,Seasonal category promotion,3,35
13495,General Customers,2200.532539557862,High,0.0,Low,Engagement / category promotion,Email,Seasonal category promotion,3,43
16393,General Customers,2199.02427331633,High,4.531645721401871e-05,Low,Engagement / category promotion,Email,Seasonal category promotion,3,19
14209,General Customers,2195.38586178645,High,4.531645721401871e-05,Low,Engagement / category promotion,Email,Seasonal category promotion,3,27
13224,Noise / Uncategorised,2193.0762827634207,High,0.28951488907402145,Medium,Standard newsletter,Email,"General newsletter, no targeted offer",3,27
12721,General Customers,2187.0885210966644,High,0.002587821299706133,Low,Engagement / category promotion,Email,Seasonal category promotion,3,33
14970,General Customers,2186.4429874856182,High,0.0,Low,Engagement / category promotion,Email,Seasonal category promotion,3,30
12928,General Customers,2185.925895338134,High,4.531645721401871e-05,Low,Engagement / category promotion,Email,Seasonal category promotion,3,26
14539,General Customers,2184.792882648422,High,0.20933973166322198,Low,Engagement / category promotion,Email,Seasonal category promotion,3,8
15801,General Customers,2176.588869703993,High,0.2045003890664216,Low,Engagement / category promotion,Email,Seasonal category promotion,3,13
17402,General Customers,2169.292721149887,High,4.531645721401871e-05,Low,Engagement / category promotion,Email,Seasonal category promotion,3,19
15854,General Customers,2168.782659150471,High,4.531645721401871e-05,Low,Engagement / category promotion,Email,Seasonal category promotion,3,21
17213,General Customers,2167.5118668061687,High,0.0,Low,Engagement / category promotion,Email,Seasonal category promotion,3,32
15152,General Customers,2164.1852778753264,High,0.0,Low,Engagement / category promotion,Email,Seasonal category promotion,3,30
15351,General Customers,2161.806008314409,High,4.531645721401871e-05,Low,Engagement / category promotion,Email,Seasonal category promotion,3,25
13634,General Customers,2156.8411131065955,High,4.531645721401871e-05,Low,Engagement / category promotion,Email,Seasonal category promotion,3,25
14565,General Customers,2149.8296972933013,High,0.0,Low,Engagement / category promotion,Email,Seasonal category promotion,3,45
15245,General Customers,2147.4010198654005,High,0.00042013570438835746,Low,Engagement / category promotion,Email,Seasonal category promotion,3,35
17837,Noise / Uncategorised,2147.270729888311,High,0.3510801049562036,Medium,Standard newsletter,Email,"General newsletter, no targeted offer",3,9
14307,General Customers,2143.72809886098,High,0.0,Low,Engagement / category promotion,Email,Seasonal category promotion,3,39
18210,General Customers,2143.326196854934,High,0.00186349588349303,Low,Engagement / category promotion,Email,Seasonal category promotion,3,33
16128,General Customers,2140.240855283036,High,4.531645721401871e-05,Low,Engagement / category promotion,Email,Seasonal category promotion,3,27
16255,General Customers,2139.3432209457405,High,4.531645721401871e-05,Low,Engagement / category promotion,Email,Seasonal category promotion,3,27
13851,General Customers,2139.1051458056772,High,0.0,Low,Engagement / category promotion,Email,Seasonal category promotion,3,44
15114,General Customers,2138.7334458094065,High,4.531645721401871e-05,Low,Engagement / category promotion,Email,Seasonal category promotion,3,20
14502,General Customers,2138.231877143839,High,4.531645721401871e-05,Low,Engagement / category promotion,Email,Seasonal category promotion,3,16
18093,General Customers,2132.6483898198967,High,7.274682153723928e-05,Low,Engagement / category promotion,Email,Seasonal category promotion,3,39
15812,General Customers,2131.7282770477373,High,0.0,Low,Engagement / category promotion,Email,Seasonal category promotion,3,31
12526,Noise / Uncategorised,2130.800989565905,High,0.3607411670888036,Medium,Standard newsletter,Email,"General newsletter, no targeted offer",3,19
14334,General Customers,2130.557265989021,High,4.531645721401871e-05,Low,Engagement / category promotion,Email,Seasonal category promotion,3,28
12633,General Customers,2126.368842296944,High,0.0,Low,Engagement / category promotion,Email,Seasonal category promotion,3,40
14639,General Customers,2126.078974337291,High,0.0,Low,Engagement / category promotion,Email,Seasonal category promotion,3,41
16539,General Customers,2114.7251471804616,High,0.0,Low,Engagement / category promotion,Email,Seasonal category promotion,3,32
14191,General Customers,2111.1561601689114,High,0.0,Low,Engagement / category promotion,Email,Seasonal category promotion,3,29
16081,General Customers,2110.657150832146,High,0.0010537216828478962,Low,Engagement / category promotion,Email,Seasonal category promotion,3,46
13456,General Customers,2107.013697341402,High,0.164389444065715,Low,Engagement / category promotion,Email,Seasonal category promotion,3,19
13908,General Customers,2103.9099587346745,High,0.0,Low,Engagement / category promotion,Email,Seasonal category promotion,3,29
15365,General Customers,2100.5164926083303,High,0.0,Low,Engagement / category promotion,Email,Seasonal category promotion,3,30
14442,General Customers,2098.1780504652497,High,0.0,Low,Engagement / category promotion,Email,Seasonal category promotion,3,42
12352,General Customers,2097.1848065188474,High,4.531645721401871e-05,Low,Engagement / category promotion,Email,Seasonal category promotion,3,21
17554,Noise / Uncategorised,2095.9513371716744,High,0.258458061779773,Medium,Standard newsletter,Email,"General newsletter, no targeted offer",3,18
14591,General Customers,2095.020337454478,High,0.005844590446515615,Low,Engagement / category promotion,Email,Seasonal category promotion,3,30
15416,General Customers,2092.31605039297,High,0.0,Low,Engagement / category promotion,Email,Seasonal category promotion,3,52
17469,General Customers,2088.2002158112164,High,4.531645721401871e-05,Low,Engagement / category promotion,Email,Seasonal category promotion,3,25
16153,General Customers,2087.401942576257,High,4.531645721401871e-05,Low,Engagement / category promotion,Email,Seasonal category promotion,3,28
14107,General Customers,2086.0360619148037,High,0.0,Low,Engagement / category promotion,Email,Seasonal category promotion,3,37
14744,General Customers,2085.666335140816,High,4.531645721401871e-05,Low,Engagement / category promotion,Email,Seasonal category promotion,3,24
17157,General Customers,2084.294843360175,High,4.531645721401871e-05,Low,Engagement / category promotion,Email,Seasonal category promotion,3,23
17519,General Customers,2081.069716018813,High,0.0,Low,Engagement / category promotion,Email,Seasonal category promotion,3,29
16905,General Customers,2080.333202475337,High,4.531645721401871e-05,Low,Engagement / category promotion,Email,Seasonal category promotion,3,26
17861,General Customers,2078.8680122060828,High,4.531645721401871e-05,Low,Engagement / category promotion,Email,Seasonal category promotion,3,24
12510,General Customers,2078.2067352545655,High,0.0,Low,Engagement / category promotion,Email,Seasonal category promotion,3,39
12619,General Customers,2068.5743875863645,High,0.0,Low,Engagement / category promotion,Email,Seasonal category promotion,3,33
14498,General Customers,2066.4527107969516,High,0.0,Low,Engagement / category promotion,Email,Seasonal category promotion,3,30
12360,General Customers,2066.2656254891845,High,0.0010537216828478962,Low,Engagement / category promotion,Email,Seasonal category promotion,3,45
18257,General Customers,2061.879922921934,High,0.0,Low,Engagement / category promotion,Email,Seasonal category promotion,3,31
16743,General Customers,2060.671841742849,High,4.531645721401871e-05,Low,Engagement / category promotion,Email,Seasonal category promotion,3,24
14546,General Customers,2059.0262954283917,High,0.0,Low,Engagement / category promotion,Email,Seasonal category promotion,3,40
12395,General Customers,2058.674170894281,High,4.531645721401871e-05,Low,Engagement / category promotion,Email,Seasonal category promotion,3,23
13875,General Customers,2056.6089297939575,High,0.0,Low,Engagement / category promotion,Email,Seasonal category promotion,3,29
14178,General Customers,2055.6620108241286,High,0.2272995245683343,Low,Engagement / category promotion,Email,Seasonal category promotion,3,15
16326,General Customers,2055.4976724514745,High,4.531645721401871e-05,Low,Engagement / category promotion,Email,Seasonal category promotion,3,17
13971,General Customers,2055.0649821002194,High,0.0,Low,Engagement / category promotion,Email,Seasonal category promotion,3,28
17164,General Customers,2052.0466533472077,High,0.012212395188738248,Low,Engagement / category promotion,Email,Seasonal category promotion,3,21
16200,General Customers,2051.859590874974,High,0.0,Low,Engagement / category promotion,Email,Seasonal category promotion,3,37
17314,General Customers,2051.4512164922407,High,4.531645721401871e-05,Low,Engagement / category promotion,Email,Seasonal category promotion,3,25
12600,General Customers,2048.1826501872333,High,0.004765806468204314,Low,Engagement / category promotion,Email,Seasonal category promotion,3,20
16143,General Customers,2046.8144207848306,High,0.0,Low,Engagement / category promotion,Email,Seasonal category promotion,3,36
17682,General Customers,2045.3644210131981,High,0.0,Low,Engagement / category promotion,Email,Seasonal category promotion,3,34
15050,General Customers,2042.4617574899544,High,0.0,Low,Engagement / category promotion,Email,Seasonal category promotion,3,55
14515,General Customers,2036.1788849276097,High,4.531645721401871e-05,Low,Engagement / category promotion,Email,Seasonal category promotion,3,27
12759,General Customers,2033.443532327048,High,0.0,Low,Engagement / category promotion,Email,Seasonal category promotion,3,51
17449,General Customers,2032.8780832448556,High,0.0,Low,Engagement / category promotion,Email,Seasonal category promotion,3,34
18069,General Customers,2031.7593243929498,High,0.0,Low,Engagement / category promotion,Email,Seasonal category promotion,3,34
13450,General Customers,2028.5593140105864,High,4.531645721401871e-05,Low,Engagement / category promotion,Email,Seasonal category promotion,3,27
13527,General Customers,2027.352326815604,High,0.0,Low,Engagement / category promotion,Email,Seasonal category promotion,3,33
17802,General Customers,2026.6241374863123,High,0.0,Low,Engagement / category promotion,Email,Seasonal category promotion,3,39
13021,General Customers,2024.818747198621,High,4.531645721401871e-05,Low,Engagement / category promotion,Email,Seasonal category promotion,3,26
12589,General Customers,2020.3859575103388,High,0.0,Low,Engagement / category promotion,Email,Seasonal category promotion,3,50
16759,General Customers,2019.8853462818006,High,0.19928457226651153,Low,Engagement / category promotion,Email,Seasonal category promotion,3,5
18097,General Customers,2017.972894321701,High,0.0,Low,Engagement / category promotion,Email,Seasonal category promotion,3,39
15811,General Customers,2015.7264659027378,High,0.0003293962666347931,Low,Engagement / category promotion,Email,Seasonal category promotion,3,31
17050,General Customers,2013.1792241296807,High,0.0,Low,Engagement / category promotion,Email,Seasonal category promotion,3,32
13212,General Customers,2012.9099996737416,High,0.13643192437274654,Low,Engagement / category promotion,Email,Seasonal category promotion,3,8
17523,Noise / Uncategorised,2009.5617129885393,High,0.3070550761059395,Medium,Standard newsletter,Email,"General newsletter, no targeted offer",3,1
16775,General Customers,2008.0491065939273,High,0.00040508323097436673,Low,Engagement / category promotion,Email,Seasonal category promotion,3,16
17512,General Customers,2003.900069736679,High,4.531645721401871e-05,Low,Engagement / category promotion,Email,Seasonal category promotion,3,23
18235,General Customers,2000.2824364021812,High,0.20538616583352845,Low,Engagement / category promotion,Email,Seasonal category promotion,3,29
14032,General Customers,1998.6354899186913,High,4.531645721401871e-05,Low,Engagement / category promotion,Email,Seasonal category promotion,3,27
15410,General Customers,1997.2890319957398,High,0.0,Low,Engagement / category promotion,Email,Seasonal category promotion,3,31
16942,General Customers,1996.7409020201685,High,0.00040508323097436673,Low,Engagement / category promotion,Email,Seasonal category promotion,3,14
17191,General Customers,1995.35680386197,High,0.0,Low,Engagement / category promotion,Email,Seasonal category promotion,3,28
15845,General Customers,1992.684711914696,High,0.0,Low,Engagement / category promotion,Email,Seasonal category promotion,3,36
14441,General Customers,1990.7081643906174,High,0.0,Low,Engagement / category promotion,Email,Seasonal category promotion,3,38
15572,General Customers,1984.1933488675388,High,0.0,Low,Engagement / category promotion,Email,Seasonal category promotion,3,36
12674,General Customers,1982.1281918139366,High,0.12385186873066673,Low,Engagement / category promotion,Email,Seasonal category promotion,3,25
17930,General Customers,1981.3600053613036,High,7.274682153723928e-05,Low,Engagement / category promotion,Email,Seasonal category promotion,3,28
13213,General Customers,1976.8517096592275,High,4.531645721401871e-05,Low,Engagement / category promotion,Email,Seasonal category promotion,3,28
13265,General Customers,1970.0438011944987,High,0.00130966161316625,Low,Engagement / category promotion,Email,Seasonal category promotion,3,26
12935,General Customers,1964.1535726918805,High,4.531645721401871e-05,Low,Engagement / category promotion,Email,Seasonal category promotion,3,24
17442,General Customers,1961.9810064563048,High,4.531645721401871e-05,Low,Engagement / category promotion,Email,Seasonal category promotion,3,25
12424,General Customers,1960.9618653526923,High,0.00042013570438835746,Low,Engagement / category promotion,Email,Seasonal category promotion,3,58
16571,General Customers,1959.1283144414942,High,0.0,Low,Engagement / category promotion,Email,Seasonal category promotion,3,36
14466,General Customers,1958.9223953515593,High,0.0,Low,Engagement / category promotion,Email,Seasonal category promotion,3,32
16618,General Customers,1957.246619056659,High,0.0,Low,Engagement / category promotion,Email,Seasonal category promotion,3,35
17596,General Customers,1956.4254577304782,High,0.0,Low,Engagement / category promotion,Email,Seasonal category promotion,3,32
13510,General Customers,1954.4492630033972,High,0.0,Low,Engagement / category promotion,Email,Seasonal category promotion,3,39
13911,General Customers,1952.9503886403606,High,4.531645721401871e-05,Low,Engagement / category promotion,Email,Seasonal category promotion,3,18
14934,General Customers,1950.2854416669954,High,0.0,Low,Engagement / category promotion,Email,Seasonal category promotion,3,43
12598,General Customers,1949.5056620081207,High,0.0,Low,Engagement / category promotion,Email,Seasonal category promotion,3,35
12952,General Customers,1946.9404128554625,High,0.17125270262343176,Low,Engagement / category promotion,Email,Seasonal category promotion,3,11
12916,General Customers,1946.0382114739966,High,0.0,Low,Engagement / category promotion,Email,Seasonal category promotion,3,47
15500,General Customers,1944.813382740444,High,0.1879846003971399,Low,Engagement / category promotion,Email,Seasonal category promotion,3,11
16293,General Customers,1943.9581175731146,High,0.0,Low,Engagement / category promotion,Email,Seasonal category promotion,3,28
16209,General Customers,1940.0561068104885,High,7.274682153723928e-05,Low,Engagement / category promotion,Email,Seasonal category promotion,3,31
12371,General Customers,1939.0647824485827,High,0.0,Low,Engagement / category promotion,Email,Seasonal category promotion,3,72
17422,General Customers,1936.0073152014886,High,0.0,Low,Engagement / category promotion,Email,Seasonal category promotion,3,28
12876,General Customers,1934.759135008931,High,0.0,Low,Engagement / category promotion,Email,Seasonal category promotion,3,80
15933,General Customers,1930.7834819884915,High,0.20695148975148475,Low,Engagement / category promotion,Email,Seasonal category promotion,3,13
15367,General Customers,1929.0625713241188,High,0.0,Low,Engagement / category promotion,Email,Seasonal category promotion,3,37
15532,General Customers,1924.2204117661229,High,0.0,Low,Engagement / category promotion,Email,Seasonal category promotion,3,31
17738,General Customers,1922.5232754080594,High,0.0,Low,Engagement / category promotion,Email,Seasonal category promotion,3,28
12388,General Customers,1922.5074443470821,High,0.0,Low,Engagement / category promotion,Email,Seasonal category promotion,3,42
17502,Noise / Uncategorised,1912.2482318320774,High,0.260676323618894,Medium,Standard newsletter,Email,"General newsletter, no targeted offer",3,3
13246,General Customers,1909.019054464183,High,4.531645721401871e-05,Low,Engagement / category promotion,Email,Seasonal category promotion,3,28
15815,General Customers,1908.9359534586588,High,0.000118063278751258,Low,Engagement / category promotion,Email,Seasonal category promotion,3,24
17744,General Customers,1907.6648204585752,High,0.00186349588349303,Low,Engagement / category promotion,Email,Seasonal category promotion,3,32
15122,General Customers,1907.3621020907685,High,4.531645721401871e-05,Low,Engagement / category promotion,Email,Seasonal category promotion,3,28
15707,General Customers,1904.6514826163373,High,0.13866084846621826,Low,Engagement / category promotion,Email,Seasonal category promotion,3,8
15594,General Customers,1904.3036554087873,High,0.00130966161316625,Low,Engagement / category promotion,Email,Seasonal category promotion,3,26
17220,General Customers,1904.01635730757,High,4.531645721401871e-05,Low,Engagement / category promotion,Email,Seasonal category promotion,3,19
12370,General Customers,1902.324924424571,High,0.0,Low,Engagement / category promotion,Email,Seasonal category promotion,3,53
12455,General Customers,1901.8903956840975,High,0.0,Low,Engagement / category promotion,Email,Seasonal category promotion,3,39
13571,General Customers,1901.8492966204121,High,4.531645721401871e-05,Low,Engagement / category promotion,Email,Seasonal category promotion,3,17
14701,General Customers,1897.1649659805107,High,4.531645721401871e-05,Low,Engagement / category promotion,Email,Seasonal category promotion,3,27
18272,General Customers,1896.8789904196947,High,0.0,Low,Engagement / category promotion,Email,Seasonal category promotion,3,43
16503,General Customers,1894.887011454893,High,4.531645721401871e-05,Low,Engagement / category promotion,Email,Seasonal category promotion,3,23
14700,General Customers,1893.7578165405012,High,0.0,Low,Engagement / category promotion,Email,Seasonal category promotion,3,54
15861,General Customers,1890.2961133012343,High,0.0,Low,Engagement / category promotion,Email,Seasonal category promotion,3,33
15411,General Customers,1889.3761685191735,High,0.13541770434284114,Low,Engagement / category promotion,Email,Seasonal category promotion,3,23
17188,General Customers,1887.465760414219,High,0.0,Low,Engagement / category promotion,Email,Seasonal category promotion,3,33
13429,General Customers,1886.938916480655,High,0.1806398573901016,Low,Engagement / category promotion,Email,Seasonal category promotion,3,10
12669,Noise / Uncategorised,1882.5709734474988,High,0.3230395866476118,Medium,Standard newsletter,Email,"General newsletter, no targeted offer",3,21
15002,General Customers,1879.620516612109,High,0.0,Low,Engagement / category promotion,Email,Seasonal category promotion,3,39
13804,General Customers,1877.806599381224,High,4.531645721401871e-05,Low,Engagement / category promotion,Email,Seasonal category promotion,3,27
18064,General Customers,1877.291756087446,High,0.0023087664179430117,Low,Engagement / category promotion,Email,Seasonal category promotion,3,30
14567,Noise / Uncategorised,1876.1640080747325,High,0.40504131863926995,Medium,Standard newsletter,Email,"General newsletter, no targeted offer",3,22
12840,General Customers,1865.5973621416304,High,0.0,Low,Engagement / category promotion,Email,Seasonal category promotion,3,45
15680,General Customers,1864.7535648874336,High,0.0,Low,Engagement / category promotion,Email,Seasonal category promotion,3,44
13562,General Customers,1863.827749927808,High,0.0,Low,Engagement / category promotion,Email,Seasonal category promotion,3,46
15654,Noise / Uncategorised,1861.5187732441423,High,0.2534127195923117,Medium,Standard newsletter,Email,"General newsletter, no targeted offer",3,5
16098,General Customers,1860.125134700058,High,4.531645721401871e-05,Low,Engagement / category promotion,Email,Seasonal category promotion,3,27
12726,General Customers,1859.750539205117,High,0.0,Low,Engagement / category promotion,Email,Seasonal category promotion,3,32
17754,General Customers,1859.5107779974815,High,0.0,Low,Engagement / category promotion,Email,Seasonal category promotion,3,34
15392,General Customers,1859.4356404971008,High,0.0003293962666347931,Low,Engagement / category promotion,Email,Seasonal category promotion,3,37
14854,General Customers,1858.1286751261055,High,0.0,Low,Engagement / category promotion,Email,Seasonal category promotion,3,33
17082,General Customers,1855.221410819634,High,0.0,Low,Engagement / category promotion,Email,Seasonal category promotion,3,69
15493,General Customers,1854.6118206061383,High,0.0,Low,Engagement / category promotion,Email,Seasonal category promotion,3,41
17702,General Customers,1842.7273627754928,High,0.0003293962666347931,Low,Engagement / category promotion,Email,Seasonal category promotion,3,37
13491,General Customers,1840.5961716947481,High,0.00040508323097436673,Low,Engagement / category promotion,Email,Seasonal category promotion,3,15
12523,General Customers,1839.9971443550503,High,4.531645721401871e-05,Low,Engagement / category promotion,Email,Seasonal category promotion,3,19
15787,General Customers,1833.0488440860786,High,0.12559971289677704,Low,Engagement / category promotion,Email,Seasonal category promotion,3,7
14211,General Customers,1826.9661725672381,High,4.531645721401871e-05,Low,Engagement / category promotion,Email,Seasonal category promotion,3,23
18259,General Customers,1825.667721600219,High,0.00042013570438835746,Low,Engagement / category promotion,Email,Seasonal category promotion,3,61
16150,General Customers,1824.3398481049398,High,0.0,Low,Engagement / category promotion,Email,Seasonal category promotion,3,41
16912,General Customers,1823.3200282981106,High,0.0,Low,Engagement / category promotion,Email,Seasonal category promotion,3,28
15067,General Customers,1821.7000839411974,High,0.0,Low,Engagement / category promotion,Email,Seasonal category promotion,3,63
14341,General Customers,1820.4481285040642,High,4.531645721401871e-05,Low,Engagement / category promotion,Email,Seasonal category promotion,3,23
17673,General Customers,1819.7229780779667,High,0.0,Low,Engagement / category promotion,Email,Seasonal category promotion,3,29
15203,General Customers,1816.4492267062462,High,0.0,Low,Engagement / category promotion,Email,Seasonal category promotion,3,28
18287,General Customers,1816.1868264717195,High,0.0,Low,Engagement / category promotion,Email,Seasonal category promotion,3,45
14659,General Customers,1816.1540695475203,High,0.003116548245175207,Low,Engagement / category promotion,Email,Seasonal category promotion,3,20
13630,General Customers,1804.1370184709185,High,0.000118063278751258,Low,Engagement / category promotion,Email,Seasonal category promotion,3,24
13931,General Customers,1802.2463214178074,High,0.0,Low,Engagement / category promotion,Email,Seasonal category promotion,3,35
15370,General Customers,1797.7256481091915,High,4.531645721401871e-05,Low,Engagement / category promotion,Email,Seasonal category promotion,3,28
16744,General Customers,1796.126873939112,High,0.1470527281530212,Low,Engagement / category promotion,Email,Seasonal category promotion,3,14
16563,General Customers,1794.691882696723,High,0.00042013570438835746,Low,Engagement / category promotion,Email,Seasonal category promotion,3,68
16094,General Customers,1792.75587246003,High,0.0,Low,Engagement / category promotion,Email,Seasonal category promotion,3,32
14309,General Customers,1790.9030300889303,High,0.0,Low,Engagement / category promotion,Email,Seasonal category promotion,3,30
16817,General Customers,1790.237834192869,High,4.531645721401871e-05,Low,Engagement / category promotion,Email,Seasonal category promotion,3,20
16455,General Customers,1786.5811913501284,High,0.0,Low,Engagement / category promotion,Email,Seasonal category promotion,3,30
17284,General Customers,1785.1283773349926,High,0.0015807084658480653,Low,Engagement / category promotion,Email,Seasonal category promotion,3,29
17272,General Customers,1785.025419520975,High,0.0,Low,Engagement / category promotion,Email,Seasonal category promotion,3,33
15791,General Customers,1784.7674618551446,High,0.0,Low,Engagement / category promotion,Email,Seasonal category promotion,3,72
14409,General Customers,1782.6343440037433,High,0.0,Low,Engagement / category promotion,Email,Seasonal category promotion,3,33
15665,General Customers,1782.5521355736937,High,0.0,Low,Engagement / category promotion,Email,Seasonal category promotion,3,56
12520,General Customers,1780.680274540079,High,0.016204084897041202,Low,Engagement / category promotion,Email,Seasonal category promotion,3,23
17096,General Customers,1778.5617859905226,High,0.0,Low,Engagement / category promotion,Email,Seasonal category promotion,3,29
12919,General Customers,1778.5312826073732,High,0.21105924115039762,Low,Engagement / category promotion,Email,Seasonal category promotion,3,16
16979,General Customers,1775.4527491756457,High,0.0,Low,Engagement / category promotion,Email,Seasonal category promotion,3,30
16283,General Customers,1775.4049944212602,High,0.0010537216828478962,Low,Engagement / category promotion,Email,Seasonal category promotion,3,48
12670,General Customers,1775.3339235956107,High,0.0,Low,Engagement / category promotion,Email,Seasonal category promotion,3,56
14407,General Customers,1773.5436673258278,High,0.16049864152767085,Low,Engagement / category promotion,Email,Seasonal category promotion,3,17
14047,General Customers,1771.5364132967609,High,0.0,Low,Engagement / category promotion,Email,Seasonal category promotion,3,29
18077,General Customers,1768.0917901763976,High,4.531645721401871e-05,Low,Engagement / category promotion,Email,Seasonal category promotion,3,24
14239,General Customers,1765.88944974259,High,4.531645721401871e-05,Low,Engagement / category promotion,Email,Seasonal category promotion,3,20
14696,General Customers,1764.3654829220206,High,0.002587821299706133,Low,Engagement / category promotion,Email,Seasonal category promotion,3,31
15819,General Customers,1763.340954160154,High,0.0,Low,Engagement / category promotion,Email,Seasonal category promotion,3,35
15373,General Customers,1758.857709836541,High,4.531645721401871e-05,Low,Engagement / category promotion,Email,Seasonal category promotion,3,20
13048,General Customers,1757.6543177710805,High,0.0,Low,Engagement / category promotion,Email,Seasonal category promotion,3,44
16929,Noise / Uncategorised,1757.435790093692,High,0.26463567043691516,Medium,Standard newsletter,Email,"General newsletter, no targeted offer",3,13
14963,General Customers,1756.4936760301355,High,4.531645721401871e-05,Low,Engagement / category promotion,Email,Seasonal category promotion,3,26
13659,General Customers,1754.3435381047636,High,4.531645721401871e-05,Low,Engagement / category promotion,Email,Seasonal category promotion,3,23
17218,General Customers,1753.8781351026264,High,4.531645721401871e-05,Low,Engagement / category promotion,Email,Seasonal category promotion,3,23
13632,General Customers,1753.5729362797133,High,0.0010537216828478962,Low,Engagement / category promotion,Email,Seasonal category promotion,3,44
13126,General Customers,1748.295522502296,High,0.0,Low,Engagement / category promotion,Email,Seasonal category promotion,3,30
16407,General Customers,1745.7596416092697,High,4.531645721401871e-05,Low,Engagement / category promotion,Email,Seasonal category promotion,3,18
12963,General Customers,1745.3941667888457,High,4.531645721401871e-05,Low,Engagement / category promotion,Email,Seasonal category promotion,3,26
17667,General Customers,1744.782967868883,High,0.0,Low,Engagement / category promotion,Email,Seasonal category promotion,3,39
12940,General Customers,1743.580694543187,High,0.17748044471106442,Low,Engagement / category promotion,Email,Seasonal category promotion,3,10
15518,General Customers,1741.2183071623617,High,4.531645721401871e-05,Low,Engagement / category promotion,Email,Seasonal category promotion,3,26
14163,General Customers,1737.8605371933354,High,7.274682153723928e-05,Low,Engagement / category promotion,Email,Seasonal category promotion,3,45
15696,General Customers,1735.0325849627545,High,0.0,Low,Engagement / category promotion,Email,Seasonal category promotion,3,30
15288,General Customers,1734.9312647876704,High,0.0,Low,Engagement / category promotion,Email,Seasonal category promotion,3,37
13862,General Customers,1734.468957658855,High,4.531645721401871e-05,Low,Engagement / category promotion,Email,Seasonal category promotion,3,25
17288,General Customers,1733.710350232476,High,4.531645721401871e-05,Low,Engagement / category promotion,Email,Seasonal category promotion,3,21
14882,General Customers,1731.9212160340498,High,0.000118063278751258,Low,Engagement / category promotion,Email,Seasonal category promotion,3,25
14878,General Customers,1728.8592085382681,High,0.00040508323097436673,Low,Engagement / category promotion,Email,Seasonal category promotion,3,15
12560,Noise / Uncategorised,1727.6723250586447,High,0.2618503291232276,Medium,Standard newsletter,Email,"General newsletter, no targeted offer",3,27
17412,General Customers,1722.8870326148242,High,4.531645721401871e-05,Low,Engagement / category promotion,Email,Seasonal category promotion,3,28
15240,General Customers,1715.9868011264398,High,0.0,Low,Engagement / category promotion,Email,Seasonal category promotion,3,34
17597,General Customers,1715.4288108864125,High,0.0,Low,Engagement / category promotion,Email,Seasonal category promotion,3,44
17400,General Customers,1715.3451355953366,High,0.0,Low,Engagement / category promotion,Email,Seasonal category promotion,3,45
13982,General Customers,1714.2214642653082,High,0.0,Low,Engagement / category promotion,Email,Seasonal category promotion,3,43
16841,General Customers,1712.0081551661765,High,0.0,Low,Engagement / category promotion,Email,Seasonal category promotion,3,33
12530,General Customers,1711.5174441831014,High,0.0,Low,Engagement / category promotion,Email,Seasonal category promotion,3,39
16341,General Customers,1708.247584334477,High,0.0003293962666347931,Low,Engagement / category promotion,Email,Seasonal category promotion,3,50
17671,General Customers,1703.9389960699305,High,0.0,Low,Engagement / category promotion,Email,Seasonal category promotion,3,43
16053,General Customers,1699.9190036153443,High,0.0,Low,Engagement / category promotion,Email,Seasonal category promotion,3,58
15906,General Customers,1693.9435518583778,High,4.531645721401871e-05,Low,Engagement / category promotion,Email,Seasonal category promotion,3,26
12838,General Customers,1693.2903658624512,High,0.0,Low,Engagement / category promotion,Email,Seasonal category promotion,3,34
13750,General Customers,1691.4077097631275,High,7.274682153723928e-05,Low,Engagement / category promotion,Email,Seasonal category promotion,3,31
13323,Noise / Uncategorised,1691.237859919474,High,0.2876659458470187,Medium,Standard newsletter,Email,"General newsletter, no targeted offer",3,10
12853,General Customers,1687.4619813192119,High,0.0,Low,Engagement / category promotion,Email,Seasonal category promotion,3,29
13734,Noise / Uncategorised,1687.1551237487984,High,0.497840917154392,Medium,Standard newsletter,Email,"General newsletter, no targeted offer",3,14
17618,General Customers,1686.2792710460303,High,0.0,Low,Engagement / category promotion,Email,Seasonal category promotion,3,37
12407,General Customers,1684.0253483372564,High,0.00130966161316625,Low,Engagement / category promotion,Email,Seasonal category promotion,3,26
14810,General Customers,1681.620915514375,High,4.531645721401871e-05,Low,Engagement / category promotion,Email,Seasonal category promotion,3,18
14408,General Customers,1680.694832440858,High,0.0,Low,Engagement / category promotion,Email,Seasonal category promotion,3,39
15140,General Customers,1680.6703534707196,High,0.0010537216828478962,Low,Engagement / category promotion,Email,Seasonal category promotion,3,29
12865,General Customers,1676.6535108341361,High,0.0,Low,Engagement / category promotion,Email,Seasonal category promotion,3,68
12457,General Customers,1676.0861483073666,High,4.531645721401871e-05,Low,Engagement / category promotion,Email,Seasonal category promotion,3,28
16771,General Customers,1674.7440314509536,High,0.0,Low,Engagement / category promotion,Email,Seasonal category promotion,3,42
17083,General Customers,1671.0962835024427,High,7.274682153723928e-05,Low,Engagement / category promotion,Email,Seasonal category promotion,3,37
13995,General Customers,1670.6715995520888,High,0.0,Low,Engagement / category promotion,Email,Seasonal category promotion,3,30
13486,General Customers,1669.84105140094,High,0.23912804244005045,Low,Engagement / category promotion,Email,Seasonal category promotion,3,15
17019,General Customers,1666.013931509911,High,0.0,Low,Engagement / category promotion,Email,Seasonal category promotion,3,40
16875,General Customers,1662.613918323493,High,0.0,Low,Engagement / category promotion,Email,Seasonal category promotion,3,35
14290,General Customers,1661.4897298263602,High,0.0,Low,Engagement / category promotion,Email,Seasonal category promotion,3,54
13421,General Customers,1659.9694247269,High,0.0010537216828478962,Low,Engagement / category promotion,Email,Seasonal category promotion,3,47
13134,General Customers,1659.7034185402288,High,0.00186349588349303,Low,Engagement / category promotion,Email,Seasonal category promotion,3,33
15571,General Customers,1659.5795108435068,High,0.0,Low,Engagement / category promotion,Email,Seasonal category promotion,3,31
15704,General Customers,1653.4363335189435,High,0.0,Low,Engagement / category promotion,Email,Seasonal category promotion,3,44
13918,General Customers,1650.3823030863095,High,0.00042013570438835746,Low,Engagement / category promotion,Email,Seasonal category promotion,3,61
16016,General Customers,1650.2302496292978,High,4.531645721401871e-05,Low,Engagement / category promotion,Email,Seasonal category promotion,3,22
15983,General Customers,1650.1869362024513,High,0.0010537216828478962,Low,Engagement / category promotion,Email,Seasonal category promotion,3,53
12635,General Customers,1649.3678684458557,High,0.0,Low,Engagement / category promotion,Email,Seasonal category promotion,3,55
13305,General Customers,1648.1134335266397,High,4.531645721401871e-05,Low,Engagement / category promotion,Email,Seasonal category promotion,3,24
14740,General Customers,1645.0865662584536,High,4.531645721401871e-05,Low,Engagement / category promotion,Email,Seasonal category promotion,3,25
14817,General Customers,1643.8921604426719,High,0.0,Low,Engagement / category promotion,Email,Seasonal category promotion,3,37
14629,Noise / Uncategorised,1642.8177293552185,High,0.31457980963975624,Medium,Standard newsletter,Email,"General newsletter, no targeted offer",3,13
16426,General Customers,1642.7501443926074,High,4.531645721401871e-05,Low,Engagement / category promotion,Email,Seasonal category promotion,3,16
17287,General Customers,1637.7150100088904,High,4.531645721401871e-05,Low,Engagement / category promotion,Email,Seasonal category promotion,3,20
13849,General Customers,1637.3330192519954,High,0.0,Low,Engagement / category promotion,Email,Seasonal category promotion,3,69
13285,General Customers,1637.24018300713,High,0.0,Low,Engagement / category promotion,Email,Seasonal category promotion,3,60
16057,General Customers,1637.1193157961225,High,0.0,Low,Engagement / category promotion,Email,Seasonal category promotion,3,41
14824,General Customers,1637.098719981663,High,0.0,Low,Engagement / category promotion,Email,Seasonal category promotion,3,38
17071,General Customers,1635.2582061220398,High,0.0,Low,Engagement / category promotion,Email,Seasonal category promotion,3,30
16347,General Customers,1633.761020866448,High,0.0,Low,Engagement / category promotion,Email,Seasonal category promotion,3,34
16444,General Customers,1632.5265134588838,High,4.531645721401871e-05,Low,Engagement / category promotion,Email,Seasonal category promotion,3,20
15569,General Customers,1631.3215298740208,High,0.0,Low,Engagement / category promotion,Email,Seasonal category promotion,3,33
14188,General Customers,1629.1750346235451,High,0.000118063278751258,Low,Engagement / category promotion,Email,Seasonal category promotion,3,28
15858,General Customers,1629.0679233306992,High,0.0,Low,Engagement / category promotion,Email,Seasonal category promotion,3,33
14524,General Customers,1627.2781502461798,High,4.531645721401871e-05,Low,Engagement / category promotion,Email,Seasonal category promotion,3,18
16059,General Customers,1625.1224679895113,High,4.531645721401871e-05,Low,Engagement / category promotion,Email,Seasonal category promotion,3,25
14226,General Customers,1624.414012803296,High,0.0,Low,Engagement / category promotion,Email,Seasonal category promotion,3,41
17211,General Customers,1620.3751065848644,High,0.0,Low,Engagement / category promotion,Email,Seasonal category promotion,3,32
12857,General Customers,1619.369261219348,High,0.00042013570438835746,Low,Engagement / category promotion,Email,Seasonal category promotion,3,47
18188,General Customers,1617.9000336293855,High,0.0,Low,Engagement / category promotion,Email,Seasonal category promotion,3,61
16466,General Customers,1616.0230169879496,High,4.531645721401871e-05,Low,Engagement / category promotion,Email,Seasonal category promotion,3,24
12394,Noise / Uncategorised,1615.1154227843888,High,0.28717618015274243,Medium,Standard newsletter,Email,"General newsletter, no targeted offer",3,46
16007,General Customers,1614.5885102149673,High,0.0003293962666347931,Low,Engagement / category promotion,Email,Seasonal category promotion,3,42
16463,General Customers,1614.4446607067664,High,0.14112779290911825,Low,Engagement / category promotion,Email,Seasonal category promotion,3,27
14655,General Customers,1613.563456860135,High,0.0,Low,Engagement / category promotion,Email,Seasonal category promotion,3,50
15172,General Customers,1613.3038545707075,High,0.004161406094227385,Low,Engagement / category promotion,Email,Seasonal category promotion,3,27
13032,General Customers,1609.981757838259,High,0.0005723032402141879,Low,Engagement / category promotion,Email,Seasonal category promotion,3,27
13824,General Customers,1608.2017376671195,High,0.0,Low,Engagement / category promotion,Email,Seasonal category promotion,3,30
16361,General Customers,1603.5901660880952,High,0.119368136117714,Low,Engagement / category promotion,Email,Seasonal category promotion,3,9
14514,General Customers,1600.4684419651655,High,0.0,Low,Engagement / category promotion,Email,Seasonal category promotion,3,44
16791,General Customers,1596.5632874456926,High,0.0,Low,Engagement / category promotion,Email,Seasonal category promotion,3,28
15330,Noise / Uncategorised,1595.9212797806122,High,0.2501560019649445,Medium,Standard newsletter,Email,"General newsletter, no targeted offer",3,8
14449,General Customers,1595.695830335198,High,0.0015807084658480653,Low,Engagement / category promotion,Email,Seasonal category promotion,3,31
15421,General Customers,1595.2846891000254,High,0.0,Low,Engagement / category promotion,Email,Seasonal category promotion,3,40
14640,General Customers,1592.872690819737,High,0.0,Low,Engagement / category promotion,Email,Seasonal category promotion,3,40
16719,General Customers,1590.592835948407,High,0.0,Low,Engagement / category promotion,Email,Seasonal category promotion,3,30
14597,General Customers,1587.041963951609,High,0.0,Low,Engagement / category promotion,Email,Seasonal category promotion,3,42
14625,General Customers,1584.208631307809,High,0.0,Low,Engagement / category promotion,Email,Seasonal category promotion,3,29
12468,General Customers,1583.996447013523,High,0.0,Low,Engagement / category promotion,Email,Seasonal category promotion,3,59
14540,General Customers,1579.7818899034419,High,0.0,Low,Engagement / category promotion,Email,Seasonal category promotion,3,39
17293,General Customers,1578.2199606861077,High,4.531645721401871e-05,Low,Engagement / category promotion,Email,Seasonal category promotion,3,26
16460,General Customers,1577.242760093812,High,0.17192239554808794,Low,Engagement / category promotion,Email,Seasonal category promotion,3,11
16924,General Customers,1577.104444207777,High,0.20581781758549714,Low,Engagement / category promotion,Email,Seasonal category promotion,3,12
13481,General Customers,1573.3095688997291,High,0.0,Low,Engagement / category promotion,Email,Seasonal category promotion,3,38
13196,General Customers,1571.6956096582117,High,0.0003293962666347931,Low,Engagement / category promotion,Email,Seasonal category promotion,3,52
13118,General Customers,1569.7430036874446,High,4.531645721401871e-05,Low,Engagement / category promotion,Email,Seasonal category promotion,3,28
17648,General Customers,1569.404282332386,High,0.0003293962666347931,Low,Engagement / category promotion,Email,Seasonal category promotion,3,39
16950,General Customers,1566.9482062226784,High,0.0,Low,Engagement / category promotion,Email,Seasonal category promotion,3,38
18242,General Customers,1565.4905437141267,High,0.0010537216828478962,Low,Engagement / category promotion,Email,Seasonal category promotion,3,47
13467,General Customers,1551.5659325357396,Medium,0.25518672466670167,Medium,Engagement / category promotion,Email,Seasonal category promotion,3,8
12364,General Customers,1534.6529337255245,Medium,0.3563360726135992,Medium,Engagement / category promotion,Email,Seasonal category promotion,3,16
15399,General Customers,1516.0335179990414,Medium,0.31946691260796334,Medium,Engagement / category promotion,Email,Seasonal category promotion,3,15
12828,General Customers,1500.4137746168371,Medium,0.41714102392159297,Medium,Engagement / category promotion,Email,Seasonal category promotion,3,13
12628,General Customers,1497.5683326291285,Medium,0.26420390508298014,Medium,Engagement / category promotion,Email,Seasonal category promotion,3,12
15839,General Customers,1481.4370470886395,Medium,0.39130594272496017,Medium,Engagement / category promotion,Email,Seasonal category promotion,3,23
16352,General Customers,1465.2756893432675,Medium,0.3357231786019337,Medium,Engagement / category promotion,Email,Seasonal category promotion,3,6
14141,General Customers,1465.2284105515241,Medium,0.4889625436787196,Medium,Engagement / category promotion,Email,Seasonal category promotion,3,15
12719,General Customers,1456.7295476914633,Medium,0.34154380055937,Medium,Engagement / category promotion,Email,Seasonal category promotion,3,18
13028,General Customers,1425.4177213210755,Medium,0.2720632268546109,Medium,Engagement / category promotion,Email,Seasonal category promotion,3,7
12546,General Customers,1410.748482242447,Medium,0.3973252042935856,Medium,Engagement / category promotion,Email,Seasonal category promotion,3,9
14561,General Customers,1408.184571718909,Medium,0.37992360986809504,Medium,Engagement / category promotion,Email,Seasonal category promotion,3,22
15103,General Customers,1397.0720316514282,Medium,0.2946157350230381,Medium,Engagement / category promotion,Email,Seasonal category promotion,3,16
12883,General Customers,1381.950271101654,Medium,0.30364173968241803,Medium,Engagement / category promotion,Email,Seasonal category promotion,3,10
15297,General Customers,1367.8201937216086,Medium,0.3588574166182947,Medium,Engagement / category promotion,Email,Seasonal category promotion,3,11
14246,General Customers,1327.5737884929881,Medium,0.31082850775938864,Medium,Engagement / category promotion,Email,Seasonal category promotion,3,27
13991,General Customers,1322.0731335924734,Medium,0.2959961902125551,Medium,Engagement / category promotion,Email,Seasonal category promotion,3,13
14862,General Customers,1312.307030306497,Medium,0.37982598639887694,Medium,Engagement / category promotion,Email,Seasonal category promotion,3,37
17724,General Customers,1304.0578950518443,Medium,0.2604422600408709,Medium,Engagement / category promotion,Email,Seasonal category promotion,3,13
17014,General Customers,1288.870940606114,Medium,0.25572531209780974,Medium,Engagement / category promotion,Email,Seasonal category promotion,3,12
13186,General Customers,1273.8909704140938,Medium,0.4259321484062417,Medium,Engagement / category promotion,Email,Seasonal category promotion,3,18
12680,General Customers,1269.1301158613974,Medium,0.4802136530024987,Medium,Engagement / category promotion,Email,Seasonal category promotion,3,17
18237,General Customers,1268.9348056035046,Medium,0.3983810060673347,Medium,Engagement / category promotion,Email,Seasonal category promotion,3,16
13492,General Customers,1267.0552509857096,Medium,0.2909675315231205,Medium,Engagement / category promotion,Email,Seasonal category promotion,3,16
15108,General Customers,1224.0427628435616,Medium,0.32149694792456107,Medium,Engagement / category promotion,Email,Seasonal category promotion,3,13
13350,General Customers,1206.5510040261718,Medium,0.30903585350259893,Medium,Engagement / category promotion,Email,Seasonal category promotion,3,19
14359,General Customers,1197.0492822285953,Medium,0.26249438994832364,Medium,Engagement / category promotion,Email,Seasonal category promotion,3,14
12381,General Customers,1191.9064306712924,Medium,0.32172596498878253,Medium,Engagement / category promotion,Email,Seasonal category promotion,3,14
13430,General Customers,1186.2368023285583,Medium,0.40798776327483743,Medium,Engagement / category promotion,Email,Seasonal category promotion,3,20
12640,General Customers,1186.051382779177,Medium,0.2750351151014012,Medium,Engagement / category promotion,Email,Seasonal category promotion,3,11
15239,General Customers,1172.1169721011888,Medium,0.3229708426273024,Medium,Engagement / category promotion,Email,Seasonal category promotion,3,20
14091,Noise / Uncategorised,1149.7214306571902,Medium,0.6702208213729013,High,Priority retention intervention,Email + SMS + Personal outreach,High-value personalised retention offer,3,13
14720,General Customers,1143.2271991341831,Medium,0.384058085648593,Medium,Engagement / category promotion,Email,Seasonal category promotion,3,24
13200,General Customers,1135.4801077582028,Medium,0.4854581737431051,Medium,Engagement / category promotion,Email,Seasonal category promotion,3,16
18143,General Customers,1135.325417851202,Medium,0.2594172929194059,Medium,Engagement / category promotion,Email,Seasonal category promotion,3,8
18202,General Customers,1121.5818480416851,Medium,0.3849434649163647,Medium,Engagement / category promotion,Email,Seasonal category promotion,3,22
13681,General Customers,1121.5735793524336,Medium,0.4426540564139586,Medium,Engagement / category promotion,Email,Seasonal category promotion,3,21
17466,General Customers,1115.6179339327164,Medium,0.30521020679006694,Medium,Engagement / category promotion,Email,Seasonal category promotion,3,20
13563,General Customers,1113.0604899055588,Medium,0.3311734437671265,Medium,Engagement / category promotion,Email,Seasonal category promotion,3,16
18205,General Customers,1073.8627011004814,Medium,0.2715701398883551,Medium,Engagement / category promotion,Email,Seasonal category promotion,3,11
17295,General Customers,1072.193713750541,Medium,0.30173475719614834,Medium,Engagement / category promotion,Email,Seasonal category promotion,3,7
16561,General Customers,1054.0937707108312,Medium,0.2657011888326034,Medium,Engagement / category promotion,Email,Seasonal category promotion,3,16
12697,General Customers,1033.114177165708,Medium,0.3330256999158719,Medium,Engagement / category promotion,Email,Seasonal category promotion,3,28
13575,General Customers,1011.2105376759107,Medium,0.3457587903029074,Medium,Engagement / category promotion,Email,Seasonal category promotion,3,18
13673,General Customers,993.2133090796066,Medium,0.34347503939063495,Medium,Engagement / category promotion,Email,Seasonal category promotion,3,4
16311,General Customers,990.9431297275992,Medium,0.26662321240074616,Medium,Engagement / category promotion,Email,Seasonal category promotion,3,9
14267,General Customers,986.7323789462936,Medium,0.4142468802843501,Medium,Engagement / category promotion,Email,Seasonal category promotion,3,19
16734,General Customers,978.7625036607504,Medium,0.33946508555035393,Medium,Engagement / category promotion,Email,Seasonal category promotion,3,12
17668,Noise / Uncategorised,970.7080092207432,Medium,0.5889846081244767,High,Priority retention intervention,Email + SMS + Personal outreach,High-value personalised retention offer,3,11
16869,General Customers,962.3372459141478,Medium,0.2608095186938621,Medium,Engagement / category promotion,Email,Seasonal category promotion,3,23
14352,General Customers,951.8164917084409,Medium,0.48770149385300243,Medium,Engagement / category promotion,Email,Seasonal category promotion,3,17
16364,General Customers,941.7935136130352,Medium,0.38228275726070104,Medium,Engagement / category promotion,Email,Seasonal category promotion,3,38
13236,General Customers,937.0452178764644,Medium,0.29459583319905,Medium,Engagement / category promotion,Email,Seasonal category promotion,3,25
16009,General Customers,936.9208648068818,Medium,0.3034988100353852,Medium,Engagement / category promotion,Email,Seasonal category promotion,3,21
15315,General Customers,932.7862831631735,Medium,0.3116427124449235,Medium,Engagement / category promotion,Email,Seasonal category promotion,3,15
13379,General Customers,926.3651142867521,Medium,0.2591774680720361,Medium,Engagement / category promotion,Email,Seasonal category promotion,3,22
13475,General Customers,922.0248838267685,Medium,0.36812045361303797,Medium,Engagement / category promotion,Email,Seasonal category promotion,3,16
15963,General Customers,914.0087534232432,Medium,0.33644353130346666,Medium,Engagement / category promotion,Email,Seasonal category promotion,3,8
14973,General Customers,913.0599165427143,Medium,0.3167826767601989,Medium,Engagement / category promotion,Email,Seasonal category promotion,3,24
16999,General Customers,902.4570044371923,Medium,0.427228409493948,Medium,Engagement / category promotion,Email,Seasonal category promotion,3,15
13376,General Customers,877.9273916902251,Medium,0.3468003469041116,Medium,Engagement / category promotion,Email,Seasonal category promotion,3,27
13314,General Customers,871.3716817343117,Medium,0.27724709502218003,Medium,Engagement / category promotion,Email,Seasonal category promotion,3,14
16855,General Customers,862.4976929510947,Medium,0.49243360880580006,Medium,Engagement / category promotion,Email,Seasonal category promotion,3,6
12585,General Customers,848.8683138979536,Medium,0.3216242336657175,Medium,Engagement / category promotion,Email,Seasonal category promotion,3,35
16243,General Customers,844.3909447883559,Medium,0.36348599015213595,Medium,Engagement / category promotion,Email,Seasonal category promotion,3,6
12384,General Customers,826.6355906744038,Medium,0.3972717268024381,Medium,Engagement / category promotion,Email,Seasonal category promotion,3,28
13816,General Customers,817.81796558775,Medium,0.2806271507061761,Medium,Engagement / category promotion,Email,Seasonal category promotion,3,12
16801,General Customers,809.4995488550063,Medium,0.323495671186679,Medium,Engagement / category promotion,Email,Seasonal category promotion,3,16
15104,General Customers,808.8979833748813,Medium,0.3813820243520827,Medium,Engagement / category promotion,Email,Seasonal category promotion,3,26
16749,Noise / Uncategorised,807.404644920793,Medium,0.6194960841825599,High,Priority retention intervention,Email + SMS + Personal outreach,High-value personalised retention offer,3,40
15344,General Customers,802.4667922824378,Medium,0.38526245115830465,Medium,Engagement / category promotion,Email,Seasonal category promotion,3,15
14050,General Customers,798.5328100755837,Medium,0.3259574294431068,Medium,Engagement / category promotion,Email,Seasonal category promotion,3,22
16572,General Customers,788.1327241258782,Medium,0.2981712599362572,Medium,Engagement / category promotion,Email,Seasonal category promotion,3,30
14261,General Customers,779.5041101995744,Medium,0.4295211362882756,Medium,Engagement / category promotion,Email,Seasonal category promotion,3,8
12815,General Customers,776.4968408718502,Medium,0.3850323833361333,Medium,Engagement / category promotion,Email,Seasonal category promotion,3,15
12652,General Customers,757.6818199351367,Medium,0.4910600768727896,Medium,Engagement / category promotion,Email,Seasonal category promotion,3,31
13741,General Customers,750.8503531297474,Medium,0.3141149717529319,Medium,Engagement / category promotion,Email,Seasonal category promotion,3,29
17704,General Customers,750.5754768103557,Medium,0.27590041368705576,Medium,Engagement / category promotion,Email,Seasonal category promotion,3,21
16624,General Customers,747.7723705559442,Medium,0.41795687055450276,Medium,Engagement / category promotion,Email,Seasonal category promotion,3,35
12375,General Customers,746.5435523689551,Medium,0.44908053541590087,Medium,Engagement / category promotion,Email,Seasonal category promotion,3,26
14029,General Customers,740.6539743801598,Medium,0.42343376843634384,Medium,Engagement / category promotion,Email,Seasonal category promotion,3,24
15829,General Customers,726.9722212520966,Medium,0.3848478026260831,Medium,Engagement / category promotion,Email,Seasonal category promotion,3,12
18074,General Customers,715.567954060146,Medium,0.3400939404841792,Medium,Engagement / category promotion,Email,Seasonal category promotion,3,39
18265,General Customers,714.697505373191,Medium,0.354508198121038,Medium,Engagement / category promotion,Email,Seasonal category promotion,3,26
17822,General Customers,708.3791842858249,Medium,0.2826056582728221,Medium,Engagement / category promotion,Email,Seasonal category promotion,3,17
15151,General Customers,701.821091532463,Medium,0.4921114411136488,Medium,Engagement / category promotion,Email,Seasonal category promotion,3,26
15813,General Customers,700.983223637529,Medium,0.3877624632645825,Medium,Engagement / category promotion,Email,Seasonal category promotion,3,9
12535,General Customers,691.7609807854795,Medium,0.3966797439425353,Medium,Engagement / category promotion,Email,Seasonal category promotion,3,28
12624,General Customers,690.8927523205128,Medium,0.3280325109638339,Medium,Engagement / category promotion,Email,Seasonal category promotion,3,21
12498,General Customers,686.5388920632282,Medium,0.4509477665483928,Medium,Engagement / category promotion,Email,Seasonal category promotion,3,7
12465,General Customers,686.4418303122299,Medium,0.3795053779758397,Medium,Engagement / category promotion,Email,Seasonal category promotion,3,46
13933,General Customers,683.3387621140954,Medium,0.3058243065045432,Medium,Engagement / category promotion,Email,Seasonal category promotion,3,12
15232,General Customers,678.279467837351,Medium,0.27496322170801785,Medium,Engagement / category promotion,Email,Seasonal category promotion,3,8
15146,General Customers,670.9362477984502,Medium,0.27571929861664446,Medium,Engagement / category promotion,Email,Seasonal category promotion,3,38
15492,General Customers,656.4532417268592,Medium,0.361247656458786,Medium,Engagement / category promotion,Email,Seasonal category promotion,3,14
12710,General Customers,655.818843028023,Medium,0.3590408548543347,Medium,Engagement / category promotion,Email,Seasonal category promotion,3,21
16806,General Customers,654.7682851660975,Medium,0.2618623001869962,Medium,Engagement / category promotion,Email,Seasonal category promotion,3,20
14416,General Customers,650.0960577500729,Medium,0.36761637414983134,Medium,Engagement / category promotion,Email,Seasonal category promotion,3,6
13812,General Customers,647.9894121168951,Medium,0.37016483677927087,Medium,Engagement / category promotion,Email,Seasonal category promotion,3,13
16322,Noise / Uncategorised,627.7044059321302,Medium,0.6155792485189137,High,Priority retention intervention,Email + SMS + Personal outreach,High-value personalised retention offer,3,10
15946,General Customers,619.2894057227253,Medium,0.2995894157454353,Medium,Engagement / category promotion,Email,Seasonal category promotion,3,26
16309,General Customers,618.5270292602041,Medium,0.35502625589506914,Medium,Engagement / category promotion,Email,Seasonal category promotion,3,40
13720,General Customers,614.6321184520693,Medium,0.4298533437807805,Medium,Engagement / category promotion,Email,Seasonal category promotion,3,21
17637,General Customers,614.5364467733906,Medium,0.2731727083109678,Medium,Engagement / category promotion,Email,Seasonal category promotion,3,25
17453,General Customers,608.4764878999054,Medium,0.4469880461728284,Medium,Engagement / category promotion,Email,Seasonal category promotion,3,14
12552,Noise / Uncategorised,601.7231394987743,Medium,0.6295700040993378,High,Priority retention intervention,Email + SMS + Personal outreach,High-value personalised retention offer,3,30
18059,General Customers,600.5070254193676,Medium,0.4241869596648816,Medium,Engagement / category promotion,Email,Seasonal category promotion,3,9
13827,General Customers,600.148755360971,Medium,0.2561471896410599,Medium,Engagement / category promotion,Email,Seasonal category promotion,3,17
16674,General Customers,598.6910990255012,Medium,0.26646049284836676,Medium,Engagement / category promotion,Email,Seasonal category promotion,3,13
15429,General Customers,591.48082574997,Medium,0.2830234528746466,Medium,Engagement / category promotion,Email,Seasonal category promotion,3,14
18248,General Customers,590.0739771952211,Medium,0.3072380680122513,Medium,Engagement / category promotion,Email,Seasonal category promotion,3,19
16603,General Customers,583.4189161551814,Medium,0.34334775348218743,Medium,Engagement / category promotion,Email,Seasonal category promotion,3,5
18030,Noise / Uncategorised,572.2947229507669,Medium,0.5662863496987023,High,Priority retention intervention,Email + SMS + Personal outreach,High-value personalised retention offer,3,11
16488,General Customers,567.3145872859506,Medium,0.39705217438763213,Medium,Engagement / category promotion,Email,Seasonal category promotion,3,23
16629,General Customers,557.1851066803304,Medium,0.2781375108964482,Medium,Engagement / category promotion,Email,Seasonal category promotion,3,7
17814,General Customers,549.0374963275019,Medium,0.3174733813192258,Medium,Engagement / category promotion,Email,Seasonal category promotion,3,14
17370,Noise / Uncategorised,545.5476836047077,Medium,0.556469718913104,High,Priority retention intervention,Email + SMS + Personal outreach,High-value personalised retention offer,3,14
12629,General Customers,542.873937883095,Medium,0.42351052673608414,Medium,Engagement / category promotion,Email,Seasonal category promotion,3,11
13247,General Customers,540.2245003042797,Medium,0.31125968755178796,Medium,Engagement / category promotion,Email,Seasonal category promotion,3,10
12816,General Customers,530.001362921569,Medium,0.26764466624000804,Medium,Engagement / category promotion,Email,Seasonal category promotion,3,24
14323,General Customers,509.3407547402697,Medium,0.41496560571108937,Medium,Engagement / category promotion,Email,Seasonal category promotion,3,37
13665,General Customers,503.60676364628307,Medium,0.2825264924464008,Medium,Engagement / category promotion,Email,Seasonal category promotion,3,23
13108,General Customers,498.4813392042366,Medium,0.34294012192303974,Medium,Engagement / category promotion,Email,Seasonal category promotion,3,19
15258,General Customers,488.7150763185952,Medium,0.36243206438447007,Medium,Engagement / category promotion,Email,Seasonal category promotion,3,14
13951,General Customers,484.1681984684464,Medium,0.3924413198976112,Medium,Engagement / category promotion,Email,Seasonal category promotion,3,24
13935,Noise / Uncategorised,481.5526388538131,Medium,0.7143147065903289,High,Priority retention intervention,Email + SMS + Personal outreach,High-value personalised retention offer,3,11
15363,General Customers,481.5398810490767,Medium,0.3684009328430451,Medium,Engagement / category promotion,Email,Seasonal category promotion,3,36
15467,General Customers,481.18522443593616,Medium,0.3226091173748729,Medium,Engagement / category promotion,Email,Seasonal category promotion,3,28
18005,Noise / Uncategorised,479.52568953244986,Medium,0.5571517755345952,High,Priority retention intervention,Email + SMS + Personal outreach,High-value personalised retention offer,3,13
14067,General Customers,479.1715304853195,Medium,0.4550917865483974,Medium,Engagement / category promotion,Email,Seasonal category promotion,3,10
13902,Noise / Uncategorised,475.9506283077724,Medium,0.7297004688458799,High,Priority retention intervention,Email + SMS + Personal outreach,High-value personalised retention offer,3,11
15624,General Customers,466.5187324242829,Medium,0.41910577208745536,Medium,Engagement / category promotion,Email,Seasonal category promotion,3,21
15205,General Customers,461.8364147750811,Medium,0.34882692045191077,Medium,Engagement / category promotion,Email,Seasonal category promotion,3,13
16250,General Customers,461.114839103059,Medium,0.3361628134442761,Medium,Engagement / category promotion,Email,Seasonal category promotion,3,25
12461,General Customers,458.46439097255285,Medium,0.28819352324232633,Medium,Engagement / category promotion,Email,Seasonal category promotion,3,18
14932,General Customers,458.42136258706716,Medium,0.2896167127307021,Medium,Engagement / category promotion,Email,Seasonal category promotion,3,6
15648,General Customers,451.74599014411075,Medium,0.33877489926603316,Medium,Engagement / category promotion,Email,Seasonal category promotion,3,19
17398,General Customers,446.1291579822807,Medium,0.35196539854780895,Medium,Engagement / category promotion,Email,Seasonal category promotion,3,28
16314,General Customers,444.57962064420445,Medium,0.37150874897902747,Medium,Engagement / category promotion,Email,Seasonal category promotion,3,17
15643,General Customers,438.8946182697167,Medium,0.49952141271034484,Medium,Engagement / category promotion,Email,Seasonal category promotion,3,18
16478,General Customers,437.60158042668854,Medium,0.44287185095064263,Medium,Engagement / category promotion,Email,Seasonal category promotion,3,8
15690,Noise / Uncategorised,435.4358099252479,Medium,0.5793900775164389,High,Priority retention intervention,Email + SMS + Personal outreach,High-value personalised retention offer,3,29
14490,General Customers,432.67221190370645,Medium,0.32063477858003286,Medium,Engagement / category promotion,Email,Seasonal category promotion,3,7
13917,General Customers,431.5931010563372,Medium,0.39619801291159595,Medium,Engagement / category promotion,Email,Seasonal category promotion,3,42
16969,General Customers,430.75250954854874,Medium,0.2938542852259033,Medium,Engagement / category promotion,Email,Seasonal category promotion,3,30
12363,General Customers,422.4940757616397,Medium,0.2696016121704614,Medium,Engagement / category promotion,Email,Seasonal category promotion,3,40
14377,General Customers,420.5297022056888,Medium,0.3736165732694911,Medium,Engagement / category promotion,Email,Seasonal category promotion,3,21
14780,General Customers,420.2521984883633,Medium,0.466995732292613,Medium,Engagement / category promotion,Email,Seasonal category promotion,3,7
12806,General Customers,417.4997510137355,Medium,0.2635472235648693,Medium,Engagement / category promotion,Email,Seasonal category promotion,3,23
13189,Noise / Uncategorised,410.53301778637194,Medium,0.6305064051415297,High,Priority retention intervention,Email + SMS + Personal outreach,High-value personalised retention offer,3,29
17277,General Customers,407.89885027017925,Medium,0.4576134001622522,Medium,Engagement / category promotion,Email,Seasonal category promotion,3,28
18158,General Customers,403.2488634779568,Medium,0.4297034347363884,Medium,Engagement / category promotion,Email,Seasonal category promotion,3,24
13759,General Customers,401.6281703008234,Medium,0.3049525430963914,Medium,Engagement / category promotion,Email,Seasonal category promotion,3,11
14731,General Customers,396.6254872630807,Medium,0.2688265951669604,Medium,Engagement / category promotion,Email,Seasonal category promotion,3,33
13166,General Customers,392.82884245663973,Medium,0.30512501908531364,Medium,Engagement / category promotion,Email,Seasonal category promotion,3,39
13506,General Customers,391.1501135424304,Medium,0.31056474572978265,Medium,Engagement / category promotion,Email,Seasonal category promotion,3,17
17229,Noise / Uncategorised,389.43068205777104,Medium,0.642622818806122,High,Priority retention intervention,Email + SMS + Personal outreach,High-value personalised retention offer,3,14
18183,General Customers,389.34985926018294,Medium,0.3643390699194264,Medium,Engagement / category promotion,Email,Seasonal category promotion,3,14
16449,General Customers,388.6277093333949,Medium,0.32412592943415514,Medium,Engagement / category promotion,Email,Seasonal category promotion,3,25
16129,General Customers,387.48681810231693,Medium,0.3287083961281624,Medium,Engagement / category promotion,Email,Seasonal category promotion,3,20
14658,Noise / Uncategorised,382.2350774293253,Medium,0.5873035576813352,High,Priority retention intervention,Email + SMS + Personal outreach,High-value personalised retention offer,3,33
13221,General Customers,380.1581666279508,Medium,0.3180676847357961,Medium,Engagement / category promotion,Email,Seasonal category promotion,3,36
13731,General Customers,380.10117443800215,Medium,0.2600070927922899,Medium,Engagement / category promotion,Email,Seasonal category promotion,3,8
17737,Noise / Uncategorised,379.8826093479252,Medium,0.5809790188403604,High,Priority retention intervention,Email + SMS + Personal outreach,High-value personalised retention offer,3,15
12591,General Customers,378.3569212303641,Medium,0.3399695564473767,Medium,Engagement / category promotion,Email,Seasonal category promotion,3,18
13460,General Customers,376.7826719535683,Medium,0.34118715753306766,Medium,Engagement / category promotion,Email,Seasonal category promotion,3,6
14335,General Customers,374.83383042107664,Medium,0.30499347179410585,Medium,Engagement / category promotion,Email,Seasonal category promotion,3,24
16567,General Customers,374.16976037276464,Medium,0.29702012980804765,Medium,Engagement / category promotion,Email,Seasonal category promotion,3,43
13970,General Customers,371.35853873300323,Medium,0.351082413277726,Medium,Engagement / category promotion,Email,Seasonal category promotion,3,15
12797,General Customers,369.7538638435427,Medium,0.29334752835258904,Medium,Engagement / category promotion,Email,Seasonal category promotion,3,17
16431,General Customers,362.72429101287025,Medium,0.43102263132565044,Medium,Engagement / category promotion,Email,Seasonal category promotion,3,17
14600,General Customers,356.96618415390884,Medium,0.37360296204241017,Medium,Engagement / category promotion,Email,Seasonal category promotion,3,26
13444,General Customers,356.91446033712884,Medium,0.37461217273949204,Medium,Engagement / category promotion,Email,Seasonal category promotion,3,39
12817,General Customers,345.6392320796092,Medium,0.32735142397733563,Medium,Engagement / category promotion,Email,Seasonal category promotion,3,31
15565,General Customers,340.056060672598,Medium,0.3124475360827497,Medium,Engagement / category promotion,Email,Seasonal category promotion,3,6
12493,General Customers,338.4836393849259,Medium,0.43686148491089455,Medium,Engagement / category promotion,Email,Seasonal category promotion,3,9
16972,General Customers,333.74241926493056,Medium,0.2949824118728779,Medium,Engagement / category promotion,Email,Seasonal category promotion,3,22
17028,General Customers,333.72730922818,Medium,0.48790234273741057,Medium,Engagement / category promotion,Email,Seasonal category promotion,3,28
14803,General Customers,333.3867525678268,Medium,0.32771204542788523,Medium,Engagement / category promotion,Email,Seasonal category promotion,3,26
12793,General Customers,331.13210491799447,Medium,0.2636132596545609,Medium,Engagement / category promotion,Email,Seasonal category promotion,3,13
17489,General Customers,327.980364236659,Medium,0.4242348387322223,Medium,Engagement / category promotion,Email,Seasonal category promotion,3,46
17425,General Customers,327.5315070352717,Medium,0.2955942704257579,Medium,Engagement / category promotion,Email,Seasonal category promotion,3,12
16679,General Customers,325.50211710205434,Medium,0.251123758483464,Medium,Engagement / category promotion,Email,Seasonal category promotion,3,36
12696,General Customers,323.5357493151859,Medium,0.3073731149099225,Medium,Engagement / category promotion,Email,Seasonal category promotion,3,22
15163,General Customers,322.65216507636507,Medium,0.2676416961663377,Medium,Engagement / category promotion,Email,Seasonal category promotion,3,52
16193,General Customers,321.0629559515563,Medium,0.2741490818561978,Medium,Engagement / category promotion,Email,Seasonal category promotion,3,52
15589,General Customers,320.5133206957487,Medium,0.3909816319204777,Medium,Engagement / category promotion,Email,Seasonal category promotion,3,11
17525,General Customers,318.7367931594012,Medium,0.25725864339454446,Medium,Engagement / category promotion,Email,Seasonal category promotion,3,14
15014,General Customers,318.5825844540959,Medium,0.4788565056119313,Medium,Engagement / category promotion,Email,Seasonal category promotion,3,40
14230,General Customers,318.5577485939698,Medium,0.4271570769073839,Medium,Engagement / category promotion,Email,Seasonal category promotion,3,22
13541,General Customers,308.3886884669576,Medium,0.3749099996098877,Medium,Engagement / category promotion,Email,Seasonal category promotion,3,43
16552,General Customers,305.11299277540047,Medium,0.35309481351979216,Medium,Engagement / category promotion,Email,Seasonal category promotion,3,39
12862,General Customers,304.8655752555213,Medium,0.30936666699689774,Medium,Engagement / category promotion,Email,Seasonal category promotion,3,21
15257,General Customers,301.1890102176771,Medium,0.39541573769685723,Medium,Engagement / category promotion,Email,Seasonal category promotion,3,39
14430,General Customers,299.9357812062747,Medium,0.41702834278580503,Medium,Engagement / category promotion,Email,Seasonal category promotion,3,19
17132,General Customers,298.23583407965367,Medium,0.4752769221622374,Medium,Engagement / category promotion,Email,Seasonal category promotion,3,11
14176,General Customers,294.83822545561713,Medium,0.35625762518935794,Medium,Engagement / category promotion,Email,Seasonal category promotion,3,10
17119,General Customers,292.1407505338697,Medium,0.3441432912471522,Medium,Engagement / category promotion,Email,Seasonal category promotion,3,17
15248,General Customers,291.71763393474276,Medium,0.27828387760062107,Medium,Engagement / category promotion,Email,Seasonal category promotion,3,24
15824,General Customers,287.74845146444,Medium,0.2943865851109672,Medium,Engagement / category promotion,Email,Seasonal category promotion,3,23
17482,General Customers,284.0510012143147,Medium,0.3886993779671949,Medium,Engagement / category promotion,Email,Seasonal category promotion,3,27
17507,General Customers,282.9400629952881,Medium,0.27142354669273905,Medium,Engagement / category promotion,Email,Seasonal category promotion,3,14
14115,General Customers,279.5743919250179,Medium,0.28613497225993606,Medium,Engagement / category promotion,Email,Seasonal category promotion,3,50
15617,General Customers,277.42425034794815,Medium,0.4355154161127949,Medium,Engagement / category promotion,Email,Seasonal category promotion,3,22
15887,General Customers,272.60419643213925,Medium,0.28811866586659685,Medium,Engagement / category promotion,Email,Seasonal category promotion,3,30
13626,General Customers,270.40552137150996,Medium,0.3869372251723836,Medium,Engagement / category promotion,Email,Seasonal category promotion,3,38
12593,General Customers,268.31396070910586,Medium,0.461572513894763,Medium,Engagement / category promotion,Email,Seasonal category promotion,3,22
17630,General Customers,267.6221956644728,Medium,0.2640253531799448,Medium,Engagement / category promotion,Email,Seasonal category promotion,3,19
15842,General Customers,266.5792391515085,Medium,0.26011589603733765,Medium,Engagement / category promotion,Email,Seasonal category promotion,3,40
13567,General Customers,263.9330350227511,Medium,0.4135110593875609,Medium,Engagement / category promotion,Email,Seasonal category promotion,3,17
18147,Noise / Uncategorised,263.59632824459186,Medium,0.5717491580870622,High,Priority retention intervention,Email + SMS + Personal outreach,High-value personalised retention offer,3,19
13675,General Customers,260.7338890479035,Medium,0.2983686732891454,Medium,Engagement / category promotion,Email,Seasonal category promotion,3,40
15361,General Customers,258.81624771821276,Medium,0.2529297232818996,Medium,Engagement / category promotion,Email,Seasonal category promotion,3,27
17968,General Customers,253.91972823038165,Medium,0.26788117319043453,Medium,Engagement / category promotion,Email,Seasonal category promotion,3,21
14228,General Customers,251.43094363407332,Medium,0.4565269961121609,Medium,Engagement / category promotion,Email,Seasonal category promotion,3,22
18282,General Customers,240.3544573419945,Medium,0.47560412661526613,Medium,Engagement / category promotion,Email,Seasonal category promotion,3,35
13175,General Customers,240.28431550201034,Medium,0.48033463904252954,Medium,Engagement / category promotion,Email,Seasonal category promotion,3,46
14501,General Customers,240.1330537142783,Medium,0.3683780885285184,Medium,Engagement / category promotion,Email,Seasonal category promotion,3,41
15268,General Customers,239.27069218496334,Medium,0.3601614137090454,Medium,Engagement / category promotion,Email,Seasonal category promotion,3,25
13922,General Customers,237.39010975737702,Medium,0.41051558363334306,Medium,Engagement / category promotion,Email,Seasonal category promotion,3,23
13945,General Customers,236.12524881111958,Medium,0.34155433757044995,Medium,Engagement / category promotion,Email,Seasonal category promotion,3,26
13978,General Customers,224.9360515821839,Medium,0.47430963571220597,Medium,Engagement / category promotion,Email,Seasonal category promotion,3,9
15331,General Customers,218.31109726192827,Medium,0.4366823763269849,Medium,Engagement / category promotion,Email,Seasonal category promotion,3,22
14922,General Customers,216.48673794366726,Medium,0.4197466410219677,Medium,Engagement / category promotion,Email,Seasonal category promotion,3,34
16975,General Customers,215.47698942277296,Medium,0.31783926896991127,Medium,Engagement / category promotion,Email,Seasonal category promotion,3,16
15433,General Customers,214.6148205048621,Medium,0.3185960482147553,Medium,Engagement / category promotion,Email,Seasonal category promotion,3,16
14734,General Customers,212.46642612094362,Medium,0.4957122637002167,Medium,Engagement / category promotion,Email,Seasonal category promotion,3,19
15728,General Customers,212.12576803655193,Medium,0.2748567616152448,Medium,Engagement / category promotion,Email,Seasonal category promotion,3,19
16576,General Customers,206.97791555880613,Medium,0.31216265393350096,Medium,Engagement / category promotion,Email,Seasonal category promotion,3,30
15390,General Customers,205.1752132524001,Medium,0.2770776075925304,Medium,Engagement / category promotion,Email,Seasonal category promotion,3,4
16088,Noise / Uncategorised,204.44193570367082,Medium,0.6200121907711575,High,Priority retention intervention,Email + SMS + Personal outreach,High-value personalised retention offer,3,4
13465,General Customers,201.05342995874452,Medium,0.3034090372396388,Medium,Engagement / category promotion,Email,Seasonal category promotion,3,42
16484,General Customers,199.5381664952532,Medium,0.4565245483870692,Medium,Engagement / category promotion,Email,Seasonal category promotion,3,5
14611,General Customers,198.37696519171627,Medium,0.30259686963270976,Medium,Engagement / category promotion,Email,Seasonal category promotion,3,46
17334,General Customers,197.69701648888687,Medium,0.48019851035715116,Medium,Engagement / category promotion,Email,Seasonal category promotion,3,21
15881,General Customers,197.03755066903378,Medium,0.35743024177503013,Medium,Engagement / category promotion,Email,Seasonal category promotion,3,6
14026,General Customers,195.03984505389909,Medium,0.2911845191411187,Medium,Engagement / category promotion,Email,Seasonal category promotion,3,46
13472,General Customers,192.57108351301483,Low,0.3920861496376757,Medium,Engagement / category promotion,Email,Seasonal category promotion,3,27
17473,General Customers,192.5649882032686,Low,0.36779638609981496,Medium,Engagement / category promotion,Email,Seasonal category promotion,3,14
16864,General Customers,192.40984301467205,Low,0.30001161580724744,Medium,Engagement / category promotion,Email,Seasonal category promotion,3,49
14296,General Customers,192.40942658416685,Low,0.32213167136581156,Medium,Engagement / category promotion,Email,Seasonal category promotion,3,46
17736,General Customers,191.8961663539551,Low,0.41990297696294643,Medium,Engagement / category promotion,Email,Seasonal category promotion,3,21
17843,General Customers,191.22939021666812,Low,0.3805171289207916,Medium,Engagement / category promotion,Email,Seasonal category promotion,3,32
14331,General Customers,189.36179759771758,Low,0.3188263360968259,Medium,Engagement / category promotion,Email,Seasonal category promotion,3,3
14872,General Customers,188.72404077889567,Low,0.2840383152834197,Medium,Engagement / category promotion,Email,Seasonal category promotion,3,30
12734,General Customers,185.25884037228147,Low,0.36176514922009456,Medium,Engagement / category promotion,Email,Seasonal category promotion,3,8
14398,General Customers,184.02768858512866,Low,0.3717482228037414,Medium,Engagement / category promotion,Email,Seasonal category promotion,3,38
14685,Noise / Uncategorised,182.16638605681183,Low,0.587357132774026,High,Low-cost automated reactivation,Email,Single automated discount email (budget-capped),3,11
18280,General Customers,181.5607266956603,Low,0.35762922660822066,Medium,Engagement / category promotion,Email,Seasonal category promotion,3,35
17556,General Customers,181.47504515141307,Low,0.2529149815541497,Medium,Engagement / category promotion,Email,Seasonal category promotion,3,52
13024,General Customers,181.05055033706086,Low,0.32182274248912746,Medium,Engagement / category promotion,Email,Seasonal category promotion,3,33
13545,General Customers,177.8765289794513,Low,0.2901256841376191,Medium,Engagement / category promotion,Email,Seasonal category promotion,3,46
12632,General Customers,175.59380391810495,Low,0.29786467714526077,Medium,Engagement / category promotion,Email,Seasonal category promotion,3,13
17166,General Customers,172.21658910421348,Low,0.2920795158783586,Medium,Engagement / category promotion,Email,Seasonal category promotion,3,50
17005,General Customers,170.8504317027104,Low,0.498709302721299,Medium,Engagement / category promotion,Email,Seasonal category promotion,3,35
14097,General Customers,170.54865869828072,Low,0.3053327383193559,Medium,Engagement / category promotion,Email,Seasonal category promotion,3,49
16378,General Customers,170.12726557993778,Low,0.494629611842347,Medium,Engagement / category promotion,Email,Seasonal category promotion,3,13
13201,General Customers,168.4235646808505,Low,0.27516030269841996,Medium,Engagement / category promotion,Email,Seasonal category promotion,3,21
16290,General Customers,168.29433238474329,Low,0.30263620561959836,Medium,Engagement / category promotion,Email,Seasonal category promotion,3,15
18244,General Customers,165.57888315907874,Low,0.3013958030320614,Medium,Engagement / category promotion,Email,Seasonal category promotion,3,22
17062,General Customers,165.17185472949677,Low,0.3406259657897022,Medium,Engagement / category promotion,Email,Seasonal category promotion,3,12
13248,General Customers,164.056678616465,Low,0.37212783351863266,Medium,Engagement / category promotion,Email,Seasonal category promotion,3,19
13836,General Customers,162.8985060244292,Low,0.3000957561047194,Medium,Engagement / category promotion,Email,Seasonal category promotion,3,4
15627,General Customers,162.01830032218567,Low,0.26465382612131205,Medium,Engagement / category promotion,Email,Seasonal category promotion,3,20
16675,General Customers,161.37328106584295,Low,0.3210894870531162,Medium,Engagement / category promotion,Email,Seasonal category promotion,3,11
12575,General Customers,160.54161076485119,Low,0.32745611353188714,Medium,Engagement / category promotion,Email,Seasonal category promotion,3,21
17143,General Customers,159.93781106781827,Low,0.31020362876978247,Medium,Engagement / category promotion,Email,Seasonal category promotion,3,29
12825,General Customers,159.84334704304587,Low,0.3455061756747641,Medium,Engagement / category promotion,Email,Seasonal category promotion,3,36
14260,General Customers,159.64067930497936,Low,0.3180740489196475,Medium,Engagement / category promotion,Email,Seasonal category promotion,3,15
17967,General Customers,159.3695970984618,Low,0.4115133128845385,Medium,Engagement / category promotion,Email,Seasonal category promotion,3,13
13150,General Customers,159.30088992716705,Low,0.3236649138439239,Medium,Engagement / category promotion,Email,Seasonal category promotion,3,29
13540,General Customers,158.85353146256682,Low,0.26324680685736346,Medium,Engagement / category promotion,Email,Seasonal category promotion,3,38
16590,General Customers,155.6272870107297,Low,0.2927668890396995,Medium,Engagement / category promotion,Email,Seasonal category promotion,3,4
18146,Noise / Uncategorised,155.3244296211351,Low,0.6034259773834367,High,Low-cost automated reactivation,Email,Single automated discount email (budget-capped),3,24
17643,General Customers,155.1044483574646,Low,0.251775126576083,Medium,Engagement / category promotion,Email,Seasonal category promotion,3,40
13393,General Customers,149.54841001790243,Low,0.4634133636889031,Medium,Engagement / category promotion,Email,Seasonal category promotion,3,22
15956,General Customers,148.93309548913086,Low,0.48556405714036494,Medium,Engagement / category promotion,Email,Seasonal category promotion,3,52
16428,General Customers,148.16965067070052,Low,0.2932144913118873,Medium,Engagement / category promotion,Email,Seasonal category promotion,3,17
13002,General Customers,145.31171184900057,Low,0.3854159246679579,Medium,Engagement / category promotion,Email,Seasonal category promotion,3,23
16522,General Customers,143.97699407039806,Low,0.37538699441229006,Medium,Engagement / category promotion,Email,Seasonal category promotion,3,4
12525,General Customers,143.63770641267584,Low,0.254938269441865,Medium,Engagement / category promotion,Email,Seasonal category promotion,3,30
13190,General Customers,142.36288124623135,Low,0.4826534552071275,Medium,Engagement / category promotion,Email,Seasonal category promotion,3,38
15008,General Customers,142.1088579436259,Low,0.30080140569177954,Medium,Engagement / category promotion,Email,Seasonal category promotion,3,47
12999,General Customers,140.39407577557742,Low,0.3920180689147445,Medium,Engagement / category promotion,Email,Seasonal category promotion,3,10
14182,General Customers,139.56389039091587,Low,0.4049967765673831,Medium,Engagement / category promotion,Email,Seasonal category promotion,3,23
13898,General Customers,138.7978563271096,Low,0.3631684519421094,Medium,Engagement / category promotion,Email,Seasonal category promotion,3,26
16427,General Customers,138.60022859898956,Low,0.3942237551485146,Medium,Engagement / category promotion,Email,Seasonal category promotion,3,6
15350,General Customers,135.97230104765498,Low,0.25735824795454076,Medium,Engagement / category promotion,Email,Seasonal category promotion,3,3
16075,General Customers,131.97649249614057,Low,0.316108736305715,Medium,Engagement / category promotion,Email,Seasonal category promotion,3,18
14615,General Customers,131.85554232251144,Low,0.32694238122614155,Medium,Engagement / category promotion,Email,Seasonal category promotion,3,18
16661,General Customers,131.04112889212348,Low,0.4553166315077118,Medium,Engagement / category promotion,Email,Seasonal category promotion,3,27
12907,General Customers,130.59375095749502,Low,0.3444723401642032,Medium,Engagement / category promotion,Email,Seasonal category promotion,3,29
13041,General Customers,129.62851316206812,Low,0.4033283503638834,Medium,Engagement / category promotion,Email,Seasonal category promotion,3,21
14082,General Customers,126.01655760355875,Low,0.3889404292391339,Medium,Engagement / category promotion,Email,Seasonal category promotion,3,8
15174,General Customers,123.24985098819133,Low,0.3457954801923449,Medium,Engagement / category promotion,Email,Seasonal category promotion,3,26
15207,General Customers,123.10056087148517,Low,0.35666488215489006,Medium,Engagement / category promotion,Email,Seasonal category promotion,3,26
15935,General Customers,121.27505460820029,Low,0.43175625502371096,Medium,Engagement / category promotion,Email,Seasonal category promotion,3,1
13998,General Customers,121.19060327236113,Low,0.35315734396688825,Medium,Engagement / category promotion,Email,Seasonal category promotion,3,26
15543,General Customers,120.81478384346383,Low,0.2814393482839189,Medium,Engagement / category promotion,Email,Seasonal category promotion,3,51
15080,General Customers,118.7541888194727,Low,0.2524851473513202,Medium,Engagement / category promotion,Email,Seasonal category promotion,3,22
16974,Noise / Uncategorised,117.74390129358864,Low,0.5198443681097955,High,Low-cost automated reactivation,Email,Single automated discount email (budget-capped),3,12
17995,General Customers,117.72086408970291,Low,0.44862670151133965,Medium,Engagement / category promotion,Email,Seasonal category promotion,3,21
12651,General Customers,117.70570816182976,Low,0.3615751701934584,Medium,Engagement / category promotion,Email,Seasonal category promotion,3,20
17000,General Customers,117.02173648308928,Low,0.3305962679574506,Medium,Engagement / category promotion,Email,Seasonal category promotion,3,3
15212,General Customers,116.63171084402308,Low,0.34960008143359855,Medium,Engagement / category promotion,Email,Seasonal category promotion,3,40
12888,Noise / Uncategorised,115.9283265415529,Low,0.5159744457905595,High,Low-cost automated reactivation,Email,Single automated discount email (budget-capped),3,12
17524,General Customers,115.61136096281373,Low,0.40258150863350695,Medium,Engagement / category promotion,Email,Seasonal category promotion,3,15
15011,General Customers,113.885321864883,Low,0.3975715932162939,Medium,Engagement / category promotion,Email,Seasonal category promotion,3,6
17380,General Customers,113.63486285047885,Low,0.4450416146800004,Medium,Engagement / category promotion,Email,Seasonal category promotion,3,20
12386,General Customers,112.19356363393152,Low,0.2572186722383088,Medium,Engagement / category promotion,Email,Seasonal category promotion,3,9
16382,General Customers,111.93694591829016,Low,0.4466780378629815,Medium,Engagement / category promotion,Email,Seasonal category promotion,3,43
16815,General Customers,105.3325875423051,Low,0.30278350368122736,Medium,Engagement / category promotion,Email,Seasonal category promotion,3,25
13972,General Customers,105.28268440054143,Low,0.390112578331175,Medium,Engagement / category promotion,Email,Seasonal category promotion,3,39
15650,General Customers,102.9932034098597,Low,0.3141450932712798,Medium,Engagement / category promotion,Email,Seasonal category promotion,3,32
15160,General Customers,102.75644364392997,Low,0.3376094284408548,Medium,Engagement / category promotion,Email,Seasonal category promotion,3,9
16939,General Customers,101.49492150379064,Low,0.3098063659262097,Medium,Engagement / category promotion,Email,Seasonal category promotion,3,32
16421,General Customers,101.26953106119512,Low,0.4897867971238002,Medium,Engagement / category promotion,Email,Seasonal category promotion,3,19
16691,General Customers,100.05046160690478,Low,0.32750317917649485,Medium,Engagement / category promotion,Email,Seasonal category promotion,3,43
16844,General Customers,99.28338215485428,Low,0.41757118146207706,Medium,Engagement / category promotion,Email,Seasonal category promotion,3,6
14011,General Customers,99.0563216496855,Low,0.3811429848999041,Medium,Engagement / category promotion,Email,Seasonal category promotion,3,38
15586,General Customers,98.93120906402267,Low,0.49585763347155637,Medium,Engagement / category promotion,Email,Seasonal category promotion,3,22
16402,General Customers,98.7845306416489,Low,0.32313439982764547,Medium,Engagement / category promotion,Email,Seasonal category promotion,3,31
13785,General Customers,97.7027994768441,Low,0.3802467916102183,Medium,Engagement / category promotion,Email,Seasonal category promotion,3,5
16802,General Customers,94.0853656414306,Low,0.47866213743493696,Medium,Engagement / category promotion,Email,Seasonal category promotion,3,15
15741,General Customers,92.9574917176112,Low,0.34078210538507664,Medium,Engagement / category promotion,Email,Seasonal category promotion,3,48
13057,General Customers,92.69905687991472,Low,0.48244314833309737,Medium,Engagement / category promotion,Email,Seasonal category promotion,3,20
14151,General Customers,91.59373601534344,Low,0.46199671993333735,Medium,Engagement / category promotion,Email,Seasonal category promotion,3,13
12889,General Customers,89.45382481701678,Low,0.3645857316169755,Medium,Engagement / category promotion,Email,Seasonal category promotion,3,18
17622,Noise / Uncategorised,87.25396946076462,Low,0.8349117656984395,High,Low-cost automated reactivation,Email,Single automated discount email (budget-capped),3,30
14634,General Customers,86.80137688352346,Low,0.30786851185815495,Medium,Engagement / category promotion,Email,Seasonal category promotion,3,16
14058,General Customers,86.10683154466831,Low,0.35518632335903105,Medium,Engagement / category promotion,Email,Seasonal category promotion,3,20
16060,General Customers,84.23544889190346,Low,0.466297698426803,Medium,Engagement / category promotion,Email,Seasonal category promotion,3,19
16935,General Customers,83.74003846959741,Low,0.27611800990656005,Medium,Engagement / category promotion,Email,Seasonal category promotion,3,8
13133,General Customers,83.17072017141719,Low,0.30728178130092454,Medium,Engagement / category promotion,Email,Seasonal category promotion,3,37
13123,General Customers,82.65760780049169,Low,0.2700388249204488,Medium,Engagement / category promotion,Email,Seasonal category promotion,3,17
18258,General Customers,82.11314356335184,Low,0.4185149750466763,Medium,Engagement / category promotion,Email,Seasonal category promotion,3,11
13595,General Customers,80.426381509266,Low,0.28275035644895347,Medium,Engagement / category promotion,Email,Seasonal category promotion,3,26
16148,General Customers,77.1268625866658,Low,0.45186003693525645,Medium,Engagement / category promotion,Email,Seasonal category promotion,3,42
13374,General Customers,75.40991344627336,Low,0.4972859198615612,Medium,Engagement / category promotion,Email,Seasonal category promotion,3,10
12804,General Customers,74.68411426852362,Low,0.38731823923821085,Medium,Engagement / category promotion,Email,Seasonal category promotion,3,10
12943,General Customers,72.78342964611387,Low,0.4729370432486876,Medium,Engagement / category promotion,Email,Seasonal category promotion,3,14
14169,General Customers,72.17429571151757,Low,0.25314027625183994,Medium,Engagement / category promotion,Email,Seasonal category promotion,3,4
15230,General Customers,71.59208225909948,Low,0.46252761711538937,Medium,Engagement / category promotion,Email,Seasonal category promotion,3,1
16897,General Customers,70.51175980791574,Low,0.41377201734465,Medium,Engagement / category promotion,Email,Seasonal category promotion,3,4
14303,General Customers,69.85395010198113,Low,0.48533770232690454,Medium,Engagement / category promotion,Email,Seasonal category promotion,3,8
14181,General Customers,69.83099268372796,Low,0.3449924261543302,Medium,Engagement / category promotion,Email,Seasonal category promotion,3,45
15102,General Customers,68.90086357172518,Low,0.26596570284866855,Medium,Engagement / category promotion,Email,Seasonal category promotion,3,5
13073,General Customers,68.36144218702475,Low,0.4435630213482357,Medium,Engagement / category promotion,Email,Seasonal category promotion,3,8
15430,General Customers,67.60846137041459,Low,0.30652442948004505,Medium,Engagement / category promotion,Email,Seasonal category promotion,3,18
17745,General Customers,65.0406193017611,Low,0.34107287128576586,Medium,Engagement / category promotion,Email,Seasonal category promotion,3,23
12559,General Customers,64.19923809276942,Low,0.2658450806889539,Medium,Engagement / category promotion,Email,Seasonal category promotion,3,2
16544,General Customers,63.17443120397084,Low,0.2589295662796204,Medium,Engagement / category promotion,Email,Seasonal category promotion,3,21
12482,Noise / Uncategorised,62.220880462358785,Low,0.6885556053469044,High,Low-cost automated reactivation,Email,Single automated discount email (budget-capped),3,2
14835,Noise / Uncategorised,62.02496225858226,Low,0.5142565327499266,High,Low-cost automated reactivation,Email,Single automated discount email (budget-capped),3,26
17732,General Customers,61.90733824510891,Low,0.3214086627527029,Medium,Engagement / category promotion,Email,Seasonal category promotion,3,9
18121,General Customers,61.809254878078576,Low,0.3677962979779626,Medium,Engagement / category promotion,Email,Seasonal category promotion,3,2
18050,General Customers,58.46800979624906,Low,0.4894628710467104,Medium,Engagement / category promotion,Email,Seasonal category promotion,3,10
13768,Noise / Uncategorised,55.73955676122021,Low,0.6398936887091909,High,Low-cost automated reactivation,Email,Single automated discount email (budget-capped),3,1
17021,General Customers,53.67069296967487,Low,0.3076566843242947,Medium,Engagement / category promotion,Email,Seasonal category promotion,3,15
17847,General Customers,52.17807559936898,Low,0.4181665820556375,Medium,Engagement / category promotion,Email,Seasonal category promotion,3,39
12741,General Customers,51.819066593545216,Low,0.43138818946212637,Medium,Engagement / category promotion,Email,Seasonal category promotion,3,1
14168,General Customers,50.99216955014604,Low,0.420634496065487,Medium,Engagement / category promotion,Email,Seasonal category promotion,3,43
17792,General Customers,50.15710375884174,Low,0.35380745169132005,Medium,Engagement / category promotion,Email,Seasonal category promotion,3,3
13122,General Customers,49.46679957125756,Low,0.27277375344086474,Medium,Engagement / category promotion,Email,Seasonal category promotion,3,44
15538,Noise / Uncategorised,49.38116522495915,Low,0.5992581366979122,High,Low-cost automated reactivation,Email,Single automated discount email (budget-capped),3,12
17741,General Customers,47.368577380531505,Low,0.3250467936879771,Medium,Engagement / category promotion,Email,Seasonal category promotion,3,46
15960,General Customers,45.14013059425195,Low,0.34882601975534805,Medium,Engagement / category promotion,Email,Seasonal category promotion,3,9
16704,General Customers,44.579156099297755,Low,0.4970899766063642,Medium,Engagement / category promotion,Email,Seasonal category promotion,3,16
17780,Noise / Uncategorised,44.33470395376874,Low,0.5487478457572549,High,Low-cost automated reactivation,Email,Single automated discount email (budget-capped),3,3
13399,General Customers,42.98249696288522,Low,0.4938225396621174,Medium,Engagement / category promotion,Email,Seasonal category promotion,3,11
15183,General Customers,42.75584870423582,Low,0.46183691457787535,Medium,Engagement / category promotion,Email,Seasonal category promotion,3,7
16765,General Customers,41.68939074405435,Low,0.35624794936666077,Medium,Engagement / category promotion,Email,Seasonal category promotion,3,26
16890,General Customers,40.845411903580114,Low,0.37034401158873154,Medium,Engagement / category promotion,Email,Seasonal category promotion,3,21
18021,General Customers,38.76230657431458,Low,0.4809831068719232,Medium,Engagement / category promotion,Email,Seasonal category promotion,3,1
16286,General Customers,38.38892721162105,Low,0.42508001023682757,Medium,Engagement / category promotion,Email,Seasonal category promotion,3,44
17067,Noise / Uncategorised,38.243523124865135,Low,0.7042300015364933,High,Low-cost automated reactivation,Email,Single automated discount email (budget-capped),3,1
16453,General Customers,38.04458033770967,Low,0.43425347085760485,Medium,Engagement / category promotion,Email,Seasonal category promotion,3,5
16498,Noise / Uncategorised,34.838595067785256,Low,0.6822672067242327,High,Low-cost automated reactivation,Email,Single automated discount email (budget-capped),3,30
17332,General Customers,33.33588530603,Low,0.2901135908777117,Medium,Engagement / category promotion,Email,Seasonal category promotion,3,15
16381,General Customers,30.999093792217934,Low,0.32673559240161887,Medium,Engagement / category promotion,Email,Seasonal category promotion,3,7
12788,General Customers,28.23621774824796,Low,0.35613135632018555,Medium,Engagement / category promotion,Email,Seasonal category promotion,3,10
17185,Noise / Uncategorised,28.194958318564034,Low,0.7484417433807422,High,Low-cost automated reactivation,Email,Single automated discount email (budget-capped),3,1
15283,General Customers,28.110438223830496,Low,0.3678512580057973,Medium,Engagement / category promotion,Email,Seasonal category promotion,3,25
17681,Noise / Uncategorised,27.032165201532898,Low,0.6276656396624626,High,Low-cost automated reactivation,Email,Single automated discount email (budget-capped),3,12
15684,Noise / Uncategorised,24.738010202771875,Low,0.6032609302550234,High,Low-cost automated reactivation,Email,Single automated discount email (budget-capped),3,38
14464,Noise / Uncategorised,24.467123749634766,Low,0.7222205715154949,High,Low-cost automated reactivation,Email,Single automated discount email (budget-capped),3,18
17918,Noise / Uncategorised,21.13442383778849,Low,0.5185089698271433,High,Low-cost automated reactivation,Email,Single automated discount email (budget-capped),3,1
15213,General Customers,19.267379264205204,Low,0.3758488924742871,Medium,Engagement / category promotion,Email,Seasonal category promotion,3,3
15413,Noise / Uncategorised,16.52535794480052,Low,0.6495465103700998,High,Low-cost automated reactivation,Email,Single automated discount email (budget-capped),3,6
15794,Noise / Uncategorised,15.875088931150273,Low,0.7368228055480963,High,Low-cost automated reactivation,Email,Single automated discount email (budget-capped),3,30
12761,General Customers,14.194171703348557,Low,0.2651666635921193,Medium,Engagement / category promotion,Email,Seasonal category promotion,3,2
17246,Noise / Uncategorised,13.492399730704248,Low,0.5829749768985136,High,Low-cost automated reactivation,Email,Single automated discount email (budget-capped),3,57
13597,General Customers,12.998923788688574,Low,0.44896178265824355,Medium,Engagement / category promotion,Email,Seasonal category promotion,3,1
17916,Noise / Uncategorised,11.752863298256731,Low,0.7137834805116138,High,Low-cost automated reactivation,Email,Single automated discount email (budget-capped),3,31
13413,Noise / Uncategorised,8.864281395812565,Low,0.7022071400556952,High,Low-cost automated reactivation,Email,Single automated discount email (budget-capped),3,5
12675,General Customers,8.070771486614344,Low,0.43134324709111693,Medium,Engagement / category promotion,Email,Seasonal category promotion,3,7
17794,Noise / Uncategorised,4.149984982829837,Low,0.6955562157600618,High,Low-cost automated reactivation,Email,Single automated discount email (budget-capped),3,1
14160,Noise / Uncategorised,4.105530414688652,Low,0.6968775216346152,High,Low-cost automated reactivation,Email,Single automated discount email (budget-capped),3,8
17808,Noise / Uncategorised,3.8050782531573204,Low,0.741906505053619,High,Low-cost automated reactivation,Email,Single automated discount email (budget-capped),3,5
15359,Noise / Uncategorised,2.0776010578522333,Low,0.6644251228087161,High,Low-cost automated reactivation,Email,Single automated discount email (budget-capped),3,2
15911,Noise / Uncategorised,1.991926756042428,Low,0.5879720987514185,High,Low-cost automated reactivation,Email,Single automated discount email (budget-capped),3,8
18051,Noise / Uncategorised,1.7332770057321931,Low,0.5633623331502354,High,Low-cost automated reactivation,Email,Single automated discount email (budget-capped),3,8
12365,Noise / Uncategorised,0.0,Low,0.506400429916007,High,Low-cost automated reactivation,Email,Single automated discount email (budget-capped),3,30
12390,Lost Customers,0.0,Low,0.38501439536243226,Medium,Reactivation campaign,Email,Aggressive reactivation discount,3,30
12405,Lost Customers,0.0,Low,0.4735289774621081,Medium,Reactivation campaign,Email,Aggressive reactivation discount,3,30
12420,Lost Customers,0.0,Low,0.45544254210012686,Medium,Reactivation campaign,Email,Aggressive reactivation discount,3,30
12436,Lost Customers,0.0,Low,0.3782524274163787,Medium,Reactivation campaign,Email,Aggressive reactivation discount,3,30
12442,Noise / Uncategorised,0.0,Low,0.7802677065602595,High,Low-cost automated reactivation,Email,Single automated discount email (budget-capped),3,30
12447,Lost Customers,0.0,Low,0.3670194576660811,Medium,Reactivation campaign,Email,Aggressive reactivation discount,3,30
12452,Noise / Uncategorised,0.0,Low,0.5765048107196593,High,Low-cost automated reactivation,Email,Single automated discount email (budget-capped),3,30
12453,Lost Customers,0.0,Low,0.4934116757606419,Medium,Reactivation campaign,Email,Aggressive reactivation discount,3,30
12479,Lost Customers,0.0,Low,0.36687124131351107,Medium,Reactivation campaign,Email,Aggressive reactivation discount,3,30
12491,Lost Customers,0.0,Low,0.35816410282005473,Medium,Reactivation campaign,Email,Aggressive reactivation discount,3,30
12496,Noise / Uncategorised,0.0,Low,0.818676431324722,High,Low-cost automated reactivation,Email,Single automated discount email (budget-capped),3,30
12512,Noise / Uncategorised,0.0,Low,0.6875083768306203,High,Low-cost automated reactivation,Email,Single automated discount email (budget-capped),3,30
12554,Lost Customers,0.0,Low,0.36019918912981197,Medium,Reactivation campaign,Email,Aggressive reactivation discount,3,30
12564,Lost Customers,0.0,Low,0.4046043550587597,Medium,Reactivation campaign,Email,Aggressive reactivation discount,3,30
12579,Lost Customers,0.0,Low,0.4848480549829349,Medium,Reactivation campaign,Email,Aggressive reactivation discount,3,30
12587,Noise / Uncategorised,0.0,Low,0.7709812119704886,High,Low-cost automated reactivation,Email,Single automated discount email (budget-capped),3,30
12603,Noise / Uncategorised,0.0,Low,0.5444093450058716,High,Low-cost automated reactivation,Email,Single automated discount email (budget-capped),3,30
12612,Lost Customers,0.0,Low,0.4935014576971016,Medium,Reactivation campaign,Email,Aggressive reactivation discount,3,30
12650,Noise / Uncategorised,0.0,Low,0.7766148767641348,High,Low-cost automated reactivation,Email,Single automated discount email (budget-capped),3,30
12658,Lost Customers,0.0,Low,0.4981671394662329,Medium,Reactivation campaign,Email,Aggressive reactivation discount,3,30
12666,Lost Customers,0.0,Low,0.46779497637887874,Medium,Reactivation campaign,Email,Aggressive reactivation discount,3,30
12671,Noise / Uncategorised,0.0,Low,0.7211503244729075,High,Low-cost automated reactivation,Email,Single automated discount email (budget-capped),3,30
12699,Lost Customers,0.0,Low,0.4962347088132677,Medium,Reactivation campaign,Email,Aggressive reactivation discount,3,30
12737,Noise / Uncategorised,0.0,Low,0.5894602277954113,High,Low-cost automated reactivation,Email,Single automated discount email (budget-capped),3,30
12752,Noise / Uncategorised,0.0,Low,0.5272117387165329,High,Low-cost automated reactivation,Email,Single automated discount email (budget-capped),3,30
12764,Lost Customers,0.0,Low,0.49711384355231975,Medium,Reactivation campaign,Email,Aggressive reactivation discount,3,30
12777,Lost Customers,0.0,Low,0.33035787021471535,Medium,Reactivation campaign,Email,Aggressive reactivation discount,3,30
12818,Noise / Uncategorised,0.0,Low,0.5000916072872001,High,Low-cost automated reactivation,Email,Single automated discount email (budget-capped),3,30
12819,Lost Customers,0.0,Low,0.3232782499236961,Medium,Reactivation campaign,Email,Aggressive reactivation discount,3,30
12903,Lost Customers,0.0,Low,0.46810107360537123,Medium,Reactivation campaign,Email,Aggressive reactivation discount,3,30
12911,Noise / Uncategorised,0.0,Low,0.5089681635216875,High,Low-cost automated reactivation,Email,Single automated discount email (budget-capped),3,30
12918,Noise / Uncategorised,0.0,Low,0.7586337870776652,High,Low-cost automated reactivation,Email,Single automated discount email (budget-capped),3,30
12965,Lost Customers,0.0,Low,0.33352517401478243,Medium,Reactivation campaign,Email,Aggressive reactivation discount,3,30
12988,Lost Customers,0.0,Low,0.32039172582666137,Medium,Reactivation campaign,Email,Aggressive reactivation discount,3,30
13017,Noise / Uncategorised,0.0,Low,0.7698849606575167,High,Low-cost automated reactivation,Email,Single automated discount email (budget-capped),3,30
13043,Lost Customers,0.0,Low,0.36153782246766614,Medium,Reactivation campaign,Email,Aggressive reactivation discount,3,30
13086,Lost Customers,0.0,Low,0.4414380333858629,Medium,Reactivation campaign,Email,Aggressive reactivation discount,3,30
13116,Lost Customers,0.0,Low,0.40412674905916934,Medium,Reactivation campaign,Email,Aggressive reactivation discount,3,30
13176,Lost Customers,0.0,Low,0.2771621814399982,Medium,Reactivation campaign,Email,Aggressive reactivation discount,3,30
13188,Noise / Uncategorised,0.0,Low,0.7471401877494378,High,Low-cost automated reactivation,Email,Single automated discount email (budget-capped),3,30
13205,Noise / Uncategorised,0.0,Low,0.6135564685617696,High,Low-cost automated reactivation,Email,Single automated discount email (budget-capped),3,30
13237,Lost Customers,0.0,Low,0.43269946017765243,Medium,Reactivation campaign,Email,Aggressive reactivation discount,3,30
13260,Lost Customers,0.0,Low,0.4563914632291819,Medium,Reactivation campaign,Email,Aggressive reactivation discount,3,30
13270,Noise / Uncategorised,0.0,Low,0.5822699147739706,High,Low-cost automated reactivation,Email,Single automated discount email (budget-capped),3,30
13298,Noise / Uncategorised,0.0,Low,0.7365316945715814,High,Low-cost automated reactivation,Email,Single automated discount email (budget-capped),3,30
13325,Lost Customers,0.0,Low,0.4860555267420725,Medium,Reactivation campaign,Email,Aggressive reactivation discount,3,30
13341,Lost Customers,0.0,Low,0.4542842570842911,Medium,Reactivation campaign,Email,Aggressive reactivation discount,3,30
13356,Lost Customers,0.0,Low,0.4542842570842911,Medium,Reactivation campaign,Email,Aggressive reactivation discount,3,30
13366,Noise / Uncategorised,0.0,Low,0.7613194545406443,High,Low-cost automated reactivation,Email,Single automated discount email (budget-capped),3,30
13367,Lost Customers,0.0,Low,0.3483661107596482,Medium,Reactivation campaign,Email,Aggressive reactivation discount,3,30
13369,Lost Customers,0.0,Low,0.49239852907475923,Medium,Reactivation campaign,Email,Aggressive reactivation discount,3,30
13370,Lost Customers,0.0,Low,0.46835837937363417,Medium,Reactivation campaign,Email,Aggressive reactivation discount,3,30
13385,Lost Customers,0.0,Low,0.36416430744855993,Medium,Reactivation campaign,Email,Aggressive reactivation discount,3,30
13390,Lost Customers,0.0,Low,0.3305059382934607,Medium,Reactivation campaign,Email,Aggressive reactivation discount,3,30
13436,Noise / Uncategorised,0.0,Low,0.775665741802325,High,Low-cost automated reactivation,Email,Single automated discount email (budget-capped),3,30
13526,Noise / Uncategorised,0.0,Low,0.7749556214047201,High,Low-cost automated reactivation,Email,Single automated discount email (budget-capped),3,30
13532,Lost Customers,0.0,Low,0.34472549651180134,Medium,Reactivation campaign,Email,Aggressive reactivation discount,3,30
13572,Lost Customers,0.0,Low,0.4740825610293167,Medium,Reactivation campaign,Email,Aggressive reactivation discount,3,30
13624,Lost Customers,0.0,Low,0.3811226975343094,Medium,Reactivation campaign,Email,Aggressive reactivation discount,3,30
13687,Noise / Uncategorised,0.0,Low,0.5321739679167385,High,Low-cost automated reactivation,Email,Single automated discount email (budget-capped),3,30
13732,Lost Customers,0.0,Low,0.45774478517882256,Medium,Reactivation campaign,Email,Aggressive reactivation discount,3,30
13788,Noise / Uncategorised,0.0,Low,0.5442086408200639,High,Low-cost automated reactivation,Email,Single automated discount email (budget-capped),3,30
13790,Noise / Uncategorised,0.0,Low,0.7557230665404265,High,Low-cost automated reactivation,Email,Single automated discount email (budget-capped),3,30
13840,Lost Customers,0.0,Low,0.49387686777890866,Medium,Reactivation campaign,Email,Aggressive reactivation discount,3,30
13850,Lost Customers,0.0,Low,0.39689014521860544,Medium,Reactivation campaign,Email,Aggressive reactivation discount,3,30
13961,Lost Customers,0.0,Low,0.3221121386261444,Medium,Reactivation campaign,Email,Aggressive reactivation discount,3,30
13977,Lost Customers,0.0,Low,0.33478257750758394,Medium,Reactivation campaign,Email,Aggressive reactivation discount,3,30
14008,Lost Customers,0.0,Low,0.4008896603124121,Medium,Reactivation campaign,Email,Aggressive reactivation discount,3,30
14028,Noise / Uncategorised,0.0,Low,0.6927758863543878,High,Low-cost automated reactivation,Email,Single automated discount email (budget-capped),3,30
14036,Lost Customers,0.0,Low,0.49799667913721624,Medium,Reactivation campaign,Email,Aggressive reactivation discount,3,30
14095,Noise / Uncategorised,0.0,Low,0.6156606456624254,High,Low-cost automated reactivation,Email,Single automated discount email (budget-capped),3,30
14118,Lost Customers,0.0,Low,0.40053928818919904,Medium,Reactivation campaign,Email,Aggressive reactivation discount,3,30
14158,Lost Customers,0.0,Low,0.39389347200963026,Medium,Reactivation campaign,Email,Aggressive reactivation discount,3,30
14213,Noise / Uncategorised,0.0,Low,0.597774455487216,High,Low-cost automated reactivation,Email,Single automated discount email (budget-capped),3,30
14222,Lost Customers,0.0,Low,0.48822238765381293,Medium,Reactivation campaign,Email,Aggressive reactivation discount,3,30
14254,Lost Customers,0.0,Low,0.4549880170554257,Medium,Reactivation campaign,Email,Aggressive reactivation discount,3,30
14255,Noise / Uncategorised,0.0,Low,0.7010150774623622,High,Low-cost automated reactivation,Email,Single automated discount email (budget-capped),3,30
14270,Lost Customers,0.0,Low,0.39947477425633726,Medium,Reactivation campaign,Email,Aggressive reactivation discount,3,30
14300,Noise / Uncategorised,0.0,Low,0.7215749482476582,High,Low-cost automated reactivation,Email,Single automated discount email (budget-capped),3,30
14308,Noise / Uncategorised,0.0,Low,0.7853636152787159,High,Low-cost automated reactivation,Email,Single automated discount email (budget-capped),3,30
14310,Lost Customers,0.0,Low,0.41429147066596156,Medium,Reactivation campaign,Email,Aggressive reactivation discount,3,30
14317,Lost Customers,0.0,Low,0.3433119958842797,Medium,Reactivation campaign,Email,Aggressive reactivation discount,3,30
14319,Lost Customers,0.0,Low,0.3909011925105543,Medium,Reactivation campaign,Email,Aggressive reactivation discount,3,30
14328,Lost Customers,0.0,Low,0.39022192375043924,Medium,Reactivation campaign,Email,Aggressive reactivation discount,3,30
14417,Lost Customers,0.0,Low,0.2816773564339493,Medium,Reactivation campaign,Email,Aggressive reactivation discount,3,30
14424,Noise / Uncategorised,0.0,Low,0.7635114107468313,High,Low-cost automated reactivation,Email,Single automated discount email (budget-capped),3,30
14429,Lost Customers,0.0,Low,0.3578771143137982,Medium,Reactivation campaign,Email,Aggressive reactivation discount,3,30
14627,Lost Customers,0.0,Low,0.3631917311794516,Medium,Reactivation campaign,Email,Aggressive reactivation discount,3,30
14638,Lost Customers,0.0,Low,0.4903176649307895,Medium,Reactivation campaign,Email,Aggressive reactivation discount,3,30
14663,General Customers,0.0,Low,0.37995085154681707,Medium,Engagement / category promotion,Email,Seasonal category promotion,3,30
14792,Noise / Uncategorised,0.0,Low,0.5257754258190195,High,Low-cost automated reactivation,Email,Single automated discount email (budget-capped),3,30
14802,Noise / Uncategorised,0.0,Low,0.5724218064388572,High,Low-cost automated reactivation,Email,Single automated discount email (budget-capped),3,30
14809,Noise / Uncategorised,0.0,Low,0.6962452570367463,High,Low-cost automated reactivation,Email,Single automated discount email (budget-capped),3,30
14887,Noise / Uncategorised,0.0,Low,0.5412789334366291,High,Low-cost automated reactivation,Email,Single automated discount email (budget-capped),3,30
14899,Lost Customers,0.0,Low,0.30401704692812825,Medium,Reactivation campaign,Email,Aggressive reactivation discount,3,30
14917,Noise / Uncategorised,0.0,Low,0.7979555409248461,High,Low-cost automated reactivation,Email,Single automated discount email (budget-capped),3,30
14923,Lost Customers,0.0,Low,0.48872248071153357,Medium,Reactivation campaign,Email,Aggressive reactivation discount,3,30
14938,Noise / Uncategorised,0.0,Low,0.6392345994656775,High,Low-cost automated reactivation,Email,Single automated discount email (budget-capped),3,30
14956,Noise / Uncategorised,0.0,Low,0.5546065187289504,High,Low-cost automated reactivation,Email,Single automated discount email (budget-capped),3,30
14993,Noise / Uncategorised,0.0,Low,0.8340523513677259,High,Low-cost automated reactivation,Email,Single automated discount email (budget-capped),3,30
15000,Lost Customers,0.0,Low,0.2883507034678385,Medium,Reactivation campaign,Email,Aggressive reactivation discount,3,30
15019,Lost Customers,0.0,Low,0.37190278078150024,Medium,Reactivation campaign,Email,Aggressive reactivation discount,3,30
15040,Noise / Uncategorised,0.0,Low,0.701384084276353,High,Low-cost automated reactivation,Email,Single automated discount email (budget-capped),3,30
15066,Lost Customers,0.0,Low,0.46801022717935825,Medium,Reactivation campaign,Email,Aggressive reactivation discount,3,30
15069,Lost Customers,0.0,Low,0.48359196893441436,Medium,Reactivation campaign,Email,Aggressive reactivation discount,3,30
15075,Lost Customers,0.0,Low,0.43392666767510385,Medium,Reactivation campaign,Email,Aggressive reactivation discount,3,30
15138,Lost Customers,0.0,Low,0.39402998295113206,Medium,Reactivation campaign,Email,Aggressive reactivation discount,3,30
15147,Lost Customers,0.0,Low,0.43306111277267284,Medium,Reactivation campaign,Email,Aggressive reactivation discount,3,30
15171,Noise / Uncategorised,0.0,Low,0.5512881538297858,High,Low-cost automated reactivation,Email,Single automated discount email (budget-capped),3,30
15177,Lost Customers,0.0,Low,0.48759342385421284,Medium,Reactivation campaign,Email,Aggressive reactivation discount,3,30
15190,Lost Customers,0.0,Low,0.46102162733293234,Medium,Reactivation campaign,Email,Aggressive reactivation discount,3,30
15193,Lost Customers,0.0,Low,0.4154564421070057,Medium,Reactivation campaign,Email,Aggressive reactivation discount,3,30
15195,Noise / Uncategorised,0.0,Low,0.5977973834358349,High,Low-cost automated reactivation,Email,Single automated discount email (budget-capped),3,30
15200,Lost Customers,0.0,Low,0.36382260346485606,Medium,Reactivation campaign,Email,Aggressive reactivation discount,3,30
15275,Lost Customers,0.0,Low,0.4955314715570874,Medium,Reactivation campaign,Email,Aggressive reactivation discount,3,30
15300,Lost Customers,0.0,Low,0.39817269471780514,Medium,Reactivation campaign,Email,Aggressive reactivation discount,3,30
15354,Noise / Uncategorised,0.0,Low,0.7525488477146403,High,Low-cost automated reactivation,Email,Single automated discount email (budget-capped),3,30
15387,Lost Customers,0.0,Low,0.38517514036164124,Medium,Reactivation campaign,Email,Aggressive reactivation discount,3,30
15417,Lost Customers,0.0,Low,0.35029253466843635,Medium,Reactivation campaign,Email,Aggressive reactivation discount,3,30
15464,Lost Customers,0.0,Low,0.3209432918806777,Medium,Reactivation campaign,Email,Aggressive reactivation discount,3,30
15507,Lost Customers,0.0,Low,0.35463365639185057,Medium,Reactivation campaign,Email,Aggressive reactivation discount,3,30
15520,Noise / Uncategorised,0.0,Low,0.7801181846289885,High,Low-cost automated reactivation,Email,Single automated discount email (budget-capped),3,30
15526,Noise / Uncategorised,0.0,Low,0.7102027231776733,High,Low-cost automated reactivation,Email,Single automated discount email (budget-capped),3,30
15539,Lost Customers,0.0,Low,0.37281195742517315,Medium,Reactivation campaign,Email,Aggressive reactivation discount,3,30
15546,Noise / Uncategorised,0.0,Low,0.7957367449718188,High,Low-cost automated reactivation,Email,Single automated discount email (budget-capped),3,30
15557,Lost Customers,0.0,Low,0.4116005204570315,Medium,Reactivation campaign,Email,Aggressive reactivation discount,3,30
15585,Lost Customers,0.0,Low,0.42238688138260533,Medium,Reactivation campaign,Email,Aggressive reactivation discount,3,30
15588,Noise / Uncategorised,0.0,Low,0.6684616092869037,High,Low-cost automated reactivation,Email,Single automated discount email (budget-capped),3,30
15619,Noise / Uncategorised,0.0,Low,0.7231794648119053,High,Low-cost automated reactivation,Email,Single automated discount email (budget-capped),3,30
15657,Noise / Uncategorised,0.0,Low,0.7447862795635133,High,Low-cost automated reactivation,Email,Single automated discount email (budget-capped),3,30
15710,Lost Customers,0.0,Low,0.33125952734240083,Medium,Reactivation campaign,Email,Aggressive reactivation discount,3,30
15744,Noise / Uncategorised,0.0,Low,0.7543335303747706,High,Low-cost automated reactivation,Email,Single automated discount email (budget-capped),3,30
15760,Noise / Uncategorised,0.0,Low,0.7174589750997944,High,Low-cost automated reactivation,Email,Single automated discount email (budget-capped),3,30
15802,Lost Customers,0.0,Low,0.44754361255479663,Medium,Reactivation campaign,Email,Aggressive reactivation discount,3,30
15825,Lost Customers,0.0,Low,0.32241378470680837,Medium,Reactivation campaign,Email,Aggressive reactivation discount,3,30
15828,Lost Customers,0.0,Low,0.43570988540723904,Medium,Reactivation campaign,Email,Aggressive reactivation discount,3,30
15880,Lost Customers,0.0,Low,0.34615044385596166,Medium,Reactivation campaign,Email,Aggressive reactivation discount,3,30
15891,Lost Customers,0.0,Low,0.4307878969034056,Medium,Reactivation campaign,Email,Aggressive reactivation discount,3,30
15913,Noise / Uncategorised,0.0,Low,0.5374231001153252,High,Low-cost automated reactivation,Email,Single automated discount email (budget-capped),3,30
15995,Lost Customers,0.0,Low,0.3505983761971706,Medium,Reactivation campaign,Email,Aggressive reactivation discount,3,30
16000,Noise / Uncategorised,0.0,Low,0.5386751349559619,High,Low-cost automated reactivation,Email,Single automated discount email (budget-capped),3,30
16001,Lost Customers,0.0,Low,0.4832657988831233,Medium,Reactivation campaign,Email,Aggressive reactivation discount,3,30
16022,Lost Customers,0.0,Low,0.41632022366463417,Medium,Reactivation campaign,Email,Aggressive reactivation discount,3,30
16025,Lost Customers,0.0,Low,0.48528821499817015,Medium,Reactivation campaign,Email,Aggressive reactivation discount,3,30
16056,Lost Customers,0.0,Low,0.4465843322540806,Medium,Reactivation campaign,Email,Aggressive reactivation discount,3,30
16069,Lost Customers,0.0,Low,0.35816410282005473,Medium,Reactivation campaign,Email,Aggressive reactivation discount,3,30
16077,Noise / Uncategorised,0.0,Low,0.7739472675787216,High,Low-cost automated reactivation,Email,Single automated discount email (budget-capped),3,30
16093,Noise / Uncategorised,0.0,Low,0.7673843994637342,High,Low-cost automated reactivation,Email,Single automated discount email (budget-capped),3,30
16111,Lost Customers,0.0,Low,0.2813226573762285,Medium,Reactivation campaign,Email,Aggressive reactivation discount,3,30
16118,Noise / Uncategorised,0.0,Low,0.6805187033874214,High,Low-cost automated reactivation,Email,Single automated discount email (budget-capped),3,30
16142,Lost Customers,0.0,Low,0.36052998458230306,Medium,Reactivation campaign,Email,Aggressive reactivation discount,3,30
16152,Lost Customers,0.0,Low,0.41658794782941544,Medium,Reactivation campaign,Email,Aggressive reactivation discount,3,30
16216,Lost Customers,0.0,Low,0.49856912353909905,Medium,Reactivation campaign,Email,Aggressive reactivation discount,3,30
16274,Lost Customers,0.0,Low,0.499848698018555,Medium,Reactivation campaign,Email,Aggressive reactivation discount,3,30
16375,Noise / Uncategorised,0.0,Low,0.6960519718668758,High,Low-cost automated reactivation,Email,Single automated discount email (budget-capped),3,30
16479,Noise / Uncategorised,0.0,Low,0.6354134143344377,High,Low-cost automated reactivation,Email,Single automated discount email (budget-capped),3,30
16501,Lost Customers,0.0,Low,0.3179348594679704,Medium,Reactivation campaign,Email,Aggressive reactivation discount,3,30
16505,Noise / Uncategorised,0.0,Low,0.5567967231159915,High,Low-cost automated reactivation,Email,Single automated discount email (budget-capped),3,30
16536,Lost Customers,0.0,Low,0.397563211980874,Medium,Reactivation campaign,Email,Aggressive reactivation discount,3,30
16597,Noise / Uncategorised,0.0,Low,0.7939878190011299,High,Low-cost automated reactivation,Email,Single automated discount email (budget-capped),3,30
16613,Lost Customers,0.0,Low,0.4802913248412647,Medium,Reactivation campaign,Email,Aggressive reactivation discount,3,30
16635,Lost Customers,0.0,Low,0.364730133471618,Medium,Reactivation campaign,Email,Aggressive reactivation discount,3,30
16646,Lost Customers,0.0,Low,0.4491628877439953,Medium,Reactivation campaign,Email,Aggressive reactivation discount,3,30
16708,Lost Customers,0.0,Low,0.4423888601624278,Medium,Reactivation campaign,Email,Aggressive reactivation discount,3,30
16738,Noise / Uncategorised,0.0,Low,0.5442086408200639,High,Low-cost automated reactivation,Email,Single automated discount email (budget-capped),3,30
16766,Noise / Uncategorised,0.0,Low,0.7819898690871221,High,Low-cost automated reactivation,Email,Single automated discount email (budget-capped),3,30
16785,Lost Customers,0.0,Low,0.36416430744855993,Medium,Reactivation campaign,Email,Aggressive reactivation discount,3,30
16820,Lost Customers,0.0,Low,0.39464799191759875,Medium,Reactivation campaign,Email,Aggressive reactivation discount,3,30
16878,Noise / Uncategorised,0.0,Low,0.696746131883523,High,Low-cost automated reactivation,Email,Single automated discount email (budget-capped),3,30
16881,Noise / Uncategorised,0.0,Low,0.5745568013499022,High,Low-cost automated reactivation,Email,Single automated discount email (budget-capped),3,30
16902,Lost Customers,0.0,Low,0.46109644250333415,Medium,Reactivation campaign,Email,Aggressive reactivation discount,3,30
16922,Lost Customers,0.0,Low,0.49933247666046204,Medium,Reactivation campaign,Email,Aggressive reactivation discount,3,30
16953,Noise / Uncategorised,0.0,Low,0.778245209453318,High,Low-cost automated reactivation,Email,Single automated discount email (budget-capped),3,30
16958,Lost Customers,0.0,Low,0.41423570218835454,Medium,Reactivation campaign,Email,Aggressive reactivation discount,3,30
16964,Noise / Uncategorised,0.0,Low,0.7676108620767838,High,Low-cost automated reactivation,Email,Single automated discount email (budget-capped),3,30
16991,Lost Customers,0.0,Low,0.4364924253821501,Medium,Reactivation campaign,Email,Aggressive reactivation discount,3,30
17037,Lost Customers,0.0,Low,0.4284866148732871,Medium,Reactivation campaign,Email,Aggressive reactivation discount,3,30
17053,Lost Customers,0.0,Low,0.4340556239407317,Medium,Reactivation campaign,Email,Aggressive reactivation discount,3,30
17078,Noise / Uncategorised,0.0,Low,0.619170121587517,High,Low-cost automated reactivation,Email,Single automated discount email (budget-capped),3,30
17104,Lost Customers,0.0,Low,0.38798166620469426,Medium,Reactivation campaign,Email,Aggressive reactivation discount,3,30
17106,Lost Customers,0.0,Low,0.3572317459023985,Medium,Reactivation campaign,Email,Aggressive reactivation discount,3,30
17267,Noise / Uncategorised,0.0,Low,0.6291447258336443,High,Low-cost automated reactivation,Email,Single automated discount email (budget-capped),3,30
17269,Lost Customers,0.0,Low,0.27673016322819727,Medium,Reactivation campaign,Email,Aggressive reactivation discount,3,30
17276,Lost Customers,0.0,Low,0.4207257385978634,Medium,Reactivation campaign,Email,Aggressive reactivation discount,3,30
17291,Lost Customers,0.0,Low,0.35927958390006753,Medium,Reactivation campaign,Email,Aggressive reactivation discount,3,30
17305,Noise / Uncategorised,0.0,Low,0.7364598044153686,High,Low-cost automated reactivation,Email,Single automated discount email (budget-capped),3,30
17313,Noise / Uncategorised,0.0,Low,0.6059536774976484,High,Low-cost automated reactivation,Email,Single automated discount email (budget-capped),3,30
17333,Lost Customers,0.0,Low,0.397759228644094,Medium,Reactivation campaign,Email,Aggressive reactivation discount,3,30
17357,Noise / Uncategorised,0.0,Low,0.596536274078346,High,Low-cost automated reactivation,Email,Single automated discount email (budget-capped),3,30
17407,Lost Customers,0.0,Low,0.423873544180667,Medium,Reactivation campaign,Email,Aggressive reactivation discount,3,30
17415,Lost Customers,0.0,Low,0.35897339968584563,Medium,Reactivation campaign,Email,Aggressive reactivation discount,3,30
17443,Lost Customers,0.0,Low,0.35038469518508103,Medium,Reactivation campaign,Email,Aggressive reactivation discount,3,30
17474,Noise / Uncategorised,0.0,Low,0.7309705806292047,High,Low-cost automated reactivation,Email,Single automated discount email (budget-capped),3,30
17501,Noise / Uncategorised,0.0,Low,0.6664701911797863,High,Low-cost automated reactivation,Email,Single automated discount email (budget-capped),3,30
17520,Lost Customers,0.0,Low,0.36382260346485606,Medium,Reactivation campaign,Email,Aggressive reactivation discount,3,30
17665,Lost Customers,0.0,Low,0.49834250302366795,Medium,Reactivation campaign,Email,Aggressive reactivation discount,3,30
17712,Lost Customers,0.0,Low,0.32527409922956924,Medium,Reactivation campaign,Email,Aggressive reactivation discount,3,30
17727,Noise / Uncategorised,0.0,Low,0.5509854234602966,High,Low-cost automated reactivation,Email,Single automated discount email (budget-capped),3,30
17782,Noise / Uncategorised,0.0,Low,0.5224685564952575,High,Low-cost automated reactivation,Email,Single automated discount email (budget-capped),3,30
17806,Lost Customers,0.0,Low,0.3835401041847429,Medium,Reactivation campaign,Email,Aggressive reactivation discount,3,30
17831,Noise / Uncategorised,0.0,Low,0.7520905988555716,High,Low-cost automated reactivation,Email,Single automated discount email (budget-capped),3,30
17846,Noise / Uncategorised,0.0,Low,0.5484590179603396,High,Low-cost automated reactivation,Email,Single automated discount email (budget-capped),3,30
17896,Noise / Uncategorised,0.0,Low,0.765151667789173,High,Low-cost automated reactivation,Email,Single automated discount email (budget-capped),3,30
17900,Noise / Uncategorised,0.0,Low,0.6685519831503242,High,Low-cost automated reactivation,Email,Single automated discount email (budget-capped),3,30
17925,Lost Customers,0.0,Low,0.43865996948757197,Medium,Reactivation campaign,Email,Aggressive reactivation discount,3,30
17942,Noise / Uncategorised,0.0,Low,0.757805685493843,High,Low-cost automated reactivation,Email,Single automated discount email (budget-capped),3,30
17945,Noise / Uncategorised,0.0,Low,0.6664850033091576,High,Low-cost automated reactivation,Email,Single automated discount email (budget-capped),3,30
17956,Noise / Uncategorised,0.0,Low,0.6642539830139844,High,Low-cost automated reactivation,Email,Single automated discount email (budget-capped),3,30
17970,Lost Customers,0.0,Low,0.4422346497849778,Medium,Reactivation campaign,Email,Aggressive reactivation discount,3,30
17985,Lost Customers,0.0,Low,0.4553668171396244,Medium,Reactivation campaign,Email,Aggressive reactivation discount,3,30
17986,Noise / Uncategorised,0.0,Low,0.778245209453318,High,Low-cost automated reactivation,Email,Single automated discount email (budget-capped),3,30
18013,Noise / Uncategorised,0.0,Low,0.6784756651678113,High,Low-cost automated reactivation,Email,Single automated discount email (budget-capped),3,30
18015,Noise / Uncategorised,0.0,Low,0.6838533553309515,High,Low-cost automated reactivation,Email,Single automated discount email (budget-capped),3,30
18019,Noise / Uncategorised,0.0,Low,0.7492640016697685,High,Low-cost automated reactivation,Email,Single automated discount email (budget-capped),3,30
18024,Noise / Uncategorised,0.0,Low,0.6112470753727178,High,Low-cost automated reactivation,Email,Single automated discount email (budget-capped),3,30
18031,Lost Customers,0.0,Low,0.4659864512699283,Medium,Reactivation campaign,Email,Aggressive reactivation discount,3,30
18052,Noise / Uncategorised,0.0,Low,0.7751360608664704,High,Low-cost automated reactivation,Email,Single automated discount email (budget-capped),3,30
18082,Lost Customers,0.0,Low,0.49621215491119036,Medium,Reactivation campaign,Email,Aggressive reactivation discount,3,30
18083,Lost Customers,0.0,Low,0.35403478949152356,Medium,Reactivation campaign,Email,Aggressive reactivation discount,3,30
18098,Lost Customers,0.0,Low,0.3408498664684384,Medium,Reactivation campaign,Email,Aggressive reactivation discount,3,30
18104,Lost Customers,0.0,Low,0.4470248638858234,Medium,Reactivation campaign,Email,Aggressive reactivation discount,3,30
18115,Noise / Uncategorised,0.0,Low,0.7538067318561911,High,Low-cost automated reactivation,Email,Single automated discount email (budget-capped),3,30
18140,Lost Customers,0.0,Low,0.3906066562779793,Medium,Reactivation campaign,Email,Aggressive reactivation discount,3,30
18159,Lost Customers,0.0,Low,0.3331185274662933,Medium,Reactivation campaign,Email,Aggressive reactivation discount,3,30
18176,Lost Customers,0.0,Low,0.40305253946832775,Medium,Reactivation campaign,Email,Aggressive reactivation discount,3,30
18184,Noise / Uncategorised,0.0,Low,0.7805029424112927,High,Low-cost automated reactivation,Email,Single automated discount email (budget-capped),3,30
18207,Lost Customers,0.0,Low,0.3742053815993669,Medium,Reactivation campaign,Email,Aggressive reactivation discount,3,30
18216,Lost Customers,0.0,Low,0.37992600131250237,Medium,Reactivation campaign,Email,Aggressive reactivation discount,3,30
18222,Lost Customers,0.0,Low,0.47093325805202674,Medium,Reactivation campaign,Email,Aggressive reactivation discount,3,30
18233,Lost Customers,0.0,Low,0.3853731682438948,Medium,Reactivation campaign,Email,Aggressive reactivation discount,3,30
18243,Lost Customers,0.0,Low,0.34792281986211776,Medium,Reactivation campaign,Email,Aggressive reactivation discount,3,30
18284,Lost Customers,0.0,Low,0.3631917311794516,Medium,Reactivation campaign,Email,Aggressive reactivation discount,3,30
16446,Noise / Uncategorised,323792.48191292223,High,0.005334543666553198,Low,Standard newsletter,Email,"General newsletter, no targeted offer",2,61
18102,Noise / Uncategorised,254327.18471303734,High,0.0,Low,Standard newsletter,Email,"General newsletter, no targeted offer",2,3
14646,Noise / Uncategorised,218979.69753891928,High,0.0,Low,Standard newsletter,Email,"General newsletter, no targeted offer",2,3
17450,Noise / Uncategorised,139434.8716104283,High,0.0,Low,Standard newsletter,Email,"General newsletter, no targeted offer",2,5
14096,Noise / Uncategorised,131949.34689618542,High,0.11620583365506879,Low,Standard newsletter,Email,"General newsletter, no targeted offer",2,3
14156,Noise / Uncategorised,130357.71372415546,High,0.0,Low,Standard newsletter,Email,"General newsletter, no targeted offer",2,3
14911,Noise / Uncategorised,122906.71000326314,High,0.011990163903594973,Low,Standard newsletter,Email,"General newsletter, no targeted offer",2,1
12415,Noise / Uncategorised,81581.89526294038,High,0.0,Low,Standard newsletter,Email,"General newsletter, no targeted offer",2,11
13694,Noise / Uncategorised,81462.57065657672,High,0.0,Low,Standard newsletter,Email,"General newsletter, no targeted offer",2,3
17511,Noise / Uncategorised,72615.08074401054,High,0.0,Low,Standard newsletter,Email,"General newsletter, no targeted offer",2,7
16684,Noise / Uncategorised,62170.97979065735,High,0.0,Low,Standard newsletter,Email,"General newsletter, no targeted offer",2,8
15061,Noise / Uncategorised,56394.20120783658,High,0.0019074129825975214,Low,Standard newsletter,Email,"General newsletter, no targeted offer",2,3
17949,Noise / Uncategorised,48994.21641095206,High,0.0015476462088371734,Low,Standard newsletter,Email,"General newsletter, no targeted offer",2,4
16029,Noise / Uncategorised,48643.717430497876,High,0.0015476462088371734,Low,Standard newsletter,Email,"General newsletter, no targeted offer",2,4
13089,Noise / Uncategorised,48593.740648764564,High,0.0,Low,Standard newsletter,Email,"General newsletter, no targeted offer",2,2
15311,Noise / Uncategorised,48252.53368981148,High,0.0,Low,Standard newsletter,Email,"General newsletter, no targeted offer",2,2
12931,Noise / Uncategorised,38295.61150383079,High,0.004548099877885603,Low,Standard newsletter,Email,"General newsletter, no targeted offer",2,8
14298,Noise / Uncategorised,37930.547104597455,High,0.0,Low,Standard newsletter,Email,"General newsletter, no targeted offer",2,5
15769,Noise / Uncategorised,37021.58265848898,High,0.0015476462088371734,Low,Standard newsletter,Email,"General newsletter, no targeted offer",2,9
14088,Noise / Uncategorised,36577.469368248196,High,0.0,Low,Standard newsletter,Email,"General newsletter, no targeted offer",2,15
12536,Noise / Uncategorised,32276.860813226423,High,0.12217901133338564,Low,Standard newsletter,Email,"General newsletter, no targeted offer",2,3
13798,Noise / Uncategorised,31779.23040439666,High,0.00035976677376034803,Low,Standard newsletter,Email,"General newsletter, no targeted offer",2,4
15838,Noise / Uncategorised,31777.53611491512,High,0.004880979542170506,Low,Standard newsletter,Email,"General newsletter, no targeted offer",2,13
17841,Noise / Uncategorised,29031.24241901988,High,0.0,Low,Standard newsletter,Email,"General newsletter, no targeted offer",2,2
16422,Noise / Uncategorised,27702.51192420157,High,0.0019074129825975214,Low,Standard newsletter,Email,"General newsletter, no targeted offer",2,4
13098,Noise / Uncategorised,25006.18414981036,High,0.00035976677376034803,Low,Standard newsletter,Email,"General newsletter, no targeted offer",2,7
13081,Noise / Uncategorised,24426.066547211958,High,0.0,Low,Standard newsletter,Email,"General newsletter, no targeted offer",2,15
14680,Noise / Uncategorised,23859.16961538566,High,0.0,Low,Standard newsletter,Email,"General newsletter, no targeted offer",2,7
17389,Noise / Uncategorised,23759.53375264876,High,0.0015476462088371734,Low,Standard newsletter,Email,"General newsletter, no targeted offer",2,7
16333,Noise / Uncategorised,23732.255434130595,High,0.0015476462088371734,Low,Standard newsletter,Email,"General newsletter, no targeted offer",2,8
16013,Noise / Uncategorised,23719.876100941707,High,0.0015476462088371734,Low,Standard newsletter,Email,"General newsletter, no targeted offer",2,5
12748,Noise / Uncategorised,23140.74412763799,High,0.003158146059032441,Low,Standard newsletter,Email,"General newsletter, no targeted offer",2,1
12346,Noise / Uncategorised,22431.9024088379,High,0.003406080154870573,Low,Standard newsletter,Email,"General newsletter, no targeted offer",2,20
13408,Noise / Uncategorised,21537.253307521903,High,0.0,Low,Standard newsletter,Email,"General newsletter, no targeted offer",2,4
17404,Noise / Uncategorised,21352.557634277433,High,0.0015476462088371734,Low,Standard newsletter,Email,"General newsletter, no targeted offer",2,18
13777,Noise / Uncategorised,21222.143697192576,High,0.004548099877885603,Low,Standard newsletter,Email,"General newsletter, no targeted offer",2,7
13881,Noise / Uncategorised,20183.56137355536,High,0.00035976677376034803,Low,Standard newsletter,Email,"General newsletter, no targeted offer",2,9
17381,Noise / Uncategorised,17657.817408256866,High,0.0015476462088371734,Low,Standard newsletter,Email,"General newsletter, no targeted offer",2,9
12901,Noise / Uncategorised,17458.258250805084,High,0.0030488946482878595,Low,Standard newsletter,Email,"General newsletter, no targeted offer",2,6
16705,Noise / Uncategorised,17307.03998507571,High,0.0,Low,Standard newsletter,Email,"General newsletter, no targeted offer",2,10
15039,Noise / Uncategorised,16710.232907801437,High,0.0,Low,Standard newsletter,Email,"General newsletter, no targeted offer",2,5
14031,Noise / Uncategorised,16245.541920435518,High,0.0,Low,Standard newsletter,Email,"General newsletter, no targeted offer",2,10
17675,Noise / Uncategorised,16098.164645592167,High,0.0,Low,Standard newsletter,Email,"General newsletter, no targeted offer",2,6
16210,Noise / Uncategorised,16066.593973911784,High,0.00035976677376034803,Low,Standard newsletter,Email,"General newsletter, no targeted offer",2,13
12753,Noise / Uncategorised,15399.204733054423,High,0.0,Low,Standard newsletter,Email,"General newsletter, no targeted offer",2,34
12921,Noise / Uncategorised,14986.93274649408,High,0.0,Low,Standard newsletter,Email,"General newsletter, no targeted offer",2,6
13767,Noise / Uncategorised,14419.843959889216,High,0.00035976677376034803,Low,Standard newsletter,Email,"General newsletter, no targeted offer",2,6
12678,Noise / Uncategorised,14389.79995672926,High,0.0,Low,Standard newsletter,Email,"General newsletter, no targeted offer",2,19
15159,Noise / Uncategorised,14230.396008787104,High,0.0,Low,Standard newsletter,Email,"General newsletter, no targeted offer",2,8
17857,Noise / Uncategorised,13712.993953377505,High,0.0015476462088371734,Low,Standard newsletter,Email,"General newsletter, no targeted offer",2,16
12433,Noise / Uncategorised,13480.16262679124,High,0.0,Low,Standard newsletter,Email,"General newsletter, no targeted offer",2,29
14866,Noise / Uncategorised,13401.799579803906,High,0.0015476462088371734,Low,Standard newsletter,Email,"General newsletter, no targeted offer",2,14
14258,Noise / Uncategorised,13199.251671949212,High,0.0015476462088371734,Low,Standard newsletter,Email,"General newsletter, no targeted offer",2,17
12744,Noise / Uncategorised,13142.037436999215,High,0.0,Low,Standard newsletter,Email,"General newsletter, no targeted offer",2,29
12681,Noise / Uncategorised,12750.322334314365,High,0.0,Low,Standard newsletter,Email,"General newsletter, no targeted offer",2,9
14606,Noise / Uncategorised,12685.6500476496,High,0.003158146059032441,Low,Standard newsletter,Email,"General newsletter, no targeted offer",2,2
12709,Noise / Uncategorised,12583.511250596403,High,0.0,Low,Standard newsletter,Email,"General newsletter, no targeted offer",2,13
13078,Noise / Uncategorised,12144.042271641296,High,0.00035976677376034803,Low,Standard newsletter,Email,"General newsletter, no targeted offer",2,8
12731,Noise / Uncategorised,11719.685562511017,High,0.0,Low,Standard newsletter,Email,"General newsletter, no targeted offer",2,22
14527,Noise / Uncategorised,11225.196162647486,High,0.0,Low,Standard newsletter,Email,"General newsletter, no targeted offer",2,4
17940,Noise / Uncategorised,11215.28362119973,High,7.274682153723928e-05,Low,Standard newsletter,Email,"General newsletter, no targeted offer",2,26
12939,Noise / Uncategorised,11132.428725845713,High,0.0016203930303744128,Low,Standard newsletter,Email,"General newsletter, no targeted offer",2,19
16133,Noise / Uncategorised,11004.864967025085,High,0.0,Low,Standard newsletter,Email,"General newsletter, no targeted offer",2,7
14062,Noise / Uncategorised,10673.719510648325,High,4.531645721401871e-05,Low,Standard newsletter,Email,"General newsletter, no targeted offer",2,18
18251,Noise / Uncategorised,10491.771904505124,High,0.0,Low,Standard newsletter,Email,"General newsletter, no targeted offer",2,42
13802,Noise / Uncategorised,10472.71226879158,High,0.0,Low,Standard newsletter,Email,"General newsletter, no targeted offer",2,17
14547,Noise / Uncategorised,10300.823359781423,High,0.06948057990858704,Low,Standard newsletter,Email,"General newsletter, no targeted offer",2,4
17735,Noise / Uncategorised,10289.551789304778,High,0.0,Low,Standard newsletter,Email,"General newsletter, no targeted offer",2,11
17340,Noise / Uncategorised,10200.315732333669,High,0.0,Low,Standard newsletter,Email,"General newsletter, no targeted offer",2,21
15189,Noise / Uncategorised,10178.611180448632,High,0.0,Low,Standard newsletter,Email,"General newsletter, no targeted offer",2,7
16839,Noise / Uncategorised,10166.634956595639,High,0.00035976677376034803,Low,Standard newsletter,Email,"General newsletter, no targeted offer",2,9
16525,Noise / Uncategorised,10153.137083308733,High,0.00035976677376034803,Low,Standard newsletter,Email,"General newsletter, no targeted offer",2,9
14733,Noise / Uncategorised,10014.665262915112,High,0.00040508323097436673,Low,Standard newsletter,Email,"General newsletter, no targeted offer",2,15
15640,Noise / Uncategorised,9683.80852765243,High,4.531645721401871e-05,Low,Standard newsletter,Email,"General newsletter, no targeted offer",2,15
12409,Noise / Uncategorised,9495.143833713557,High,0.0,Low,Standard newsletter,Email,"General newsletter, no targeted offer",2,42
12477,Noise / Uncategorised,9474.585784099316,High,0.0,Low,Standard newsletter,Email,"General newsletter, no targeted offer",2,40
14607,Noise / Uncategorised,9471.913402297221,High,0.0015929626660511921,Low,Standard newsletter,Email,"General newsletter, no targeted offer",2,19
12454,Noise / Uncategorised,9243.786169587103,High,0.0004928825259255967,Low,Standard newsletter,Email,"General newsletter, no targeted offer",2,44
14051,Noise / Uncategorised,9110.717713783453,High,0.0015476462088371734,Low,Standard newsletter,Email,"General newsletter, no targeted offer",2,12
15251,Noise / Uncategorised,9003.196146190012,High,4.531645721401871e-05,Low,Standard newsletter,Email,"General newsletter, no targeted offer",2,19
14667,Noise / Uncategorised,8980.908663519269,High,0.0,Low,Standard newsletter,Email,"General newsletter, no targeted offer",2,8
13113,Noise / Uncategorised,8939.454210000813,High,0.00035976677376034803,Low,Standard newsletter,Email,"General newsletter, no targeted offer",2,10
18008,Noise / Uncategorised,8631.872537164534,High,0.0015929626660511921,Low,Standard newsletter,Email,"General newsletter, no targeted offer",2,16
12757,Noise / Uncategorised,8497.66776894781,High,0.0033333333333333335,Low,Standard newsletter,Email,"General newsletter, no targeted offer",2,9
13090,Noise / Uncategorised,8391.561214976806,High,0.00035976677376034803,Low,Standard newsletter,Email,"General newsletter, no targeted offer",2,12
14367,Noise / Uncategorised,8361.124349434926,High,0.0,Low,Standard newsletter,Email,"General newsletter, no targeted offer",2,10
17243,Noise / Uncategorised,8359.687133044556,High,0.0,Low,Standard newsletter,Email,"General newsletter, no targeted offer",2,6
13458,Noise / Uncategorised,8085.397887012773,High,4.531645721401871e-05,Low,Standard newsletter,Email,"General newsletter, no targeted offer",2,14
16180,Noise / Uncategorised,8031.184203571419,High,0.0,Low,Standard newsletter,Email,"General newsletter, no targeted offer",2,20
16652,Noise / Uncategorised,8027.089549247319,High,0.0015476462088371734,Low,Standard newsletter,Email,"General newsletter, no targeted offer",2,21
14121,Noise / Uncategorised,7939.580378722953,High,0.12012973195394136,Low,Standard newsletter,Email,"General newsletter, no targeted offer",2,8
13340,Noise / Uncategorised,7937.438160662301,High,0.0,Low,Standard newsletter,Email,"General newsletter, no targeted offer",2,30
17581,Noise / Uncategorised,7882.866126836774,High,0.0,Low,Standard newsletter,Email,"General newsletter, no targeted offer",2,10
12476,Noise / Uncategorised,7797.280032945347,High,0.0,Low,Standard newsletter,Email,"General newsletter, no targeted offer",2,13
14277,Noise / Uncategorised,7756.044317382923,High,0.0,Low,Standard newsletter,Email,"General newsletter, no targeted offer",2,47
12557,Noise / Uncategorised,7701.919926685146,High,0.00042013570438835746,Low,Standard newsletter,Email,"General newsletter, no targeted offer",2,53
16360,Noise / Uncategorised,7697.533534303408,High,0.1561395749788656,Low,Standard newsletter,Email,"General newsletter, no targeted offer",2,8
13536,Noise / Uncategorised,7612.488259429011,High,0.10379003899354462,Low,Standard newsletter,Email,"General newsletter, no targeted offer",2,6
18172,Noise / Uncategorised,7369.639790442073,High,0.00035976677376034803,Low,Standard newsletter,Email,"General newsletter, no targeted offer",2,8
15078,Noise / Uncategorised,7359.9217717817155,High,0.00035976677376034803,Low,Standard newsletter,Email,"General newsletter, no targeted offer",2,8
14056,Noise / Uncategorised,7358.934127717456,High,0.0,Low,Standard newsletter,Email,"General newsletter, no targeted offer",2,7
16672,Noise / Uncategorised,7180.351245968963,High,0.0030004536690484292,Low,Standard newsletter,Email,"General newsletter, no targeted offer",2,8
17377,Noise / Uncategorised,7166.310563192175,High,0.0,Low,Standard newsletter,Email,"General newsletter, no targeted offer",2,5
12950,Noise / Uncategorised,7149.391682415435,High,0.2424180698825114,Low,Standard newsletter,Email,"General newsletter, no targeted offer",2,4
12357,Noise / Uncategorised,7142.401076372877,High,0.0,Low,Standard newsletter,Email,"General newsletter, no targeted offer",2,71
16729,Noise / Uncategorised,7140.231970463539,High,0.0,Low,Standard newsletter,Email,"General newsletter, no targeted offer",2,6
13027,Noise / Uncategorised,7102.957259182283,High,0.0015929626660511921,Low,Standard newsletter,Email,"General newsletter, no targeted offer",2,18
18055,Noise / Uncategorised,7098.624807885874,High,4.531645721401871e-05,Low,Standard newsletter,Email,"General newsletter, no targeted offer",2,17
15125,Noise / Uncategorised,7081.467971155159,High,0.00040508323097436673,Low,Standard newsletter,Email,"General newsletter, no targeted offer",2,15
15502,Noise / Uncategorised,7043.576145093062,High,4.531645721401871e-05,Low,Standard newsletter,Email,"General newsletter, no targeted offer",2,23
16656,Noise / Uncategorised,6999.673730508791,High,0.0015929626660511921,Low,Standard newsletter,Email,"General newsletter, no targeted offer",2,14
15523,Noise / Uncategorised,6956.004067961989,High,4.531645721401871e-05,Low,Standard newsletter,Email,"General newsletter, no targeted offer",2,24
17107,Noise / Uncategorised,6947.790061694433,High,0.0,Low,Standard newsletter,Email,"General newsletter, no targeted offer",2,39
12766,Noise / Uncategorised,6941.188252725164,High,0.0,Low,Standard newsletter,Email,"General newsletter, no targeted offer",2,27
13199,Noise / Uncategorised,6880.025955286374,High,0.0,Low,Standard newsletter,Email,"General newsletter, no targeted offer",2,7
12971,Noise / Uncategorised,6771.619873820593,High,0.00035976677376034803,Low,Standard newsletter,Email,"General newsletter, no targeted offer",2,4
17528,Noise / Uncategorised,6610.044214141534,High,0.07328734544828333,Low,Standard newsletter,Email,"General newsletter, no targeted offer",2,5
17306,Noise / Uncategorised,6600.1578105822355,High,0.005209574468085106,Low,Standard newsletter,Email,"General newsletter, no targeted offer",2,11
13225,Noise / Uncategorised,6559.397328478033,High,4.531645721401871e-05,Low,Standard newsletter,Email,"General newsletter, no targeted offer",2,27
18092,Noise / Uncategorised,6537.231074838142,High,0.000118063278751258,Low,Standard newsletter,Email,"General newsletter, no targeted offer",2,24
12451,Noise / Uncategorised,6469.023502659703,High,0.0,Low,Standard newsletter,Email,"General newsletter, no targeted offer",2,39
16033,Noise / Uncategorised,6460.945692739525,High,0.0,Low,Standard newsletter,Email,"General newsletter, no targeted offer",2,11
17589,Noise / Uncategorised,6398.745151969742,High,4.531645721401871e-05,Low,Standard newsletter,Email,"General newsletter, no targeted offer",2,19
14769,Noise / Uncategorised,6390.984480513837,High,4.531645721401871e-05,Low,Standard newsletter,Email,"General newsletter, no targeted offer",2,25
14554,Noise / Uncategorised,6381.429288203284,High,0.08342963582444746,Low,Standard newsletter,Email,"General newsletter, no targeted offer",2,6
16873,Noise / Uncategorised,6310.23240595818,High,0.0,Low,Standard newsletter,Email,"General newsletter, no targeted offer",2,33
16126,Noise / Uncategorised,6258.784985675122,High,0.0,Low,Standard newsletter,Email,"General newsletter, no targeted offer",2,28
16549,Noise / Uncategorised,6238.05581137076,High,0.0,Low,Standard newsletter,Email,"General newsletter, no targeted offer",2,11
16187,Noise / Uncategorised,6179.718456122808,High,0.00035976677376034803,Low,Standard newsletter,Email,"General newsletter, no targeted offer",2,10
15482,Noise / Uncategorised,6153.308381545205,High,0.0015929626660511921,Low,Standard newsletter,Email,"General newsletter, no targeted offer",2,23
17811,Noise / Uncategorised,6132.228111140316,High,0.0,Low,Standard newsletter,Email,"General newsletter, no targeted offer",2,6
17133,Noise / Uncategorised,6110.988634284326,High,7.274682153723928e-05,Low,Standard newsletter,Email,"General newsletter, no targeted offer",2,31
16553,Noise / Uncategorised,6086.134787380648,High,0.0,Low,Standard newsletter,Email,"General newsletter, no targeted offer",2,9
18087,Noise / Uncategorised,6082.4218058737615,High,0.0016657094875884315,Low,Standard newsletter,Email,"General newsletter, no targeted offer",2,23
14543,Noise / Uncategorised,6013.944409206464,High,0.00035976677376034803,Low,Standard newsletter,Email,"General newsletter, no targeted offer",2,11
13629,Noise / Uncategorised,5974.161857291143,High,0.0016657094875884315,Low,Standard newsletter,Email,"General newsletter, no targeted offer",2,20
12435,Noise / Uncategorised,5952.133014303315,High,0.0,Low,Standard newsletter,Email,"General newsletter, no targeted offer",2,66
17315,Noise / Uncategorised,5931.7896302139525,High,0.0,Low,Standard newsletter,Email,"General newsletter, no targeted offer",2,6
17396,Noise / Uncategorised,5925.439472310119,High,0.0015929626660511921,Low,Standard newsletter,Email,"General newsletter, no targeted offer",2,17
12714,Noise / Uncategorised,5896.144607110436,High,0.0,Low,Standard newsletter,Email,"General newsletter, no targeted offer",2,36
13263,Noise / Uncategorised,5849.361303672275,High,0.0,Low,Standard newsletter,Email,"General newsletter, no targeted offer",2,6
13102,Noise / Uncategorised,5783.687360501763,High,0.0,Low,Standard newsletter,Email,"General newsletter, no targeted offer",2,9
15005,Noise / Uncategorised,5727.694677549946,High,0.0,Low,Standard newsletter,Email,"General newsletter, no targeted offer",2,8
12798,Noise / Uncategorised,5696.923837830544,High,0.00042013570438835746,Low,Standard newsletter,Email,"General newsletter, no targeted offer",2,62
15291,Noise / Uncategorised,5655.046195141367,High,0.00035976677376034803,Low,Standard newsletter,Email,"General newsletter, no targeted offer",2,11
13324,Noise / Uncategorised,5646.537497345574,High,0.0015929626660511921,Low,Standard newsletter,Email,"General newsletter, no targeted offer",2,18
12989,Noise / Uncategorised,5646.249261494611,High,0.0029273690471250534,Low,Standard newsletter,Email,"General newsletter, no targeted offer",2,13
16609,Noise / Uncategorised,5621.182793585482,High,0.010324090573349563,Low,Standard newsletter,Email,"General newsletter, no targeted offer",2,20
18109,Noise / Uncategorised,5503.4299931201695,High,0.0,Low,Standard newsletter,Email,"General newsletter, no targeted offer",2,8
13468,Noise / Uncategorised,5492.4141753581025,High,0.0,Low,Standard newsletter,Email,"General newsletter, no targeted offer",2,6
13316,Noise / Uncategorised,5487.9932468352845,High,0.0,Low,Standard newsletter,Email,"General newsletter, no targeted offer",2,36
15382,Noise / Uncategorised,5426.793865562891,High,0.0,Low,Standard newsletter,Email,"General newsletter, no targeted offer",2,36
12700,Noise / Uncategorised,5404.32388362259,High,0.0,Low,Standard newsletter,Email,"General newsletter, no targeted offer",2,31
15187,Noise / Uncategorised,5401.285817276823,High,0.005831794610938174,Low,Standard newsletter,Email,"General newsletter, no targeted offer",2,8
13471,Noise / Uncategorised,5393.58308620584,High,0.06811224909340245,Low,Standard newsletter,Email,"General newsletter, no targeted offer",2,7
13854,Noise / Uncategorised,5327.212030858518,High,0.0018762411347517727,Low,Standard newsletter,Email,"General newsletter, no targeted offer",2,11
15444,Noise / Uncategorised,5198.259428596192,High,0.22755285292850685,Low,Standard newsletter,Email,"General newsletter, no targeted offer",2,9
12685,Noise / Uncategorised,5189.884792694951,High,0.1005601634440417,Low,Standard newsletter,Email,"General newsletter, no targeted offer",2,6
17509,Noise / Uncategorised,5184.339039790575,High,0.2026975361260156,Low,Standard newsletter,Email,"General newsletter, no targeted offer",2,1
13685,Noise / Uncategorised,5177.567098303197,High,0.17532598046874315,Low,Standard newsletter,Email,"General newsletter, no targeted offer",2,5
15993,Noise / Uncategorised,5076.27203796292,High,0.060318056059355245,Low,Standard newsletter,Email,"General newsletter, no targeted offer",2,3
13704,Noise / Uncategorised,5062.58873790924,High,0.1317398937782997,Low,Standard newsletter,Email,"General newsletter, no targeted offer",2,6
17719,Noise / Uncategorised,5046.950090351356,High,0.0030877894600196925,Low,Standard newsletter,Email,"General newsletter, no targeted offer",2,9
14735,Noise / Uncategorised,5029.290225145834,High,0.0,Low,Standard newsletter,Email,"General newsletter, no targeted offer",2,8
12856,Noise / Uncategorised,5019.683753210168,High,0.08534184785906601,Low,Standard newsletter,Email,"General newsletter, no targeted offer",2,5
12980,Noise / Uncategorised,5006.1419258157,High,0.0015929626660511921,Low,Standard newsletter,Email,"General newsletter, no targeted offer",2,17
12626,Noise / Uncategorised,4995.819537959235,High,4.531645721401871e-05,Low,Standard newsletter,Email,"General newsletter, no targeted offer",2,20
18118,Noise / Uncategorised,4976.345431698295,High,0.0,Low,Standard newsletter,Email,"General newsletter, no targeted offer",2,8
12444,Noise / Uncategorised,4961.940670745062,High,0.19296785924782492,Low,Standard newsletter,Email,"General newsletter, no targeted offer",2,18
15032,Noise / Uncategorised,4952.99724758257,High,0.0004928825259255967,Low,Standard newsletter,Email,"General newsletter, no targeted offer",2,35
14800,Noise / Uncategorised,4949.747642884383,High,4.531645721401871e-05,Low,Standard newsletter,Email,"General newsletter, no targeted offer",2,14
13069,Noise / Uncategorised,4944.929929439429,High,0.0,Low,Standard newsletter,Email,"General newsletter, no targeted offer",2,9
14456,Noise / Uncategorised,4926.804026129854,High,0.1772212390414776,Low,Standard newsletter,Email,"General newsletter, no targeted offer",2,9
13564,Noise / Uncategorised,4905.195290130875,High,0.0,Low,Standard newsletter,Email,"General newsletter, no targeted offer",2,10
15804,Noise / Uncategorised,4834.993833249982,High,0.00035976677376034803,Low,Standard newsletter,Email,"General newsletter, no targeted offer",2,9
14045,Noise / Uncategorised,4791.774195395659,High,0.0016657094875884315,Low,Standard newsletter,Email,"General newsletter, no targeted offer",2,22
14505,Noise / Uncategorised,4790.801268508488,High,4.531645721401871e-05,Low,Standard newsletter,Email,"General newsletter, no targeted offer",2,23
13680,Noise / Uncategorised,4753.725326875899,High,0.0,Low,Standard newsletter,Email,"General newsletter, no targeted offer",2,37
16182,Noise / Uncategorised,4752.7347072230305,High,7.274682153723928e-05,Low,Standard newsletter,Email,"General newsletter, no targeted offer",2,38
12912,Noise / Uncategorised,4750.288570769443,High,0.1875502084327931,Low,Standard newsletter,Email,"General newsletter, no targeted offer",2,4
14688,Noise / Uncategorised,4744.0504416588565,High,0.0,Low,Standard newsletter,Email,"General newsletter, no targeted offer",2,10
16745,Noise / Uncategorised,4706.797037363127,High,0.00035976677376034803,Low,Standard newsletter,Email,"General newsletter, no targeted offer",2,8
15427,Noise / Uncategorised,4692.859281185788,High,0.07307006379784023,Low,Standard newsletter,Email,"General newsletter, no targeted offer",2,3
15301,Noise / Uncategorised,4686.840005413081,High,4.531645721401871e-05,Low,Standard newsletter,Email,"General newsletter, no targeted offer",2,14
14101,Noise / Uncategorised,4660.16927398744,High,0.000118063278751258,Low,Standard newsletter,Email,"General newsletter, no targeted offer",2,25
15768,Noise / Uncategorised,4616.904520436633,High,0.0,Low,Standard newsletter,Email,"General newsletter, no targeted offer",2,11
14132,Noise / Uncategorised,4603.705819711186,High,0.19025720695237866,Low,Standard newsletter,Email,"General newsletter, no targeted offer",2,10
13941,Noise / Uncategorised,4572.683475298244,High,7.274682153723928e-05,Low,Standard newsletter,Email,"General newsletter, no targeted offer",2,28
13755,Noise / Uncategorised,4522.562053167092,High,0.059551978268531806,Low,Standard newsletter,Email,"General newsletter, no targeted offer",2,4
12955,Noise / Uncategorised,4515.617055876157,High,4.531645721401871e-05,Low,Standard newsletter,Email,"General newsletter, no targeted offer",2,15
15694,Noise / Uncategorised,4494.515001277598,High,4.531645721401871e-05,Low,Standard newsletter,Email,"General newsletter, no targeted offer",2,18
17590,Noise / Uncategorised,4458.814514772635,High,0.1617059563958047,Low,Standard newsletter,Email,"General newsletter, no targeted offer",2,7
14503,Noise / Uncategorised,4453.680751800536,High,0.18465556231682867,Low,Standard newsletter,Email,"General newsletter, no targeted offer",2,18
15786,Noise / Uncategorised,4422.050098891399,High,0.0,Low,Standard newsletter,Email,"General newsletter, no targeted offer",2,59
13521,Noise / Uncategorised,4416.674121158898,High,0.05713419126849926,Low,Standard newsletter,Email,"General newsletter, no targeted offer",2,2
16532,Noise / Uncategorised,4405.1128815226975,High,0.0020012103332198647,Low,Standard newsletter,Email,"General newsletter, no targeted offer",2,72
16168,Noise / Uncategorised,4398.268666685236,High,0.00035976677376034803,Low,Standard newsletter,Email,"General newsletter, no targeted offer",2,7
18198,Noise / Uncategorised,4389.349488436334,High,0.002728022686259345,Low,Standard newsletter,Email,"General newsletter, no targeted offer",2,12
13534,Noise / Uncategorised,4385.938003354113,High,0.00035976677376034803,Low,Standard newsletter,Email,"General newsletter, no targeted offer",2,9
12720,Noise / Uncategorised,4377.202227507781,High,0.0,Low,Standard newsletter,Email,"General newsletter, no targeted offer",2,10
17068,Noise / Uncategorised,4374.795694028124,High,0.0,Low,Standard newsletter,Email,"General newsletter, no targeted offer",2,8
14016,Noise / Uncategorised,4364.254514572904,High,0.0,Low,Standard newsletter,Email,"General newsletter, no targeted offer",2,29
13505,Noise / Uncategorised,4325.930047461828,High,0.10701268198991899,Low,Standard newsletter,Email,"General newsletter, no targeted offer",2,24
16764,Noise / Uncategorised,4320.780619797555,High,0.1333681003198776,Low,Standard newsletter,Email,"General newsletter, no targeted offer",2,6
16984,Noise / Uncategorised,4283.886149705251,High,0.0,Low,Standard newsletter,Email,"General newsletter, no targeted offer",2,37
17686,Noise / Uncategorised,4282.112201175917,High,0.0,Low,Standard newsletter,Email,"General newsletter, no targeted offer",2,35
13952,Noise / Uncategorised,4280.476719440215,High,4.531645721401871e-05,Low,Standard newsletter,Email,"General newsletter, no targeted offer",2,22
17975,Noise / Uncategorised,4233.586562514269,High,0.0,Low,Standard newsletter,Email,"General newsletter, no targeted offer",2,12
15939,Noise / Uncategorised,4226.8555918616385,High,0.0034238873435889455,Low,Standard newsletter,Email,"General newsletter, no targeted offer",2,11
14125,Noise / Uncategorised,4173.004162746731,High,0.21722968660760794,Low,Standard newsletter,Email,"General newsletter, no targeted offer",2,13
12356,Noise / Uncategorised,4134.486424436038,High,0.0,Low,Standard newsletter,Email,"General newsletter, no targeted offer",2,40
15903,Noise / Uncategorised,4123.523794028008,High,0.0,Low,Standard newsletter,Email,"General newsletter, no targeted offer",2,34
12841,Noise / Uncategorised,4120.724678161631,High,0.0,Low,Standard newsletter,Email,"General newsletter, no targeted offer",2,8
13137,Noise / Uncategorised,4117.522658704987,High,4.531645721401871e-05,Low,Standard newsletter,Email,"General newsletter, no targeted offer",2,18
17757,Noise / Uncategorised,4108.212406097088,High,0.0,Low,Standard newsletter,Email,"General newsletter, no targeted offer",2,7
16353,Noise / Uncategorised,4051.2402783940743,High,0.0,Low,Standard newsletter,Email,"General newsletter, no targeted offer",2,11
12569,Noise / Uncategorised,4026.513559110236,High,0.002728022686259345,Low,Standard newsletter,Email,"General newsletter, no targeted offer",2,5
12597,Noise / Uncategorised,3894.5072906800547,High,0.0,Low,Standard newsletter,Email,"General newsletter, no targeted offer",2,37
16107,Noise / Uncategorised,3867.1093703304823,High,0.22368719703823828,Low,Standard newsletter,Email,"General newsletter, no targeted offer",2,14
12347,Noise / Uncategorised,3857.3929629578042,High,0.0015340996168582367,Low,Standard newsletter,Email,"General newsletter, no targeted offer",2,30
14676,Noise / Uncategorised,3830.679838941384,High,0.0,Low,Standard newsletter,Email,"General newsletter, no targeted offer",2,30
15497,Noise / Uncategorised,3822.015260268012,High,0.0,Low,Standard newsletter,Email,"General newsletter, no targeted offer",2,47
14189,Noise / Uncategorised,3792.9874965436284,High,4.531645721401871e-05,Low,Standard newsletter,Email,"General newsletter, no targeted offer",2,14
12749,Noise / Uncategorised,3786.7690723885225,High,0.0,Low,Standard newsletter,Email,"General newsletter, no targeted offer",2,34
17813,Noise / Uncategorised,3782.276102048839,High,0.07851517200685987,Low,Standard newsletter,Email,"General newsletter, no targeted offer",2,7
16626,Noise / Uncategorised,3747.5818927684973,High,0.002728022686259345,Low,Standard newsletter,Email,"General newsletter, no targeted offer",2,9
17500,Noise / Uncategorised,3707.2849615862146,High,0.16256732201689192,Low,Standard newsletter,Email,"General newsletter, no targeted offer",2,2
12429,Noise / Uncategorised,3704.446360795205,High,0.0,Low,Standard newsletter,Email,"General newsletter, no targeted offer",2,40
13447,Noise / Uncategorised,3678.548915934522,High,0.1317163230999757,Low,Standard newsletter,Email,"General newsletter, no targeted offer",2,2
13139,Noise / Uncategorised,3676.406337123235,High,0.0,Low,Standard newsletter,Email,"General newsletter, no targeted offer",2,32
16931,Noise / Uncategorised,3669.186401955005,High,0.0,Low,Standard newsletter,Email,"General newsletter, no targeted offer",2,10
14005,Noise / Uncategorised,3623.658022453196,High,0.003846747566815314,Low,Standard newsletter,Email,"General newsletter, no targeted offer",2,25
17061,Noise / Uncategorised,3590.035498961199,High,0.13365014212779314,Low,Standard newsletter,Email,"General newsletter, no targeted offer",2,9
15621,Noise / Uncategorised,3543.5947489574414,High,0.155876260559582,Low,Standard newsletter,Email,"General newsletter, no targeted offer",2,3
16904,Noise / Uncategorised,3474.7759527278895,High,0.0,Low,Standard newsletter,Email,"General newsletter, no targeted offer",2,12
15299,Noise / Uncategorised,3467.838153910857,High,7.274682153723928e-05,Low,Standard newsletter,Email,"General newsletter, no targeted offer",2,38
14180,Noise / Uncategorised,3467.526630340572,High,0.00035976677376034803,Low,Standard newsletter,Email,"General newsletter, no targeted offer",2,10
14145,Noise / Uncategorised,3353.5523519504213,High,0.0004928825259255967,Low,Standard newsletter,Email,"General newsletter, no targeted offer",2,48
12758,Noise / Uncategorised,3335.6892660198655,High,0.0,Low,Standard newsletter,Email,"General newsletter, no targeted offer",2,53
14828,Noise / Uncategorised,3331.4201535805455,High,4.531645721401871e-05,Low,Standard newsletter,Email,"General newsletter, no targeted offer",2,25
16079,Noise / Uncategorised,3320.1884450646935,High,0.16765634232803392,Low,Standard newsletter,Email,"General newsletter, no targeted offer",2,5
12378,Noise / Uncategorised,3290.931385218274,High,0.01,Low,Standard newsletter,Email,"General newsletter, no targeted offer",2,130
15281,Noise / Uncategorised,3274.8365790146468,High,4.531645721401871e-05,Low,Standard newsletter,Email,"General newsletter, no targeted offer",2,14
15998,Noise / Uncategorised,3270.111982210364,High,4.531645721401871e-05,Low,Standard newsletter,Email,"General newsletter, no targeted offer",2,26
15529,Noise / Uncategorised,3232.5617225235283,High,4.531645721401871e-05,Low,Standard newsletter,Email,"General newsletter, no targeted offer",2,19
13124,Noise / Uncategorised,3229.148145235421,High,0.0,Low,Standard newsletter,Email,"General newsletter, no targeted offer",2,44
17593,Noise / Uncategorised,3207.847766454265,High,0.0,Low,Standard newsletter,Email,"General newsletter, no targeted offer",2,40
14286,Noise / Uncategorised,3202.7681694708044,High,0.0,Low,Standard newsletter,Email,"General newsletter, no targeted offer",2,61
13373,Noise / Uncategorised,3179.8410907968923,High,0.0,Low,Standard newsletter,Email,"General newsletter, no targeted offer",2,67
16910,Noise / Uncategorised,3169.6090938513066,High,0.15310865211852767,Low,Standard newsletter,Email,"General newsletter, no targeted offer",2,6
17084,Noise / Uncategorised,3114.079566146471,High,0.0,Low,Standard newsletter,Email,"General newsletter, no targeted offer",2,72
15676,Noise / Uncategorised,3110.57853778719,High,0.0,Low,Standard newsletter,Email,"General newsletter, no targeted offer",2,53
14243,Noise / Uncategorised,3104.8435202223277,High,4.531645721401871e-05,Low,Standard newsletter,Email,"General newsletter, no targeted offer",2,16
12428,Noise / Uncategorised,3099.5128495039066,High,4.531645721401871e-05,Low,Standard newsletter,Email,"General newsletter, no targeted offer",2,17
13869,Noise / Uncategorised,3074.8368838850342,High,0.0,Low,Standard newsletter,Email,"General newsletter, no targeted offer",2,34
15009,Noise / Uncategorised,3072.2864619172447,High,0.08132287551296802,Low,Standard newsletter,Email,"General newsletter, no targeted offer",2,2
14102,Noise / Uncategorised,3043.8006709434794,High,0.2315653334550673,Low,Standard newsletter,Email,"General newsletter, no targeted offer",2,5
12497,Noise / Uncategorised,3034.630958295324,High,0.007086802371055024,Low,Standard newsletter,Email,"General newsletter, no targeted offer",2,113
16938,Noise / Uncategorised,3033.8188078489115,High,0.0,Low,Standard newsletter,Email,"General newsletter, no targeted offer",2,43
16458,Noise / Uncategorised,3025.0603511396257,High,0.002728022686259345,Low,Standard newsletter,Email,"General newsletter, no targeted offer",2,11
12643,Noise / Uncategorised,3004.7908029747873,High,0.000118063278751258,Low,Standard newsletter,Email,"General newsletter, no targeted offer",2,24
14397,Noise / Uncategorised,3000.1344006243335,High,0.0058861687452917855,Low,Standard newsletter,Email,"General newsletter, no targeted offer",2,7
12456,Noise / Uncategorised,2961.299960960051,High,0.0031274235032723928,Low,Standard newsletter,Email,"General newsletter, no targeted offer",2,42
17965,Noise / Uncategorised,2956.997810516094,High,4.531645721401871e-05,Low,Standard newsletter,Email,"General newsletter, no targeted offer",2,14
17409,Noise / Uncategorised,2955.6032036647557,High,7.274682153723928e-05,Low,Standard newsletter,Email,"General newsletter, no targeted offer",2,33
13631,Noise / Uncategorised,2939.323056342331,High,0.1060918585405426,Low,Standard newsletter,Email,"General newsletter, no targeted offer",2,9
14439,Noise / Uncategorised,2925.1930169709753,High,0.0,Low,Standard newsletter,Email,"General newsletter, no targeted offer",2,44
13230,Noise / Uncategorised,2909.1491424190576,High,0.0,Low,Standard newsletter,Email,"General newsletter, no targeted offer",2,13
12539,Noise / Uncategorised,2896.96914109641,High,0.0,Low,Standard newsletter,Email,"General newsletter, no targeted offer",2,59
16241,Noise / Uncategorised,2833.934054448748,High,4.531645721401871e-05,Low,Standard newsletter,Email,"General newsletter, no targeted offer",2,15
16678,Noise / Uncategorised,2813.3878550448744,High,4.531645721401871e-05,Low,Standard newsletter,Email,"General newsletter, no targeted offer",2,14
12823,Noise / Uncategorised,2795.7165139525373,High,0.003451396612084592,Low,Standard newsletter,Email,"General newsletter, no targeted offer",2,20
13365,Noise / Uncategorised,2793.237877373541,High,0.06461932871647377,Low,Standard newsletter,Email,"General newsletter, no targeted offer",2,55
15980,Noise / Uncategorised,2792.7280588085705,High,0.0,Low,Standard newsletter,Email,"General newsletter, no targeted offer",2,40
13135,Noise / Uncategorised,2772.35784921297,High,0.00042013570438835746,Low,Standard newsletter,Email,"General newsletter, no targeted offer",2,88
17085,Noise / Uncategorised,2771.342811426312,High,0.0,Low,Standard newsletter,Email,"General newsletter, no targeted offer",2,13
14434,Noise / Uncategorised,2771.137646938549,High,0.19831857070824854,Low,Standard newsletter,Email,"General newsletter, no targeted offer",2,5
12406,Noise / Uncategorised,2767.4565315870395,High,0.0,Low,Standard newsletter,Email,"General newsletter, no targeted offer",2,81
15156,Noise / Uncategorised,2767.34706744688,High,0.16477664218482702,Low,Standard newsletter,Email,"General newsletter, no targeted offer",2,6
14461,Noise / Uncategorised,2759.459113800713,High,4.531645721401871e-05,Low,Standard newsletter,Email,"General newsletter, no targeted offer",2,25
12843,Noise / Uncategorised,2739.9983816457616,High,0.00035976677376034803,Low,Standard newsletter,Email,"General newsletter, no targeted offer",2,13
13953,Noise / Uncategorised,2726.6921873466085,High,7.274682153723928e-05,Low,Standard newsletter,Email,"General newsletter, no targeted offer",2,36
14535,Noise / Uncategorised,2705.9146180165326,High,0.0,Low,Standard newsletter,Email,"General newsletter, no targeted offer",2,40
13334,Noise / Uncategorised,2653.628197759761,High,0.0,Low,Standard newsletter,Email,"General newsletter, no targeted offer",2,68
12517,Noise / Uncategorised,2649.957399332556,High,0.16516040881996788,Low,Standard newsletter,Email,"General newsletter, no targeted offer",2,19
17504,Noise / Uncategorised,2634.7207951614882,High,4.531645721401871e-05,Low,Standard newsletter,Email,"General newsletter, no targeted offer",2,15
18061,Noise / Uncategorised,2632.711313327003,High,0.002457040050261302,Low,Standard newsletter,Email,"General newsletter, no targeted offer",2,15
15531,Noise / Uncategorised,2578.296505536199,High,0.14704163312035212,Low,Standard newsletter,Email,"General newsletter, no targeted offer",2,7
17346,Noise / Uncategorised,2550.6345656281133,High,4.531645721401871e-05,Low,Standard newsletter,Email,"General newsletter, no targeted offer",2,14
12755,Noise / Uncategorised,2519.5946470804624,High,0.0016657094875884315,Low,Standard newsletter,Email,"General newsletter, no targeted offer",2,23
17924,Noise / Uncategorised,2513.582084152072,High,7.274682153723928e-05,Low,Standard newsletter,Email,"General newsletter, no targeted offer",2,30
14903,Noise / Uncategorised,2497.6777989805223,High,0.0005269867830001692,Low,Standard newsletter,Email,"General newsletter, no targeted offer",2,31
15271,Noise / Uncategorised,2489.8611290703866,High,0.0,Low,Standard newsletter,Email,"General newsletter, no targeted offer",2,12
15971,Noise / Uncategorised,2487.107923869563,High,0.000118063278751258,Low,Standard newsletter,Email,"General newsletter, no targeted offer",2,24
17937,Noise / Uncategorised,2482.3819864100956,High,0.0004928825259255967,Low,Standard newsletter,Email,"General newsletter, no targeted offer",2,30
14560,Noise / Uncategorised,2475.1277746015235,High,0.0046042638210111175,Low,Standard newsletter,Email,"General newsletter, no targeted offer",2,10
12664,Noise / Uncategorised,2470.4906026738076,High,7.274682153723928e-05,Low,Standard newsletter,Email,"General newsletter, no targeted offer",2,39
17723,Noise / Uncategorised,2465.996981585467,High,0.01630522106391121,Low,Standard newsletter,Email,"General newsletter, no targeted offer",2,21
18260,Noise / Uncategorised,2443.484373896097,High,4.531645721401871e-05,Low,Standard newsletter,Email,"General newsletter, no targeted offer",2,14
17625,Noise / Uncategorised,2433.781943298898,High,0.0,Low,Standard newsletter,Email,"General newsletter, no targeted offer",2,53
16440,Noise / Uncategorised,2430.0878017371556,High,0.0,Low,Standard newsletter,Email,"General newsletter, no targeted offer",2,49
18230,Noise / Uncategorised,2427.5246255903185,High,7.274682153723928e-05,Low,Standard newsletter,Email,"General newsletter, no targeted offer",2,34
14105,Noise / Uncategorised,2424.933791613963,High,0.0,Low,Standard newsletter,Email,"General newsletter, no targeted offer",2,58
17584,Noise / Uncategorised,2421.3026178179925,High,0.0028577601339490667,Low,Standard newsletter,Email,"General newsletter, no targeted offer",2,68
12615,Noise / Uncategorised,2417.8954553528783,High,0.0,Low,Standard newsletter,Email,"General newsletter, no targeted offer",2,47
17728,Noise / Uncategorised,2396.9951439794972,High,0.0,Low,Standard newsletter,Email,"General newsletter, no targeted offer",2,54
12625,Noise / Uncategorised,2372.3444783573545,High,0.0,Low,Standard newsletter,Email,"General newsletter, no targeted offer",2,58
17457,Noise / Uncategorised,2345.825311561159,High,0.000118063278751258,Low,Standard newsletter,Email,"General newsletter, no targeted offer",2,26
15581,Noise / Uncategorised,2340.4426759447783,High,0.0,Low,Standard newsletter,Email,"General newsletter, no targeted offer",2,10
14698,Noise / Uncategorised,2325.6551261732975,High,0.0886072930302076,Low,Standard newsletter,Email,"General newsletter, no targeted offer",2,6
15123,Noise / Uncategorised,2306.0361949208923,High,0.0,Low,Standard newsletter,Email,"General newsletter, no targeted offer",2,75
14776,Noise / Uncategorised,2300.909817824492,High,4.531645721401871e-05,Low,Standard newsletter,Email,"General newsletter, no targeted offer",2,16
17656,Noise / Uncategorised,2277.072255807138,High,0.1366977765701849,Low,Standard newsletter,Email,"General newsletter, no targeted offer",2,7
17386,Noise / Uncategorised,2276.6666684186284,High,7.274682153723928e-05,Low,Standard newsletter,Email,"General newsletter, no targeted offer",2,32
17444,Noise / Uncategorised,2263.2864150237206,High,0.08704027639462657,Low,Standard newsletter,Email,"General newsletter, no targeted offer",2,5
14971,Noise / Uncategorised,2242.2988851368223,High,0.06842521409393348,Low,Standard newsletter,Email,"General newsletter, no targeted offer",2,2
17015,Noise / Uncategorised,2227.245576922897,High,0.14240322734344746,Low,Standard newsletter,Email,"General newsletter, no targeted offer",2,31
15898,Noise / Uncategorised,2213.130257043864,High,4.531645721401871e-05,Low,Standard newsletter,Email,"General newsletter, no targeted offer",2,17
17750,Noise / Uncategorised,2196.3760500991307,High,0.1237360225744798,Low,Standard newsletter,Email,"General newsletter, no targeted offer",2,11
15379,Noise / Uncategorised,2181.23629746163,High,0.01951052059761762,Low,Standard newsletter,Email,"General newsletter, no targeted offer",2,17
13461,Noise / Uncategorised,2145.959074171837,High,0.00042013570438835746,Low,Standard newsletter,Email,"General newsletter, no targeted offer",2,56
17997,Noise / Uncategorised,2138.5419505005743,High,0.19992641758848556,Low,Standard newsletter,Email,"General newsletter, no targeted offer",2,7
14140,Noise / Uncategorised,2130.171040783982,High,0.1977806446189382,Low,Standard newsletter,Email,"General newsletter, no targeted offer",2,8
15653,Noise / Uncategorised,2119.8561366645695,High,0.2343754270551414,Low,Standard newsletter,Email,"General newsletter, no targeted offer",2,7
14566,Noise / Uncategorised,2116.756513699412,High,0.00042013570438835746,Low,Standard newsletter,Email,"General newsletter, no targeted offer",2,63
15782,Noise / Uncategorised,2103.0687485660496,High,0.00042013570438835746,Low,Standard newsletter,Email,"General newsletter, no targeted offer",2,63
15274,Noise / Uncategorised,2078.9416257309745,High,0.20201675785702922,Low,Standard newsletter,Email,"General newsletter, no targeted offer",2,4
16966,Noise / Uncategorised,2078.3101867304945,High,0.015974772918527266,Low,Standard newsletter,Email,"General newsletter, no targeted offer",2,20
16686,Noise / Uncategorised,2053.1225954304987,High,4.531645721401871e-05,Low,Standard newsletter,Email,"General newsletter, no targeted offer",2,26
12349,Noise / Uncategorised,2049.7851541887735,High,0.0,Low,Standard newsletter,Email,"General newsletter, no targeted offer",2,86
15341,Noise / Uncategorised,2039.1946924336069,High,0.00042013570438835746,Low,Standard newsletter,Email,"General newsletter, no targeted offer",2,110
15834,Noise / Uncategorised,2018.1803666313872,High,0.0003293962666347931,Low,Standard newsletter,Email,"General newsletter, no targeted offer",2,30
18144,Noise / Uncategorised,1958.3643676079282,High,0.002529786871798541,Low,Standard newsletter,Email,"General newsletter, no targeted offer",2,23
12584,Noise / Uncategorised,1935.3643188696612,High,0.002457040050261302,Low,Standard newsletter,Email,"General newsletter, no targeted offer",2,18
16308,Noise / Uncategorised,1930.1542407944505,High,0.0020012103332198647,Low,Standard newsletter,Email,"General newsletter, no targeted offer",2,59
13596,Noise / Uncategorised,1926.8584953876668,High,0.11648145210413068,Low,Standard newsletter,Email,"General newsletter, no targeted offer",2,2
16813,Noise / Uncategorised,1910.4277116267679,High,0.0017788076539597465,Low,Standard newsletter,Email,"General newsletter, no targeted offer",2,12
18044,Noise / Uncategorised,1907.5151373210283,High,4.531645721401871e-05,Low,Standard newsletter,Email,"General newsletter, no targeted offer",2,18
17461,Noise / Uncategorised,1900.0788803032267,High,0.10496898344940016,Low,Standard newsletter,Email,"General newsletter, no targeted offer",2,1
15484,Noise / Uncategorised,1856.5868674340227,High,0.0,Low,Standard newsletter,Email,"General newsletter, no targeted offer",2,73
16732,Noise / Uncategorised,1803.5683092675472,High,0.0,Low,Standard newsletter,Email,"General newsletter, no targeted offer",2,105
15033,Noise / Uncategorised,1798.0802186126207,High,4.531645721401871e-05,Low,Standard newsletter,Email,"General newsletter, no targeted offer",2,19
15332,Noise / Uncategorised,1783.6695422968528,High,0.21554370199355882,Low,Standard newsletter,Email,"General newsletter, no targeted offer",2,15
17372,Noise / Uncategorised,1776.3642142160122,High,4.531645721401871e-05,Low,Standard newsletter,Email,"General newsletter, no targeted offer",2,15
14730,Noise / Uncategorised,1761.361765099631,High,0.008767459938417032,Low,Standard newsletter,Email,"General newsletter, no targeted offer",2,21
18194,Noise / Uncategorised,1751.2731136490027,High,0.00042013570438835746,Low,Standard newsletter,Email,"General newsletter, no targeted offer",2,60
15511,Noise / Uncategorised,1744.7517047204883,High,0.1696342021052641,Low,Standard newsletter,Email,"General newsletter, no targeted offer",2,9
17870,Noise / Uncategorised,1744.02265053784,High,4.531645721401871e-05,Low,Standard newsletter,Email,"General newsletter, no targeted offer",2,17
14217,Noise / Uncategorised,1739.5497734394128,High,0.00040508323097436673,Low,Standard newsletter,Email,"General newsletter, no targeted offer",2,14
16546,Noise / Uncategorised,1725.2001806448109,High,0.22450886521414712,Low,Standard newsletter,Email,"General newsletter, no targeted offer",2,18
13763,Noise / Uncategorised,1721.399983324549,High,0.00042013570438835746,Low,Standard newsletter,Email,"General newsletter, no targeted offer",2,74
13784,Noise / Uncategorised,1704.3489216142486,High,4.531645721401871e-05,Low,Standard newsletter,Email,"General newsletter, no targeted offer",2,19
17553,Noise / Uncategorised,1699.6722371077283,High,0.0020012103332198647,Low,Standard newsletter,Email,"General newsletter, no targeted offer",2,72
16928,Noise / Uncategorised,1699.1574054402117,High,0.00035976677376034803,Low,Standard newsletter,Email,"General newsletter, no targeted offer",2,12
15453,Noise / Uncategorised,1698.8002673992232,High,0.19052305757553623,Low,Standard newsletter,Email,"General newsletter, no targeted offer",2,16
16358,Noise / Uncategorised,1689.3585168286213,High,0.0,Low,Standard newsletter,Email,"General newsletter, no targeted offer",2,47
17230,Noise / Uncategorised,1677.133462383671,High,0.00040508323097436673,Low,Standard newsletter,Email,"General newsletter, no targeted offer",2,16
18073,Noise / Uncategorised,1653.1836648138924,High,0.1659303485972602,Low,Standard newsletter,Email,"General newsletter, no targeted offer",2,4
13094,Noise / Uncategorised,1648.1689690713836,High,4.531645721401871e-05,Low,Standard newsletter,Email,"General newsletter, no targeted offer",2,17
14719,Noise / Uncategorised,1648.056182060874,High,0.004002119101436966,Low,Standard newsletter,Email,"General newsletter, no targeted offer",2,30
17353,Noise / Uncategorised,1643.4597746889476,High,0.00042013570438835746,Low,Standard newsletter,Email,"General newsletter, no targeted offer",2,74
15978,Noise / Uncategorised,1619.3518669485386,High,0.004584515701853953,Low,Standard newsletter,Email,"General newsletter, no targeted offer",2,113
14063,Noise / Uncategorised,1618.4730407679285,High,0.0016203930303744128,Low,Standard newsletter,Email,"General newsletter, no targeted offer",2,20
14544,Noise / Uncategorised,1612.6410292627568,High,0.0,Low,Standard newsletter,Email,"General newsletter, no targeted offer",2,89
15877,Noise / Uncategorised,1611.3117371198982,High,0.16042116337569493,Low,Standard newsletter,Email,"General newsletter, no targeted offer",2,5
15864,Noise / Uncategorised,1582.0259229482976,High,7.274682153723928e-05,Low,Standard newsletter,Email,"General newsletter, no targeted offer",2,31
17954,Noise / Uncategorised,1572.5012580571652,High,4.531645721401871e-05,Low,Standard newsletter,Email,"General newsletter, no targeted offer",2,23
14533,General Customers,1564.3618678706734,Medium,0.0,Low,Engagement / category promotion,Email,Seasonal category promotion,2,32
13692,General Customers,1563.3062458911918,Medium,0.0,Low,Engagement / category promotion,Email,Seasonal category promotion,2,47
12645,General Customers,1561.050245873869,Medium,0.0010537216828478962,Low,Engagement / category promotion,Email,Seasonal category promotion,2,48
14506,General Customers,1560.295834694991,Medium,0.0003293962666347931,Low,Engagement / category promotion,Email,Seasonal category promotion,2,50
13464,General Customers,1559.6985958182154,Medium,0.0003293962666347931,Low,Engagement / category promotion,Email,Seasonal category promotion,2,56
17828,General Customers,1557.939208461278,Medium,0.11118480478125702,Low,Engagement / category promotion,Email,Seasonal category promotion,2,24
16748,General Customers,1557.7915824939475,Medium,0.0,Low,Engagement / category promotion,Email,Seasonal category promotion,2,30
15625,General Customers,1557.288188943391,Medium,0.0,Low,Engagement / category promotion,Email,Seasonal category promotion,2,29
15596,General Customers,1554.6336092759611,Medium,4.531645721401871e-05,Low,Engagement / category promotion,Email,Seasonal category promotion,2,27
12393,General Customers,1554.4297643719779,Medium,0.0,Low,Engagement / category promotion,Email,Seasonal category promotion,2,36
17526,General Customers,1548.2963116570047,Medium,0.0,Low,Engagement / category promotion,Email,Seasonal category promotion,2,36
15255,General Customers,1547.9642920017507,Medium,0.0,Low,Engagement / category promotion,Email,Seasonal category promotion,2,45
14232,General Customers,1546.956179924117,Medium,0.00130966161316625,Low,Engagement / category promotion,Email,Seasonal category promotion,2,27
17629,General Customers,1546.0355695941412,Medium,4.531645721401871e-05,Low,Engagement / category promotion,Email,Seasonal category promotion,2,25
15021,General Customers,1546.0234308844592,Medium,4.531645721401871e-05,Low,Engagement / category promotion,Email,Seasonal category promotion,2,24
15220,General Customers,1544.3863957913134,Medium,0.018668616604219437,Low,Engagement / category promotion,Email,Seasonal category promotion,2,23
17829,General Customers,1542.8773881936922,Medium,0.0,Low,Engagement / category promotion,Email,Seasonal category promotion,2,43
16208,General Customers,1537.953833817323,Medium,0.0,Low,Engagement / category promotion,Email,Seasonal category promotion,2,36
16045,General Customers,1537.202175169916,Medium,0.002587821299706133,Low,Engagement / category promotion,Email,Seasonal category promotion,2,28
14978,General Customers,1531.9355258535952,Medium,0.0,Low,Engagement / category promotion,Email,Seasonal category promotion,2,31
17311,General Customers,1530.0238944232945,Medium,0.0,Low,Engagement / category promotion,Email,Seasonal category promotion,2,60
14857,General Customers,1529.996872092156,Medium,0.0003293962666347931,Low,Engagement / category promotion,Email,Seasonal category promotion,2,49
15043,General Customers,1527.6648960579662,Medium,7.274682153723928e-05,Low,Engagement / category promotion,Email,Seasonal category promotion,2,50
16438,General Customers,1525.9935076256431,Medium,0.1668514598605538,Low,Engagement / category promotion,Email,Seasonal category promotion,2,9
15701,Noise / Uncategorised,1524.5793234656655,Medium,0.3919630255232897,Medium,Standard newsletter,Email,"General newsletter, no targeted offer",2,16
13037,General Customers,1523.6482075324116,Medium,0.0,Low,Engagement / category promotion,Email,Seasonal category promotion,2,30
17470,General Customers,1521.4554776739915,Medium,4.531645721401871e-05,Low,Engagement / category promotion,Email,Seasonal category promotion,2,25
17228,General Customers,1521.3979138106101,Medium,0.0,Low,Engagement / category promotion,Email,Seasonal category promotion,2,29
15306,General Customers,1521.0426237738807,Medium,0.0,Low,Engagement / category promotion,Email,Seasonal category promotion,2,40
16101,General Customers,1519.584807928871,Medium,0.0,Low,Engagement / category promotion,Email,Seasonal category promotion,2,74
14229,General Customers,1519.5739605546719,Medium,7.274682153723928e-05,Low,Engagement / category promotion,Email,Seasonal category promotion,2,36
13431,General Customers,1519.1273786238319,Medium,0.0010537216828478962,Low,Engagement / category promotion,Email,Seasonal category promotion,2,44
13577,General Customers,1517.3990835015402,Medium,0.0,Low,Engagement / category promotion,Email,Seasonal category promotion,2,38
14649,General Customers,1510.850626385859,Medium,0.0,Low,Engagement / category promotion,Email,Seasonal category promotion,2,46
16157,Noise / Uncategorised,1506.951304211858,Medium,0.3648114064272068,Medium,Standard newsletter,Email,"General newsletter, no targeted offer",2,11
16325,General Customers,1504.9521803750335,Medium,0.0,Low,Engagement / category promotion,Email,Seasonal category promotion,2,34
15058,General Customers,1503.1236036819619,Medium,4.531645721401871e-05,Low,Engagement / category promotion,Email,Seasonal category promotion,2,24
13707,General Customers,1502.6809076719765,Medium,0.0015340996168582367,Low,Engagement / category promotion,Email,Seasonal category promotion,2,32
14837,General Customers,1501.16954932082,Medium,0.0,Low,Engagement / category promotion,Email,Seasonal category promotion,2,40
13647,General Customers,1498.282979086583,Medium,0.0010537216828478962,Low,Engagement / category promotion,Email,Seasonal category promotion,2,44
15051,General Customers,1495.636444180405,Medium,0.0,Low,Engagement / category promotion,Email,Seasonal category promotion,2,48
13425,General Customers,1495.4844195440414,Medium,0.0,Low,Engagement / category promotion,Email,Seasonal category promotion,2,57
16676,General Customers,1491.822477703355,Medium,0.0003293962666347931,Low,Engagement / category promotion,Email,Seasonal category promotion,2,38
14410,General Customers,1491.3996291918743,Medium,4.531645721401871e-05,Low,Engagement / category promotion,Email,Seasonal category promotion,2,19
16811,General Customers,1490.7827465564058,Medium,0.2452152305167117,Low,Engagement / category promotion,Email,Seasonal category promotion,2,4
17063,General Customers,1490.2667625096624,Medium,0.0,Low,Engagement / category promotion,Email,Seasonal category promotion,2,33
18219,General Customers,1489.5908287949765,Medium,4.531645721401871e-05,Low,Engagement / category promotion,Email,Seasonal category promotion,2,26
16201,General Customers,1486.0395820020844,Medium,0.0,Low,Engagement / category promotion,Email,Seasonal category promotion,2,49
15265,General Customers,1485.9339832763483,Medium,0.0,Low,Engagement / category promotion,Email,Seasonal category promotion,2,88
12676,General Customers,1485.4066451266099,Medium,4.531645721401871e-05,Low,Engagement / category promotion,Email,Seasonal category promotion,2,25
13895,General Customers,1481.7037947096599,Medium,0.0,Low,Engagement / category promotion,Email,Seasonal category promotion,2,71
14593,General Customers,1480.6139150373122,Medium,0.0,Low,Engagement / category promotion,Email,Seasonal category promotion,2,35
17354,General Customers,1479.3831468365265,Medium,0.0028577601339490667,Low,Engagement / category promotion,Email,Seasonal category promotion,2,57
16638,General Customers,1474.4566983501861,Medium,4.531645721401871e-05,Low,Engagement / category promotion,Email,Seasonal category promotion,2,18
13979,General Customers,1470.9688111450705,Medium,0.0003293962666347931,Low,Engagement / category promotion,Email,Seasonal category promotion,2,57
15142,General Customers,1470.2185572546325,Medium,0.0003293962666347931,Low,Engagement / category promotion,Email,Seasonal category promotion,2,45
16005,General Customers,1469.2412334733044,Medium,4.531645721401871e-05,Low,Engagement / category promotion,Email,Seasonal category promotion,2,26
15105,General Customers,1467.6231283007633,Medium,0.0,Low,Engagement / category promotion,Email,Seasonal category promotion,2,41
13929,General Customers,1467.1261741817536,Medium,7.274682153723928e-05,Low,Engagement / category promotion,Email,Seasonal category promotion,2,29
14443,General Customers,1465.333713869839,Medium,0.0003293962666347931,Low,Engagement / category promotion,Email,Seasonal category promotion,2,39
12849,General Customers,1463.6515283136478,Medium,0.0003293962666347931,Low,Engagement / category promotion,Email,Seasonal category promotion,2,56
14315,General Customers,1461.2068803007642,Medium,0.0,Low,Engagement / category promotion,Email,Seasonal category promotion,2,44
16515,General Customers,1460.3751918278392,Medium,0.0,Low,Engagement / category promotion,Email,Seasonal category promotion,2,29
13184,General Customers,1460.2846631188193,Medium,0.0016062455729117546,Low,Engagement / category promotion,Email,Seasonal category promotion,2,16
13149,General Customers,1456.7150743476934,Medium,0.0,Low,Engagement / category promotion,Email,Seasonal category promotion,2,41
17720,General Customers,1455.6641815448177,Medium,0.0,Low,Engagement / category promotion,Email,Seasonal category promotion,2,33
15757,General Customers,1455.1984520201652,Medium,0.0003293962666347931,Low,Engagement / category promotion,Email,Seasonal category promotion,2,48
14451,General Customers,1453.875865009867,Medium,0.0,Low,Engagement / category promotion,Email,Seasonal category promotion,2,32
15681,General Customers,1452.3302217908065,Medium,0.002529786871798541,Low,Engagement / category promotion,Email,Seasonal category promotion,2,23
17679,General Customers,1446.7458252129434,Medium,0.0,Low,Engagement / category promotion,Email,Seasonal category promotion,2,59
14653,General Customers,1442.1060017648556,Medium,0.0,Low,Engagement / category promotion,Email,Seasonal category promotion,2,37
17640,General Customers,1437.2813396398997,Medium,0.0,Low,Engagement / category promotion,Email,Seasonal category promotion,2,54
12909,General Customers,1436.4965808027687,Medium,0.0010537216828478962,Low,Engagement / category promotion,Email,Seasonal category promotion,2,46
16395,General Customers,1434.8883632232514,Medium,0.0,Low,Engagement / category promotion,Email,Seasonal category promotion,2,29
13232,General Customers,1430.1618828754235,Medium,0.00548555776447664,Low,Engagement / category promotion,Email,Seasonal category promotion,2,20
16229,General Customers,1428.9754838966044,Medium,0.0003293962666347931,Low,Engagement / category promotion,Email,Seasonal category promotion,2,48
14306,General Customers,1428.2769250463534,Medium,0.0,Low,Engagement / category promotion,Email,Seasonal category promotion,2,62
14285,General Customers,1426.935351908462,Medium,0.0,Low,Engagement / category promotion,Email,Seasonal category promotion,2,53
13147,Noise / Uncategorised,1425.5379912327508,Medium,0.40862817374384486,Medium,Standard newsletter,Email,"General newsletter, no targeted offer",2,13
17692,General Customers,1423.6370706425184,Medium,4.531645721401871e-05,Low,Engagement / category promotion,Email,Seasonal category promotion,2,21
15111,General Customers,1423.0740125128855,Medium,0.0003293962666347931,Low,Engagement / category promotion,Email,Seasonal category promotion,2,68
17508,General Customers,1422.8998804652153,Medium,0.0,Low,Engagement / category promotion,Email,Seasonal category promotion,2,34
16350,General Customers,1420.0897894842199,Medium,4.531645721401871e-05,Low,Engagement / category promotion,Email,Seasonal category promotion,2,27
17004,General Customers,1419.8832065678382,Medium,0.00042013570438835746,Low,Engagement / category promotion,Email,Seasonal category promotion,2,57
17621,General Customers,1419.4835336451176,Medium,0.0,Low,Engagement / category promotion,Email,Seasonal category promotion,2,41
12528,General Customers,1419.3986430583695,Medium,7.274682153723928e-05,Low,Engagement / category promotion,Email,Seasonal category promotion,2,30
13318,Noise / Uncategorised,1419.3137216417579,Medium,0.3542485769939221,Medium,Standard newsletter,Email,"General newsletter, no targeted offer",2,7
14312,General Customers,1418.7397005517873,Medium,4.531645721401871e-05,Low,Engagement / category promotion,Email,Seasonal category promotion,2,25
16389,General Customers,1418.320078143242,Medium,0.0025749015913653327,Low,Engagement / category promotion,Email,Seasonal category promotion,2,34
17459,General Customers,1417.5694863853969,Medium,0.14474103103126065,Low,Engagement / category promotion,Email,Seasonal category promotion,2,5
16062,General Customers,1416.2552960005519,Medium,0.0010537216828478962,Low,Engagement / category promotion,Email,Seasonal category promotion,2,39
14138,Noise / Uncategorised,1415.1683629030902,Medium,0.3308522326632856,Medium,Standard newsletter,Email,"General newsletter, no targeted offer",2,19
15953,General Customers,1415.138028969882,Medium,4.531645721401871e-05,Low,Engagement / category promotion,Email,Seasonal category promotion,2,24
15712,General Customers,1412.970192547151,Medium,0.0,Low,Engagement / category promotion,Email,Seasonal category promotion,2,36
13958,General Customers,1409.891920033767,Medium,0.0015794160740722554,Low,Engagement / category promotion,Email,Seasonal category promotion,2,27
17931,General Customers,1407.814260484169,Medium,4.531645721401871e-05,Low,Engagement / category promotion,Email,Seasonal category promotion,2,23
14748,General Customers,1406.6639822277466,Medium,0.0,Low,Engagement / category promotion,Email,Seasonal category promotion,2,37
17232,Noise / Uncategorised,1406.4546058184565,Medium,0.32859212974097846,Medium,Standard newsletter,Email,"General newsletter, no targeted offer",2,3
12609,General Customers,1406.427600423397,Medium,0.0,Low,Engagement / category promotion,Email,Seasonal category promotion,2,43
16120,General Customers,1404.3119752408375,Medium,0.0,Low,Engagement / category promotion,Email,Seasonal category promotion,2,36
12885,General Customers,1403.600467435013,Medium,0.21550535611305444,Low,Engagement / category promotion,Email,Seasonal category promotion,2,12
13823,General Customers,1402.398221821514,Medium,0.0003293962666347931,Low,Engagement / category promotion,Email,Seasonal category promotion,2,60
12723,Noise / Uncategorised,1400.4913157706433,Medium,0.2966953776059025,Medium,Standard newsletter,Email,"General newsletter, no targeted offer",2,7
16083,General Customers,1399.6652622696706,Medium,0.00042013570438835746,Low,Engagement / category promotion,Email,Seasonal category promotion,2,43
17101,General Customers,1395.266951074334,Medium,0.0,Low,Engagement / category promotion,Email,Seasonal category promotion,2,46
14665,General Customers,1392.8926804547827,Medium,0.0,Low,Engagement / category promotion,Email,Seasonal category promotion,2,46
15059,General Customers,1392.3788230440302,Medium,4.531645721401871e-05,Low,Engagement / category promotion,Email,Seasonal category promotion,2,22
12951,General Customers,1391.9132581898696,Medium,4.531645721401871e-05,Low,Engagement / category promotion,Email,Seasonal category promotion,2,28
17147,General Customers,1389.2036180855976,Medium,0.0,Low,Engagement / category promotion,Email,Seasonal category promotion,2,45
13012,General Customers,1387.7451270041179,Medium,0.0,Low,Engagement / category promotion,Email,Seasonal category promotion,2,32
15027,General Customers,1387.2782764133742,Medium,0.0,Low,Engagement / category promotion,Email,Seasonal category promotion,2,36
14462,General Customers,1384.844719671607,Medium,4.531645721401871e-05,Low,Engagement / category promotion,Email,Seasonal category promotion,2,18
17634,General Customers,1384.5498775180836,Medium,4.531645721401871e-05,Low,Engagement / category promotion,Email,Seasonal category promotion,2,20
13501,General Customers,1383.0725306056404,Medium,0.0012511823685206203,Low,Engagement / category promotion,Email,Seasonal category promotion,2,56
13291,General Customers,1382.9149601014187,Medium,4.531645721401871e-05,Low,Engagement / category promotion,Email,Seasonal category promotion,2,28
12631,General Customers,1381.3160747911868,Medium,0.0,Low,Engagement / category promotion,Email,Seasonal category promotion,2,63
16271,General Customers,1378.0237543444277,Medium,0.0,Low,Engagement / category promotion,Email,Seasonal category promotion,2,38
14035,General Customers,1373.8855782598368,Medium,0.0,Low,Engagement / category promotion,Email,Seasonal category promotion,2,39
14898,General Customers,1373.74204334994,Medium,0.0,Low,Engagement / category promotion,Email,Seasonal category promotion,2,31
17144,Noise / Uncategorised,1373.3834442543962,Medium,0.3735428611221536,Medium,Standard newsletter,Email,"General newsletter, no targeted offer",2,25
17552,General Customers,1372.0811124360844,Medium,0.0,Low,Engagement / category promotion,Email,Seasonal category promotion,2,28
16365,General Customers,1370.271263948999,Medium,0.0,Low,Engagement / category promotion,Email,Seasonal category promotion,2,28
17913,General Customers,1370.2226596115368,Medium,0.0,Low,Engagement / category promotion,Email,Seasonal category promotion,2,29
14507,General Customers,1365.9328125183476,Medium,0.0,Low,Engagement / category promotion,Email,Seasonal category promotion,2,38
16747,General Customers,1362.2398116759157,Medium,0.2071855203853443,Low,Engagement / category promotion,Email,Seasonal category promotion,2,9
15883,Noise / Uncategorised,1362.0403703066954,Medium,0.4778833362625079,Medium,Standard newsletter,Email,"General newsletter, no targeted offer",2,9
14044,General Customers,1360.2707940913267,Medium,0.0,Low,Engagement / category promotion,Email,Seasonal category promotion,2,39
17768,General Customers,1358.9192211889883,Medium,0.0003293962666347931,Low,Engagement / category promotion,Email,Seasonal category promotion,2,62
16726,General Customers,1358.7035373161577,Medium,0.0023904826664931994,Low,Engagement / category promotion,Email,Seasonal category promotion,2,33
17633,General Customers,1357.2041193720986,Medium,0.0,Low,Engagement / category promotion,Email,Seasonal category promotion,2,31
13131,General Customers,1356.748533443699,Medium,0.0003293962666347931,Low,Engagement / category promotion,Email,Seasonal category promotion,2,55
15095,General Customers,1356.0609800401419,Medium,0.0,Low,Engagement / category promotion,Email,Seasonal category promotion,2,35
18161,General Customers,1356.010998121275,Medium,0.0,Low,Engagement / category promotion,Email,Seasonal category promotion,2,36
17921,General Customers,1353.1924328198666,Medium,0.0005723032402141879,Low,Engagement / category promotion,Email,Seasonal category promotion,2,27
13695,General Customers,1352.3742168477713,Medium,0.002529786871798541,Low,Engagement / category promotion,Email,Seasonal category promotion,2,20
13313,General Customers,1351.3824966253999,Medium,0.0,Low,Engagement / category promotion,Email,Seasonal category promotion,2,36
14215,General Customers,1350.5608571190442,Medium,0.0,Low,Engagement / category promotion,Email,Seasonal category promotion,2,48
12348,General Customers,1343.7123130502848,Medium,7.274682153723928e-05,Low,Engagement / category promotion,Email,Seasonal category promotion,2,43
15814,General Customers,1343.445105739054,Medium,0.0,Low,Engagement / category promotion,Email,Seasonal category promotion,2,59
13397,General Customers,1342.4727449815512,Medium,0.0,Low,Engagement / category promotion,Email,Seasonal category promotion,2,37
15241,General Customers,1341.3385900543894,Medium,0.0,Low,Engagement / category promotion,Email,Seasonal category promotion,2,32
16370,Noise / Uncategorised,1340.1668973817366,Medium,0.3237735652942027,Medium,Standard newsletter,Email,"General newsletter, no targeted offer",2,21
13650,General Customers,1337.6579336917318,Medium,0.0,Low,Engagement / category promotion,Email,Seasonal category promotion,2,40
13719,General Customers,1335.2601392451375,Medium,0.0005269867830001692,Low,Engagement / category promotion,Email,Seasonal category promotion,2,30
14834,General Customers,1332.2039209033348,Medium,0.0,Low,Engagement / category promotion,Email,Seasonal category promotion,2,33
16020,General Customers,1329.4614950417283,Medium,0.20642423029383433,Low,Engagement / category promotion,Email,Seasonal category promotion,2,10
12917,General Customers,1329.0753028869551,Medium,0.00042013570438835746,Low,Engagement / category promotion,Email,Seasonal category promotion,2,60
16531,General Customers,1328.2456437963392,Medium,0.0011905215018014766,Low,Engagement / category promotion,Email,Seasonal category promotion,2,23
15916,General Customers,1326.9273470463445,Medium,0.0,Low,Engagement / category promotion,Email,Seasonal category promotion,2,33
13320,General Customers,1321.7499859502461,Medium,0.0003293962666347931,Low,Engagement / category promotion,Email,Seasonal category promotion,2,40
16369,General Customers,1321.3260600274173,Medium,0.0003293962666347931,Low,Engagement / category promotion,Email,Seasonal category promotion,2,51
14064,General Customers,1320.9731198320073,Medium,4.531645721401871e-05,Low,Engagement / category promotion,Email,Seasonal category promotion,2,26
15238,General Customers,1316.7467819408835,Medium,0.23887171172318697,Low,Engagement / category promotion,Email,Seasonal category promotion,2,31
14901,General Customers,1316.5387434571162,Medium,4.531645721401871e-05,Low,Engagement / category promotion,Email,Seasonal category promotion,2,24
16394,General Customers,1314.0759251455663,Medium,0.00130966161316625,Low,Engagement / category promotion,Email,Seasonal category promotion,2,28
12937,General Customers,1313.390412367481,Medium,0.0,Low,Engagement / category promotion,Email,Seasonal category promotion,2,48
14664,General Customers,1311.9901357328079,Medium,0.13684781217385789,Low,Engagement / category promotion,Email,Seasonal category promotion,2,4
17774,General Customers,1310.724899611238,Medium,0.0,Low,Engagement / category promotion,Email,Seasonal category promotion,2,38
14897,General Customers,1307.0279090520178,Medium,0.0,Low,Engagement / category promotion,Email,Seasonal category promotion,2,54
15810,General Customers,1303.9878237003172,Medium,0.0,Low,Engagement / category promotion,Email,Seasonal category promotion,2,45
16115,General Customers,1303.204521168734,Medium,0.0005269867830001692,Low,Engagement / category promotion,Email,Seasonal category promotion,2,28
13867,General Customers,1302.880078224233,Medium,0.1599025849257995,Low,Engagement / category promotion,Email,Seasonal category promotion,2,37
17588,General Customers,1302.2473333519438,Medium,7.274682153723928e-05,Low,Engagement / category promotion,Email,Seasonal category promotion,2,46
13611,General Customers,1297.9371311058144,Medium,0.0,Low,Engagement / category promotion,Email,Seasonal category promotion,2,39
16184,Noise / Uncategorised,1297.0119360346262,Medium,0.3166899315448008,Medium,Standard newsletter,Email,"General newsletter, no targeted offer",2,15
13635,General Customers,1296.8090936373276,Medium,0.0,Low,Engagement / category promotion,Email,Seasonal category promotion,2,101
16918,General Customers,1295.640704988207,Medium,4.531645721401871e-05,Low,Engagement / category promotion,Email,Seasonal category promotion,2,26
13772,General Customers,1293.0407825948732,Medium,0.0010537216828478962,Low,Engagement / category promotion,Email,Seasonal category promotion,2,46
15620,General Customers,1292.7765271608528,Medium,0.0003293962666347931,Low,Engagement / category promotion,Email,Seasonal category promotion,2,53
17646,General Customers,1292.1539751874177,Medium,4.531645721401871e-05,Low,Engagement / category promotion,Email,Seasonal category promotion,2,25
15660,General Customers,1290.7368353497136,Medium,4.531645721401871e-05,Low,Engagement / category promotion,Email,Seasonal category promotion,2,26
13344,General Customers,1290.2007447770043,Medium,0.0031274235032723928,Low,Engagement / category promotion,Email,Seasonal category promotion,2,42
15602,General Customers,1288.4448310109385,Medium,4.531645721401871e-05,Low,Engagement / category promotion,Email,Seasonal category promotion,2,27
16012,General Customers,1287.7385213028283,Medium,0.0,Low,Engagement / category promotion,Email,Seasonal category promotion,2,59
15985,General Customers,1287.284079865996,Medium,7.274682153723928e-05,Low,Engagement / category promotion,Email,Seasonal category promotion,2,38
14234,General Customers,1287.044210685721,Medium,0.12701981473787935,Low,Engagement / category promotion,Email,Seasonal category promotion,2,5
15057,General Customers,1284.9680006862225,Medium,0.00042013570438835746,Low,Engagement / category promotion,Email,Seasonal category promotion,2,55
14856,General Customers,1284.8238913520875,Medium,0.11371830643782016,Low,Engagement / category promotion,Email,Seasonal category promotion,2,4
15116,General Customers,1283.6313330088146,Medium,0.15395448446084206,Low,Engagement / category promotion,Email,Seasonal category promotion,2,28
16245,General Customers,1279.9918006880016,Medium,0.0,Low,Engagement / category promotion,Email,Seasonal category promotion,2,47
14233,General Customers,1277.3677829036078,Medium,7.274682153723928e-05,Low,Engagement / category promotion,Email,Seasonal category promotion,2,51
13077,General Customers,1277.186643847035,Medium,0.0,Low,Engagement / category promotion,Email,Seasonal category promotion,2,40
14465,General Customers,1275.120831365281,Medium,4.531645721401871e-05,Low,Engagement / category promotion,Email,Seasonal category promotion,2,25
15987,General Customers,1273.8315018731892,Medium,0.004361286881857708,Low,Engagement / category promotion,Email,Seasonal category promotion,2,28
17054,General Customers,1272.0018547715028,Medium,0.00130966161316625,Low,Engagement / category promotion,Email,Seasonal category promotion,2,26
16225,General Customers,1271.302738902612,Medium,4.531645721401871e-05,Low,Engagement / category promotion,Email,Seasonal category promotion,2,25
12976,General Customers,1270.229481506994,Medium,0.0010537216828478962,Low,Engagement / category promotion,Email,Seasonal category promotion,2,34
15031,General Customers,1265.6155152585752,Medium,0.0,Low,Engagement / category promotion,Email,Seasonal category promotion,2,31
12463,General Customers,1265.3769895382168,Medium,0.12450367480141815,Low,Engagement / category promotion,Email,Seasonal category promotion,2,28
14758,General Customers,1261.4105777558402,Medium,0.0,Low,Engagement / category promotion,Email,Seasonal category promotion,2,40
15506,General Customers,1260.9818563388944,Medium,0.0003293962666347931,Low,Engagement / category promotion,Email,Seasonal category promotion,2,45
17320,General Customers,1259.9064937030935,Medium,0.0,Low,Engagement / category promotion,Email,Seasonal category promotion,2,59
15079,General Customers,1258.4536772951299,Medium,0.0,Low,Engagement / category promotion,Email,Seasonal category promotion,2,28
14336,General Customers,1258.019943916951,Medium,0.0,Low,Engagement / category promotion,Email,Seasonal category promotion,2,39
14297,General Customers,1255.89400670504,Medium,0.001804775104894582,Low,Engagement / category promotion,Email,Seasonal category promotion,2,39
14321,General Customers,1254.6877304130776,Medium,0.0003293962666347931,Low,Engagement / category promotion,Email,Seasonal category promotion,2,40
16496,General Customers,1254.5937680093557,Medium,0.0003293962666347931,Low,Engagement / category promotion,Email,Seasonal category promotion,2,50
17562,General Customers,1253.0391713802512,Medium,0.18535244737530085,Low,Engagement / category promotion,Email,Seasonal category promotion,2,14
15821,General Customers,1251.619978093024,Medium,0.21480976749935535,Low,Engagement / category promotion,Email,Seasonal category promotion,2,5
15734,General Customers,1246.577181269671,Medium,0.0,Low,Engagement / category promotion,Email,Seasonal category promotion,2,65
16221,General Customers,1242.546304313154,Medium,0.0005269867830001692,Low,Engagement / category promotion,Email,Seasonal category promotion,2,30
17676,General Customers,1241.143703257461,Medium,0.0,Low,Engagement / category promotion,Email,Seasonal category promotion,2,37
12620,General Customers,1239.4716605204833,Medium,0.0814552033187972,Low,Engagement / category promotion,Email,Seasonal category promotion,2,38
15967,General Customers,1238.8175981000734,Medium,0.0,Low,Engagement / category promotion,Email,Seasonal category promotion,2,36
17410,General Customers,1237.23040349971,Medium,0.00130966161316625,Low,Engagement / category promotion,Email,Seasonal category promotion,2,24
14587,General Customers,1235.4718678115203,Medium,0.0012464787991514064,Low,Engagement / category promotion,Email,Seasonal category promotion,2,21
17242,General Customers,1234.677112467941,Medium,0.00042013570438835746,Low,Engagement / category promotion,Email,Seasonal category promotion,2,69
13414,General Customers,1231.5738807173045,Medium,7.274682153723928e-05,Low,Engagement / category promotion,Email,Seasonal category promotion,2,47
17002,General Customers,1231.3968836563067,Medium,0.0,Low,Engagement / category promotion,Email,Seasonal category promotion,2,48
14916,General Customers,1231.2770502521319,Medium,0.0010537216828478962,Low,Engagement / category promotion,Email,Seasonal category promotion,2,41
15706,General Customers,1230.9807930790435,Medium,0.19473953889317194,Low,Engagement / category promotion,Email,Seasonal category promotion,2,8
17591,General Customers,1229.4665967112048,Medium,0.0,Low,Engagement / category promotion,Email,Seasonal category promotion,2,46
16232,General Customers,1229.272304865439,Medium,0.0,Low,Engagement / category promotion,Email,Seasonal category promotion,2,43
13614,General Customers,1228.7116017890276,Medium,0.0003293962666347931,Low,Engagement / category promotion,Email,Seasonal category promotion,2,53
13455,General Customers,1227.9713476862237,Medium,0.0,Low,Engagement / category promotion,Email,Seasonal category promotion,2,71
18170,General Customers,1227.3806839551248,Medium,0.0,Low,Engagement / category promotion,Email,Seasonal category promotion,2,44
18228,General Customers,1226.9637752261467,Medium,0.2220016274154916,Low,Engagement / category promotion,Email,Seasonal category promotion,2,7
12863,General Customers,1226.561927794264,Medium,0.0,Low,Engagement / category promotion,Email,Seasonal category promotion,2,54
13052,General Customers,1225.9673062846146,Medium,0.0003293962666347931,Low,Engagement / category promotion,Email,Seasonal category promotion,2,38
16612,General Customers,1224.484962031815,Medium,0.0,Low,Engagement / category promotion,Email,Seasonal category promotion,2,47
13700,General Customers,1223.417253987922,Medium,0.0005269867830001692,Low,Engagement / category promotion,Email,Seasonal category promotion,2,30
18263,General Customers,1222.6235779227138,Medium,0.0,Low,Engagement / category promotion,Email,Seasonal category promotion,2,45
15965,General Customers,1220.501914157797,Medium,0.0005269867830001692,Low,Engagement / category promotion,Email,Seasonal category promotion,2,33
13557,General Customers,1220.4482676849507,Medium,0.0,Low,Engagement / category promotion,Email,Seasonal category promotion,2,32
15563,General Customers,1219.6731097727154,Medium,0.0003293962666347931,Low,Engagement / category promotion,Email,Seasonal category promotion,2,56
14875,General Customers,1218.781111368121,Medium,0.0012511823685206203,Low,Engagement / category promotion,Email,Seasonal category promotion,2,67
14038,General Customers,1218.6298899187957,Medium,0.0,Low,Engagement / category promotion,Email,Seasonal category promotion,2,71
18168,General Customers,1214.0638943188264,Medium,4.531645721401871e-05,Low,Engagement / category promotion,Email,Seasonal category promotion,2,21
14532,General Customers,1213.6901534797023,Medium,4.531645721401871e-05,Low,Engagement / category promotion,Email,Seasonal category promotion,2,25
17088,General Customers,1211.6470383334924,Medium,0.0012643451559522312,Low,Engagement / category promotion,Email,Seasonal category promotion,2,34
16249,General Customers,1208.9894300360534,Medium,0.16200519224788335,Low,Engagement / category promotion,Email,Seasonal category promotion,2,22
16359,General Customers,1207.244479045934,Medium,4.531645721401871e-05,Low,Engagement / category promotion,Email,Seasonal category promotion,2,25
17974,General Customers,1206.6102194489758,Medium,0.0003293962666347931,Low,Engagement / category promotion,Email,Seasonal category promotion,2,38
14147,General Customers,1205.8493500304555,Medium,7.274682153723928e-05,Low,Engagement / category promotion,Email,Seasonal category promotion,2,37
16755,General Customers,1205.488752955006,Medium,0.0003293962666347931,Low,Engagement / category promotion,Email,Seasonal category promotion,2,53
14741,General Customers,1204.4717653048058,Medium,7.274682153723928e-05,Low,Engagement / category promotion,Email,Seasonal category promotion,2,35
15426,General Customers,1203.6828445223223,Medium,0.0,Low,Engagement / category promotion,Email,Seasonal category promotion,2,38
16383,General Customers,1200.9719120358868,Medium,0.0003293962666347931,Low,Engagement / category promotion,Email,Seasonal category promotion,2,51
14499,General Customers,1194.6252419366615,Medium,0.0003293962666347931,Low,Engagement / category promotion,Email,Seasonal category promotion,2,38
14621,General Customers,1194.2295371174055,Medium,0.0,Low,Engagement / category promotion,Email,Seasonal category promotion,2,45
13799,General Customers,1191.2503706603202,Medium,0.0,Low,Engagement / category promotion,Email,Seasonal category promotion,2,35
14161,General Customers,1190.0054691008202,Medium,0.0003293962666347931,Low,Engagement / category promotion,Email,Seasonal category promotion,2,44
13309,General Customers,1189.1932078236098,Medium,0.0,Low,Engagement / category promotion,Email,Seasonal category promotion,2,38
17595,Noise / Uncategorised,1188.3603670791808,Medium,0.2631390125052173,Medium,Standard newsletter,Email,"General newsletter, no targeted offer",2,7
18142,Noise / Uncategorised,1187.9916716183268,Medium,0.3410844961403549,Medium,Standard newsletter,Email,"General newsletter, no targeted offer",2,17
15182,General Customers,1187.3561626491069,Medium,4.531645721401871e-05,Low,Engagement / category promotion,Email,Seasonal category promotion,2,27
13728,General Customers,1185.9666536143372,Medium,4.531645721401871e-05,Low,Engagement / category promotion,Email,Seasonal category promotion,2,26
16949,General Customers,1185.6840367687469,Medium,0.0,Low,Engagement / category promotion,Email,Seasonal category promotion,2,31
17282,General Customers,1184.153035577505,Medium,0.0003293962666347931,Low,Engagement / category promotion,Email,Seasonal category promotion,2,50
15716,General Customers,1183.529707808906,Medium,0.0,Low,Engagement / category promotion,Email,Seasonal category promotion,2,32
14794,General Customers,1182.717243389332,Medium,0.0,Low,Engagement / category promotion,Email,Seasonal category promotion,2,29
15329,General Customers,1180.6691321271455,Medium,0.0,Low,Engagement / category promotion,Email,Seasonal category promotion,2,37
18173,General Customers,1178.7330218559514,Medium,0.0,Low,Engagement / category promotion,Email,Seasonal category promotion,2,63
12412,General Customers,1175.6179357298815,Medium,0.0,Low,Engagement / category promotion,Email,Seasonal category promotion,2,46
14414,General Customers,1175.33880512899,Medium,0.014171669473814687,Low,Engagement / category promotion,Email,Seasonal category promotion,2,21
13538,General Customers,1175.282518975802,Medium,0.0,Low,Engagement / category promotion,Email,Seasonal category promotion,2,32
17777,General Customers,1174.1832870928354,Medium,0.2359408967338735,Low,Engagement / category promotion,Email,Seasonal category promotion,2,15
16889,General Customers,1173.2705171472228,Medium,0.0003293962666347931,Low,Engagement / category promotion,Email,Seasonal category promotion,2,37
14404,General Customers,1172.964712176267,Medium,0.0,Low,Engagement / category promotion,Email,Seasonal category promotion,2,32
17463,General Customers,1172.036904322284,Medium,0.0003293962666347931,Low,Engagement / category promotion,Email,Seasonal category promotion,2,49
16416,General Customers,1168.9876441301365,Medium,0.0,Low,Engagement / category promotion,Email,Seasonal category promotion,2,42
12775,General Customers,1168.6640822541951,Medium,0.0,Low,Engagement / category promotion,Email,Seasonal category promotion,2,34
12516,General Customers,1168.2111475995487,Medium,0.00042013570438835746,Low,Engagement / category promotion,Email,Seasonal category promotion,2,78
14164,Noise / Uncategorised,1167.3030391652126,Medium,0.2750705646518904,Medium,Standard newsletter,Email,"General newsletter, no targeted offer",2,3
16560,General Customers,1166.6998303528155,Medium,0.0010537216828478962,Low,Engagement / category promotion,Email,Seasonal category promotion,2,53
16584,General Customers,1164.3381783017253,Medium,0.00042013570438835746,Low,Engagement / category promotion,Email,Seasonal category promotion,2,70
16933,General Customers,1163.724320832288,Medium,0.0,Low,Engagement / category promotion,Email,Seasonal category promotion,2,49
16628,General Customers,1163.621943567416,Medium,0.0,Low,Engagement / category promotion,Email,Seasonal category promotion,2,52
16986,General Customers,1162.5578993666563,Medium,0.0,Low,Engagement / category promotion,Email,Seasonal category promotion,2,35
13652,General Customers,1161.0064560174058,Medium,0.0003293962666347931,Low,Engagement / category promotion,Email,Seasonal category promotion,2,73
16172,General Customers,1160.031581440541,Medium,0.0,Low,Engagement / category promotion,Email,Seasonal category promotion,2,31
14293,General Customers,1158.524910803788,Medium,0.0,Low,Engagement / category promotion,Email,Seasonal category promotion,2,48
16190,General Customers,1157.3072133060825,Medium,0.0,Low,Engagement / category promotion,Email,Seasonal category promotion,2,51
16637,General Customers,1155.6969701488683,Medium,0.10360310589590167,Low,Engagement / category promotion,Email,Seasonal category promotion,2,29
15106,General Customers,1153.630238559434,Medium,0.0016116364349437668,Low,Engagement / category promotion,Email,Seasonal category promotion,2,30
17897,General Customers,1153.3377015369367,Medium,0.0005723032402141879,Low,Engagement / category promotion,Email,Seasonal category promotion,2,27
15312,General Customers,1152.736945281073,Medium,0.0,Low,Engagement / category promotion,Email,Seasonal category promotion,2,32
16042,General Customers,1151.4808894208097,Medium,0.0,Low,Engagement / category promotion,Email,Seasonal category promotion,2,32
13516,General Customers,1148.925720363722,Medium,0.0,Low,Engagement / category promotion,Email,Seasonal category promotion,2,59
17932,General Customers,1147.777800817693,Medium,0.10678097600171597,Low,Engagement / category promotion,Email,Seasonal category promotion,2,36
14770,General Customers,1146.4622565395648,Medium,0.002587821299706133,Low,Engagement / category promotion,Email,Seasonal category promotion,2,31
14631,General Customers,1146.0967867295788,Medium,0.0,Low,Engagement / category promotion,Email,Seasonal category promotion,2,44
12722,General Customers,1144.6744498868686,Medium,0.20112598112463687,Low,Engagement / category promotion,Email,Seasonal category promotion,2,10
15353,General Customers,1144.5458609999994,Medium,0.0003293962666347931,Low,Engagement / category promotion,Email,Seasonal category promotion,2,41
14869,General Customers,1144.493322224693,Medium,0.0003293962666347931,Low,Engagement / category promotion,Email,Seasonal category promotion,2,72
16770,General Customers,1143.3982323367009,Medium,0.0005723032402141879,Low,Engagement / category promotion,Email,Seasonal category promotion,2,28
17835,Noise / Uncategorised,1143.3773012617144,Medium,0.4723147125114749,Medium,Standard newsletter,Email,"General newsletter, no targeted offer",2,4
13110,General Customers,1143.2833790002276,Medium,0.0,Low,Engagement / category promotion,Email,Seasonal category promotion,2,35
13499,General Customers,1141.2993053146615,Medium,7.274682153723928e-05,Low,Engagement / category promotion,Email,Seasonal category promotion,2,30
17368,General Customers,1141.1984576523005,Medium,0.0005269867830001692,Low,Engagement / category promotion,Email,Seasonal category promotion,2,30
12879,Noise / Uncategorised,1141.0353730837294,Medium,0.30889954293639965,Medium,Standard newsletter,Email,"General newsletter, no targeted offer",2,9
16086,General Customers,1139.9203145120189,Medium,0.0,Low,Engagement / category promotion,Email,Seasonal category promotion,2,41
16742,General Customers,1139.3865825948203,Medium,7.274682153723928e-05,Low,Engagement / category promotion,Email,Seasonal category promotion,2,29
13477,General Customers,1138.733094407435,Medium,0.0,Low,Engagement / category promotion,Email,Seasonal category promotion,2,35
13814,General Customers,1135.777818534139,Medium,0.00042013570438835746,Low,Engagement / category promotion,Email,Seasonal category promotion,2,87
14346,General Customers,1134.996258109115,Medium,0.0003293962666347931,Low,Engagement / category promotion,Email,Seasonal category promotion,2,45
13791,Noise / Uncategorised,1133.6149740271383,Medium,0.3775709271425482,Medium,Standard newsletter,Email,"General newsletter, no targeted offer",2,12
14295,General Customers,1132.802134473596,Medium,0.0,Low,Engagement / category promotion,Email,Seasonal category promotion,2,83
17503,General Customers,1129.9263130694937,Medium,0.24180386624986103,Low,Engagement / category promotion,Email,Seasonal category promotion,2,10
12820,General Customers,1129.2473293041764,Medium,0.0,Low,Engagement / category promotion,Email,Seasonal category promotion,2,40
12997,General Customers,1128.0290708552418,Medium,0.0,Low,Engagement / category promotion,Email,Seasonal category promotion,2,44
13813,General Customers,1126.0645909367013,Medium,0.0,Low,Engagement / category promotion,Email,Seasonal category promotion,2,52
15128,General Customers,1124.5360817849821,Medium,0.0,Low,Engagement / category promotion,Email,Seasonal category promotion,2,44
12854,General Customers,1124.527425878724,Medium,0.0003293962666347931,Low,Engagement / category promotion,Email,Seasonal category promotion,2,56
15073,General Customers,1124.2672431930341,Medium,0.0010537216828478962,Low,Engagement / category promotion,Email,Seasonal category promotion,2,50
15826,General Customers,1123.653099815945,Medium,0.0,Low,Engagement / category promotion,Email,Seasonal category promotion,2,77
12826,General Customers,1122.4517692335462,Medium,0.0,Low,Engagement / category promotion,Email,Seasonal category promotion,2,36
16899,General Customers,1120.3688770389094,Medium,0.0010537216828478962,Low,Engagement / category promotion,Email,Seasonal category promotion,2,29
14205,General Customers,1119.3246583176665,Medium,0.0,Low,Engagement / category promotion,Email,Seasonal category promotion,2,42
18179,General Customers,1118.9890969846547,Medium,0.0010537216828478962,Low,Engagement / category promotion,Email,Seasonal category promotion,2,49
17585,General Customers,1118.6274814865317,Medium,0.0008563830496349622,Low,Engagement / category promotion,Email,Seasonal category promotion,2,32
15117,General Customers,1118.060524513384,Medium,0.0,Low,Engagement / category promotion,Email,Seasonal category promotion,2,46
14014,General Customers,1116.8117509458407,Medium,0.0016713180729089774,Low,Engagement / category promotion,Email,Seasonal category promotion,2,100
15227,General Customers,1116.083898840963,Medium,0.0,Low,Engagement / category promotion,Email,Seasonal category promotion,2,40
17594,General Customers,1114.8187409263555,Medium,0.00042013570438835746,Low,Engagement / category promotion,Email,Seasonal category promotion,2,78
14356,Noise / Uncategorised,1114.7173311995095,Medium,0.4067974056796611,Medium,Standard newsletter,Email,"General newsletter, no targeted offer",2,1
13805,Noise / Uncategorised,1113.8146044546843,Medium,0.3531942238860193,Medium,Standard newsletter,Email,"General newsletter, no targeted offer",2,23
15215,General Customers,1113.8083914846,Medium,0.0,Low,Engagement / category promotion,Email,Seasonal category promotion,2,49
16554,General Customers,1112.571125146203,Medium,0.0010537216828478962,Low,Engagement / category promotion,Email,Seasonal category promotion,2,51
13330,General Customers,1111.9629035587661,Medium,0.0,Low,Engagement / category promotion,Email,Seasonal category promotion,2,56
16400,General Customers,1111.561446049127,Medium,0.0,Low,Engagement / category promotion,Email,Seasonal category promotion,2,42
12377,General Customers,1105.4534258528845,Medium,0.0,Low,Engagement / category promotion,Email,Seasonal category promotion,2,41
17951,General Customers,1103.499415124039,Medium,0.0,Low,Engagement / category promotion,Email,Seasonal category promotion,2,55
16718,General Customers,1103.3363093188018,Medium,0.0,Low,Engagement / category promotion,Email,Seasonal category promotion,2,44
16040,General Customers,1102.7170483596456,Medium,0.0,Low,Engagement / category promotion,Email,Seasonal category promotion,2,47
15841,General Customers,1099.9681164399071,Medium,0.0,Low,Engagement / category promotion,Email,Seasonal category promotion,2,44
18239,General Customers,1099.3517788097013,Medium,0.014640845526961137,Low,Engagement / category promotion,Email,Seasonal category promotion,2,20
13485,General Customers,1099.2849928764304,Medium,4.531645721401871e-05,Low,Engagement / category promotion,Email,Seasonal category promotion,2,27
15730,General Customers,1095.7803643193483,Medium,0.0003293962666347931,Low,Engagement / category promotion,Email,Seasonal category promotion,2,44
12739,General Customers,1092.7673596452298,Medium,0.0031252953407050373,Low,Engagement / category promotion,Email,Seasonal category promotion,2,47
17126,General Customers,1092.349717277668,Medium,4.531645721401871e-05,Low,Engagement / category promotion,Email,Seasonal category promotion,2,21
13878,General Customers,1092.1351837066256,Medium,0.0,Low,Engagement / category promotion,Email,Seasonal category promotion,2,82
15434,General Customers,1087.5266024057496,Medium,0.0,Low,Engagement / category promotion,Email,Seasonal category promotion,2,37
16174,General Customers,1087.0217597295423,Medium,7.274682153723928e-05,Low,Engagement / category promotion,Email,Seasonal category promotion,2,41
16520,General Customers,1086.6540567629586,Medium,0.0003293962666347931,Low,Engagement / category promotion,Email,Seasonal category promotion,2,46
16108,General Customers,1085.8726030593364,Medium,0.0,Low,Engagement / category promotion,Email,Seasonal category promotion,2,82
16224,General Customers,1083.1619476210985,Medium,0.0006766875456263289,Low,Engagement / category promotion,Email,Seasonal category promotion,2,40
15747,General Customers,1083.0376498149944,Medium,0.0,Low,Engagement / category promotion,Email,Seasonal category promotion,2,45
14487,General Customers,1080.223277763321,Medium,0.00186349588349303,Low,Engagement / category promotion,Email,Seasonal category promotion,2,30
12576,General Customers,1079.6996662148042,Medium,0.0010537216828478962,Low,Engagement / category promotion,Email,Seasonal category promotion,2,37
17388,General Customers,1079.1865583270655,Medium,7.274682153723928e-05,Low,Engagement / category promotion,Email,Seasonal category promotion,2,36
16041,Noise / Uncategorised,1078.6291795496875,Medium,0.39440942580683214,Medium,Standard newsletter,Email,"General newsletter, no targeted offer",2,22
14332,General Customers,1077.6202359308047,Medium,7.274682153723928e-05,Low,Engagement / category promotion,Email,Seasonal category promotion,2,47
13639,General Customers,1076.6125785659833,Medium,0.00042013570438835746,Low,Engagement / category promotion,Email,Seasonal category promotion,2,109
14669,General Customers,1075.2458182069108,Medium,0.0003293962666347931,Low,Engagement / category promotion,Email,Seasonal category promotion,2,42
13211,General Customers,1074.6032506402648,Medium,0.0,Low,Engagement / category promotion,Email,Seasonal category promotion,2,43
17115,General Customers,1072.6661366917033,Medium,0.0003293962666347931,Low,Engagement / category promotion,Email,Seasonal category promotion,2,62
14948,General Customers,1071.4417315311102,Medium,0.008960243448612699,Low,Engagement / category promotion,Email,Seasonal category promotion,2,20
17138,General Customers,1070.9478503168593,Medium,0.0,Low,Engagement / category promotion,Email,Seasonal category promotion,2,34
14885,General Customers,1070.6658780319322,Medium,0.0,Low,Engagement / category promotion,Email,Seasonal category promotion,2,67
12724,General Customers,1069.9847676771635,Medium,0.0,Low,Engagement / category promotion,Email,Seasonal category promotion,2,45
13884,General Customers,1068.2732687256914,Medium,4.531645721401871e-05,Low,Engagement / category promotion,Email,Seasonal category promotion,2,28
13764,General Customers,1068.1636891749527,Medium,0.0003293962666347931,Low,Engagement / category promotion,Email,Seasonal category promotion,2,57
14075,General Customers,1065.6081999397234,Medium,0.0,Low,Engagement / category promotion,Email,Seasonal category promotion,2,54
12391,General Customers,1062.9168587216936,Medium,0.0003293962666347931,Low,Engagement / category promotion,Email,Seasonal category promotion,2,64
15062,General Customers,1062.3376262002223,Medium,0.0010537216828478962,Low,Engagement / category promotion,Email,Seasonal category promotion,2,40
12374,General Customers,1060.3458380847699,Medium,0.0028577601339490667,Low,Engagement / category promotion,Email,Seasonal category promotion,2,84
17095,General Customers,1057.944044143308,Medium,0.0003293962666347931,Low,Engagement / category promotion,Email,Seasonal category promotion,2,60
13310,General Customers,1055.7413730778362,Medium,0.0,Low,Engagement / category promotion,Email,Seasonal category promotion,2,45
15489,General Customers,1055.6486004891221,Medium,0.0,Low,Engagement / category promotion,Email,Seasonal category promotion,2,50
16639,General Customers,1055.608213460659,Medium,0.0,Low,Engagement / category promotion,Email,Seasonal category promotion,2,57
16987,General Customers,1053.2577484862327,Medium,0.0,Low,Engagement / category promotion,Email,Seasonal category promotion,2,40
15366,General Customers,1052.7037053905394,Medium,0.0,Low,Engagement / category promotion,Email,Seasonal category promotion,2,49
16206,General Customers,1051.6360535157953,Medium,0.0005269867830001692,Low,Engagement / category promotion,Email,Seasonal category promotion,2,29
13473,General Customers,1051.3530590011362,Medium,0.0,Low,Engagement / category promotion,Email,Seasonal category promotion,2,50
14745,General Customers,1050.3625220404665,Medium,4.531645721401871e-05,Low,Engagement / category promotion,Email,Seasonal category promotion,2,26
12372,General Customers,1050.0060554379572,Medium,0.0013782962083657734,Low,Engagement / category promotion,Email,Seasonal category promotion,2,45
13810,General Customers,1049.9592954905313,Medium,0.18677718983443492,Low,Engagement / category promotion,Email,Seasonal category promotion,2,5
16317,General Customers,1049.1683220731484,Medium,0.0003293962666347931,Low,Engagement / category promotion,Email,Seasonal category promotion,2,56
13203,General Customers,1047.5350807116797,Medium,0.0,Low,Engagement / category promotion,Email,Seasonal category promotion,2,43
17235,General Customers,1046.8543362974324,Medium,7.274682153723928e-05,Low,Engagement / category promotion,Email,Seasonal category promotion,2,40
15862,General Customers,1046.2044228938373,Medium,0.0005269867830001692,Low,Engagement / category promotion,Email,Seasonal category promotion,2,33
13055,General Customers,1045.821249598343,Medium,0.0,Low,Engagement / category promotion,Email,Seasonal category promotion,2,53
16348,General Customers,1044.1404724907686,Medium,0.003114808082706302,Low,Engagement / category promotion,Email,Seasonal category promotion,2,30
15745,General Customers,1044.0751835258134,Medium,0.005655415560972041,Low,Engagement / category promotion,Email,Seasonal category promotion,2,33
14541,General Customers,1040.5991855965367,Medium,4.531645721401871e-05,Low,Engagement / category promotion,Email,Seasonal category promotion,2,28
13717,General Customers,1038.9493691541775,Medium,0.0010537216828478962,Low,Engagement / category promotion,Email,Seasonal category promotion,2,34
16049,General Customers,1038.716668216907,Medium,0.0003293962666347931,Low,Engagement / category promotion,Email,Seasonal category promotion,2,48
15414,General Customers,1037.5004022399205,Medium,0.0010171668715873961,Low,Engagement / category promotion,Email,Seasonal category promotion,2,46
17348,General Customers,1033.8011005378594,Medium,0.0,Low,Engagement / category promotion,Email,Seasonal category promotion,2,42
17550,General Customers,1030.4752949756669,Medium,0.0005269867830001692,Low,Engagement / category promotion,Email,Seasonal category promotion,2,31
17905,General Customers,1029.8672837923964,Medium,0.0,Low,Engagement / category promotion,Email,Seasonal category promotion,2,28
15384,General Customers,1024.2097424038848,Medium,0.0,Low,Engagement / category promotion,Email,Seasonal category promotion,2,63
16434,General Customers,1024.1478876757874,Medium,0.0,Low,Engagement / category promotion,Email,Seasonal category promotion,2,33
14127,General Customers,1023.3719322564326,Medium,0.0,Low,Engagement / category promotion,Email,Seasonal category promotion,2,30
16332,General Customers,1022.5219698710192,Medium,0.0005269867830001692,Low,Engagement / category promotion,Email,Seasonal category promotion,2,31
16529,General Customers,1019.1298789803726,Medium,0.0,Low,Engagement / category promotion,Email,Seasonal category promotion,2,51
13173,General Customers,1018.6718068965483,Medium,0.0,Low,Engagement / category promotion,Email,Seasonal category promotion,2,40
13155,General Customers,1014.2327325637815,Medium,0.0,Low,Engagement / category promotion,Email,Seasonal category promotion,2,46
17289,General Customers,1012.7400805213547,Medium,0.0,Low,Engagement / category promotion,Email,Seasonal category promotion,2,41
17043,General Customers,1010.8378257700736,Medium,0.0010537216828478962,Low,Engagement / category promotion,Email,Seasonal category promotion,2,52
17175,General Customers,1010.3691360701704,Medium,0.0025749015913653327,Low,Engagement / category promotion,Email,Seasonal category promotion,2,38
17623,General Customers,1008.2696528233329,Medium,0.0003293962666347931,Low,Engagement / category promotion,Email,Seasonal category promotion,2,59
13989,General Customers,1008.1088001171318,Medium,0.0,Low,Engagement / category promotion,Email,Seasonal category promotion,2,60
12701,General Customers,1006.6549376689402,Medium,0.0003293962666347931,Low,Engagement / category promotion,Email,Seasonal category promotion,2,55
12716,Noise / Uncategorised,1006.1135759946263,Medium,0.3733903229883106,Medium,Standard newsletter,Email,"General newsletter, no targeted offer",2,39
13888,General Customers,1005.3052572026994,Medium,0.0003293962666347931,Low,Engagement / category promotion,Email,Seasonal category promotion,2,39
13627,General Customers,1005.244275662872,Medium,0.0003293962666347931,Low,Engagement / category promotion,Email,Seasonal category promotion,2,50
13253,General Customers,1004.6671362720394,Medium,0.00042013570438835746,Low,Engagement / category promotion,Email,Seasonal category promotion,2,82
14428,General Customers,1002.3686387805568,Medium,0.0006766875456263289,Low,Engagement / category promotion,Email,Seasonal category promotion,2,38
14829,General Customers,1000.6884929392196,Medium,0.0,Low,Engagement / category promotion,Email,Seasonal category promotion,2,35
12868,General Customers,1000.3876200424726,Medium,0.03366264139913362,Low,Engagement / category promotion,Email,Seasonal category promotion,2,16
12458,General Customers,999.9418349569046,Medium,0.0,Low,Engagement / category promotion,Email,Seasonal category promotion,2,62
13500,General Customers,998.4177694361462,Medium,0.0,Low,Engagement / category promotion,Email,Seasonal category promotion,2,57
14790,General Customers,998.3273813255029,Medium,0.0,Low,Engagement / category promotion,Email,Seasonal category promotion,2,43
16470,General Customers,996.4554683093722,Medium,0.0,Low,Engagement / category promotion,Email,Seasonal category promotion,2,37
17135,General Customers,995.4329497889296,Medium,0.0,Low,Engagement / category promotion,Email,Seasonal category promotion,2,34
15530,General Customers,994.7656873095782,Medium,0.0003293962666347931,Low,Engagement / category promotion,Email,Seasonal category promotion,2,59
17159,General Customers,994.3795618335096,Medium,0.0003293962666347931,Low,Engagement / category promotion,Email,Seasonal category promotion,2,75
15996,General Customers,994.3383530238107,Medium,0.003109974682644436,Low,Engagement / category promotion,Email,Seasonal category promotion,2,26
18171,General Customers,993.0359269327879,Medium,0.0,Low,Engagement / category promotion,Email,Seasonal category promotion,2,43
12924,General Customers,992.3443881822436,Medium,0.0,Low,Engagement / category promotion,Email,Seasonal category promotion,2,32
12947,General Customers,992.0544408283486,Medium,0.01364697466169397,Low,Engagement / category promotion,Email,Seasonal category promotion,2,23
15533,General Customers,991.9273707346667,Medium,0.18925666722271228,Low,Engagement / category promotion,Email,Seasonal category promotion,2,14
17324,General Customers,991.4350098586451,Medium,0.0,Low,Engagement / category promotion,Email,Seasonal category promotion,2,35
15081,General Customers,990.7069189869687,Medium,4.531645721401871e-05,Low,Engagement / category promotion,Email,Seasonal category promotion,2,26
16036,General Customers,986.9502939602731,Medium,0.0,Low,Engagement / category promotion,Email,Seasonal category promotion,2,80
14431,General Customers,985.729148227831,Medium,0.00042013570438835746,Low,Engagement / category promotion,Email,Seasonal category promotion,2,58
15145,General Customers,985.6271117369806,Medium,0.0017320282833573426,Low,Engagement / category promotion,Email,Seasonal category promotion,2,37
13158,General Customers,984.7461782492998,Medium,0.0,Low,Engagement / category promotion,Email,Seasonal category promotion,2,35
17302,General Customers,984.4727791878265,Medium,0.004724288146398786,Low,Engagement / category promotion,Email,Seasonal category promotion,2,35
13725,General Customers,983.7381570353369,Medium,0.013278496795207732,Low,Engagement / category promotion,Email,Seasonal category promotion,2,19
14684,General Customers,982.8022646319059,Medium,0.0003293962666347931,Low,Engagement / category promotion,Email,Seasonal category promotion,2,36
12948,General Customers,982.0235777092032,Medium,0.0,Low,Engagement / category promotion,Email,Seasonal category promotion,2,48
13049,General Customers,981.9897963089626,Medium,7.274682153723928e-05,Low,Engagement / category promotion,Email,Seasonal category promotion,2,50
12599,General Customers,979.6894969588193,Medium,0.000118063278751258,Low,Engagement / category promotion,Email,Seasonal category promotion,2,25
16177,General Customers,979.0543109782873,Medium,0.0,Low,Engagement / category promotion,Email,Seasonal category promotion,2,45
15860,General Customers,978.9167058437943,Medium,4.531645721401871e-05,Low,Engagement / category promotion,Email,Seasonal category promotion,2,24
16880,General Customers,978.4207019707067,Medium,0.0010537216828478962,Low,Engagement / category promotion,Email,Seasonal category promotion,2,35
13655,General Customers,977.8350332100625,Medium,0.0003293962666347931,Low,Engagement / category promotion,Email,Seasonal category promotion,2,48
16085,General Customers,976.1534823309735,Medium,0.0005269867830001692,Low,Engagement / category promotion,Email,Seasonal category promotion,2,33
17180,General Customers,973.635901689317,Medium,0.0005269867830001692,Low,Engagement / category promotion,Email,Seasonal category promotion,2,34
15549,General Customers,972.706371601789,Medium,0.0010537216828478962,Low,Engagement / category promotion,Email,Seasonal category promotion,2,46
16807,General Customers,971.6460143454935,Medium,0.0003293962666347931,Low,Engagement / category promotion,Email,Seasonal category promotion,2,48
14389,General Customers,970.6918250121438,Medium,0.0,Low,Engagement / category promotion,Email,Seasonal category promotion,2,63
13662,General Customers,970.5482891755851,Medium,0.0,Low,Engagement / category promotion,Email,Seasonal category promotion,2,31
14573,General Customers,968.2525660998034,Medium,4.531645721401871e-05,Low,Engagement / category promotion,Email,Seasonal category promotion,2,24
16698,Noise / Uncategorised,968.1549796026278,Medium,0.29943472740822363,Medium,Standard newsletter,Email,"General newsletter, no targeted offer",2,8
16205,General Customers,965.979308246975,Medium,0.0003293962666347931,Low,Engagement / category promotion,Email,Seasonal category promotion,2,44
15679,General Customers,965.5623757499335,Medium,0.1304858519184894,Low,Engagement / category promotion,Email,Seasonal category promotion,2,24
13282,General Customers,960.027940490828,Medium,0.0,Low,Engagement / category promotion,Email,Seasonal category promotion,2,58
13016,General Customers,959.8828352668222,Medium,0.21669914355668088,Low,Engagement / category promotion,Email,Seasonal category promotion,2,10
14447,General Customers,957.8342674230126,Medium,0.0,Low,Engagement / category promotion,Email,Seasonal category promotion,2,38
14236,General Customers,956.8205334389345,Medium,7.274682153723928e-05,Low,Engagement / category promotion,Email,Seasonal category promotion,2,51
14555,General Customers,954.5179401042649,Medium,0.0,Low,Engagement / category promotion,Email,Seasonal category promotion,2,66
13705,General Customers,953.8199001060729,Medium,0.0,Low,Engagement / category promotion,Email,Seasonal category promotion,2,53
14912,General Customers,952.1756544748408,Medium,0.0,Low,Engagement / category promotion,Email,Seasonal category promotion,2,66
14592,General Customers,951.0259128093791,Medium,0.15325272760941047,Low,Engagement / category promotion,Email,Seasonal category promotion,2,6
12418,General Customers,950.0166750603025,Medium,0.0,Low,Engagement / category promotion,Email,Seasonal category promotion,2,78
15074,General Customers,949.1599918029818,Medium,0.0,Low,Engagement / category promotion,Email,Seasonal category promotion,2,72
16054,General Customers,947.325160716325,Medium,0.0003293962666347931,Low,Engagement / category promotion,Email,Seasonal category promotion,2,71
16934,General Customers,947.2511125606468,Medium,0.0003293962666347931,Low,Engagement / category promotion,Email,Seasonal category promotion,2,57
14595,General Customers,946.2356071131636,Medium,0.0010537216828478962,Low,Engagement / category promotion,Email,Seasonal category promotion,2,50
15407,General Customers,945.3019355286123,Medium,0.0006766875456263289,Low,Engagement / category promotion,Email,Seasonal category promotion,2,41
15253,General Customers,944.92298657664,Medium,0.0010537216828478962,Low,Engagement / category promotion,Email,Seasonal category promotion,2,43
15478,General Customers,944.5708983636614,Medium,0.00042013570438835746,Low,Engagement / category promotion,Email,Seasonal category promotion,2,107
13591,General Customers,944.2566011485729,Medium,0.0,Low,Engagement / category promotion,Email,Seasonal category promotion,2,57
12649,General Customers,943.974884850771,Medium,0.0,Low,Engagement / category promotion,Email,Seasonal category promotion,2,44
15623,General Customers,943.16935762891,Medium,0.0,Low,Engagement / category promotion,Email,Seasonal category promotion,2,44
16104,General Customers,942.9508801807174,Medium,0.0,Low,Engagement / category promotion,Email,Seasonal category promotion,2,45
13476,General Customers,942.6244119029286,Medium,0.0,Low,Engagement / category promotion,Email,Seasonal category promotion,2,56
14481,General Customers,942.0045766123322,Medium,0.0003293962666347931,Low,Engagement / category promotion,Email,Seasonal category promotion,2,61
17047,General Customers,940.9522617191669,Medium,0.0003293962666347931,Low,Engagement / category promotion,Email,Seasonal category promotion,2,65
14623,General Customers,937.462028463311,Medium,0.0005269867830001692,Low,Engagement / category promotion,Email,Seasonal category promotion,2,34
16907,General Customers,937.0179902842688,Medium,0.0,Low,Engagement / category promotion,Email,Seasonal category promotion,2,33
13280,General Customers,935.4168210866112,Medium,0.0003293962666347931,Low,Engagement / category promotion,Email,Seasonal category promotion,2,45
14006,General Customers,935.0188556862709,Medium,0.0,Low,Engagement / category promotion,Email,Seasonal category promotion,2,46
17800,General Customers,934.9408849946813,Medium,0.003674991916386,Low,Engagement / category promotion,Email,Seasonal category promotion,2,20
16825,General Customers,934.5923339768464,Medium,0.0,Low,Engagement / category promotion,Email,Seasonal category promotion,2,59
13748,General Customers,934.5592993506585,Medium,7.274682153723928e-05,Low,Engagement / category promotion,Email,Seasonal category promotion,2,43
18096,General Customers,929.5397412741439,Medium,0.0003293962666347931,Low,Engagement / category promotion,Email,Seasonal category promotion,2,50
13192,General Customers,926.7946402840498,Medium,0.0003293962666347931,Low,Engagement / category promotion,Email,Seasonal category promotion,2,59
15990,General Customers,926.6246875267807,Medium,0.0003293962666347931,Low,Engagement / category promotion,Email,Seasonal category promotion,2,52
17075,General Customers,926.0533350707414,Medium,0.0,Low,Engagement / category promotion,Email,Seasonal category promotion,2,42
15364,General Customers,925.8433870222092,Medium,0.2078917479863837,Low,Engagement / category promotion,Email,Seasonal category promotion,2,47
17029,General Customers,923.5930615337758,Medium,7.274682153723928e-05,Low,Engagement / category promotion,Email,Seasonal category promotion,2,47
12383,General Customers,922.386817088983,Medium,0.1489895382941289,Low,Engagement / category promotion,Email,Seasonal category promotion,2,20
14467,General Customers,921.5492583905358,Medium,0.0,Low,Engagement / category promotion,Email,Seasonal category promotion,2,36
16235,General Customers,918.9129871956325,Medium,0.0,Low,Engagement / category promotion,Email,Seasonal category promotion,2,29
13165,General Customers,918.1378357629599,Medium,0.0,Low,Engagement / category promotion,Email,Seasonal category promotion,2,73
13138,General Customers,917.7929404885708,Medium,7.274682153723928e-05,Low,Engagement / category promotion,Email,Seasonal category promotion,2,32
14657,General Customers,917.1941101169948,Medium,0.0003293962666347931,Low,Engagement / category promotion,Email,Seasonal category promotion,2,42
15550,General Customers,915.5902268356742,Medium,0.0,Low,Engagement / category promotion,Email,Seasonal category promotion,2,37
17787,General Customers,914.6725538149695,Medium,0.0,Low,Engagement / category promotion,Email,Seasonal category promotion,2,33
15762,General Customers,913.5990985894592,Medium,0.2471676138792813,Low,Engagement / category promotion,Email,Seasonal category promotion,2,4
16681,General Customers,913.137757047958,Medium,7.274682153723928e-05,Low,Engagement / category promotion,Email,Seasonal category promotion,2,49
14276,General Customers,912.8848752937112,Medium,0.0,Low,Engagement / category promotion,Email,Seasonal category promotion,2,48
17158,General Customers,912.5014683911602,Medium,0.0,Low,Engagement / category promotion,Email,Seasonal category promotion,2,73
16105,General Customers,909.6705179189381,Medium,0.0,Low,Engagement / category promotion,Email,Seasonal category promotion,2,43
15608,General Customers,908.7395327966494,Medium,0.0,Low,Engagement / category promotion,Email,Seasonal category promotion,2,46
14301,General Customers,908.0681235324258,Medium,0.0,Low,Engagement / category promotion,Email,Seasonal category promotion,2,82
17796,General Customers,907.5775826062792,Medium,0.0023904826664931994,Low,Engagement / category promotion,Email,Seasonal category promotion,2,33
13363,General Customers,905.7602034369457,Medium,0.0016713180729089774,Low,Engagement / category promotion,Email,Seasonal category promotion,2,78
17571,General Customers,896.6514938932735,Medium,0.0006766875456263289,Low,Engagement / category promotion,Email,Seasonal category promotion,2,59
17460,General Customers,893.0658145961577,Medium,0.0011905215018014766,Low,Engagement / category promotion,Email,Seasonal category promotion,2,22
16551,General Customers,892.5717820130676,Medium,0.0,Low,Engagement / category promotion,Email,Seasonal category promotion,2,54
17527,General Customers,892.3080387159245,Medium,0.22415346925140828,Low,Engagement / category promotion,Email,Seasonal category promotion,2,25
15658,General Customers,892.2342587051346,Medium,0.0,Low,Engagement / category promotion,Email,Seasonal category promotion,2,41
15652,General Customers,892.1099649185854,Medium,0.0003472912789915358,Low,Engagement / category promotion,Email,Seasonal category promotion,2,47
12399,General Customers,888.2181868644165,Medium,0.0,Low,Engagement / category promotion,Email,Seasonal category promotion,2,45
16163,General Customers,887.9721726021028,Medium,0.0,Low,Engagement / category promotion,Email,Seasonal category promotion,2,50
14548,General Customers,887.4934456548953,Medium,0.0,Low,Engagement / category promotion,Email,Seasonal category promotion,2,39
14644,General Customers,887.3206268937703,Medium,0.0,Low,Engagement / category promotion,Email,Seasonal category promotion,2,57
16175,General Customers,887.2416775212508,Medium,0.0,Low,Engagement / category promotion,Email,Seasonal category promotion,2,40
17048,General Customers,886.1322028707863,Medium,0.0,Low,Engagement / category promotion,Email,Seasonal category promotion,2,49
14815,General Customers,885.8176288351874,Medium,0.18949781468827753,Low,Engagement / category promotion,Email,Seasonal category promotion,2,9
14403,General Customers,881.7128196245856,Medium,7.274682153723928e-05,Low,Engagement / category promotion,Email,Seasonal category promotion,2,51
16043,General Customers,880.5102088305023,Medium,0.0,Low,Engagement / category promotion,Email,Seasonal category promotion,2,33
16493,General Customers,880.0939269065705,Medium,0.0,Low,Engagement / category promotion,Email,Seasonal category promotion,2,47
16147,General Customers,878.5439501200354,Medium,0.0003293962666347931,Low,Engagement / category promotion,Email,Seasonal category promotion,2,65
15795,General Customers,877.6439544297436,Medium,0.0010537216828478962,Low,Engagement / category promotion,Email,Seasonal category promotion,2,40
14859,General Customers,877.0120581901344,Medium,0.0,Low,Engagement / category promotion,Email,Seasonal category promotion,2,65
17046,General Customers,875.8676812599713,Medium,0.0,Low,Engagement / category promotion,Email,Seasonal category promotion,2,56
17505,General Customers,872.2591873093103,Medium,0.0,Low,Engagement / category promotion,Email,Seasonal category promotion,2,53
17033,General Customers,872.2060780026234,Medium,7.274682153723928e-05,Low,Engagement / category promotion,Email,Seasonal category promotion,2,47
14967,General Customers,871.7437388594408,Medium,0.0,Low,Engagement / category promotion,Email,Seasonal category promotion,2,69
15551,General Customers,871.1761551321708,Medium,0.0003293962666347931,Low,Engagement / category promotion,Email,Seasonal category promotion,2,44
13761,General Customers,870.8604802443903,Medium,0.0003293962666347931,Low,Engagement / category promotion,Email,Seasonal category promotion,2,61
14152,General Customers,869.1363031419462,Medium,0.0003293962666347931,Low,Engagement / category promotion,Email,Seasonal category promotion,2,50
16851,Noise / Uncategorised,868.7351093402619,Medium,0.41855484701432777,Medium,Standard newsletter,Email,"General newsletter, no targeted offer",2,9
13730,General Customers,867.7135940484641,Medium,0.2326472675193516,Low,Engagement / category promotion,Email,Seasonal category promotion,2,8
12802,General Customers,867.1529007631453,Medium,0.0003293962666347931,Low,Engagement / category promotion,Email,Seasonal category promotion,2,32
15777,General Customers,866.6665138714147,Medium,7.274682153723928e-05,Low,Engagement / category promotion,Email,Seasonal category promotion,2,28
14472,General Customers,866.0231440165912,Medium,0.0,Low,Engagement / category promotion,Email,Seasonal category promotion,2,39
14223,General Customers,865.0715037212942,Medium,0.1961116103484361,Low,Engagement / category promotion,Email,Seasonal category promotion,2,34
15574,General Customers,864.3928310050104,Medium,0.0023904826664931994,Low,Engagement / category promotion,Email,Seasonal category promotion,2,29
14419,General Customers,864.1752531047354,Medium,0.00186349588349303,Low,Engagement / category promotion,Email,Seasonal category promotion,2,32
18016,General Customers,863.567873340406,Medium,0.0003293962666347931,Low,Engagement / category promotion,Email,Seasonal category promotion,2,56
13636,General Customers,862.3531280768187,Medium,0.0016446014390566633,Low,Engagement / category promotion,Email,Seasonal category promotion,2,30
12967,Noise / Uncategorised,861.8142946671146,Medium,0.3040061716887115,Medium,Standard newsletter,Email,"General newsletter, no targeted offer",2,5
15164,General Customers,861.6704061674967,Medium,0.0,Low,Engagement / category promotion,Email,Seasonal category promotion,2,41
16823,General Customers,861.6273784323055,Medium,0.0003293962666347931,Low,Engagement / category promotion,Email,Seasonal category promotion,2,44
15376,General Customers,861.3577236413342,Medium,0.1288276409628731,Low,Engagement / category promotion,Email,Seasonal category promotion,2,36
14177,General Customers,859.0381299138348,Medium,4.531645721401871e-05,Low,Engagement / category promotion,Email,Seasonal category promotion,2,26
13338,General Customers,858.7919684116403,Medium,0.0,Low,Engagement / category promotion,Email,Seasonal category promotion,2,82
16660,General Customers,858.4828866837356,Medium,0.0,Low,Engagement / category promotion,Email,Seasonal category promotion,2,58
16275,General Customers,858.3445570421501,Medium,0.0012511823685206203,Low,Engagement / category promotion,Email,Seasonal category promotion,2,89
13786,General Customers,858.1585628553698,Medium,0.0,Low,Engagement / category promotion,Email,Seasonal category promotion,2,37
14553,General Customers,857.4580656344858,Medium,0.0005269867830001692,Low,Engagement / category promotion,Email,Seasonal category promotion,2,33
12494,General Customers,857.159119823619,Medium,0.0,Low,Engagement / category promotion,Email,Seasonal category promotion,2,37
18177,General Customers,857.0345859675367,Medium,0.0,Low,Engagement / category promotion,Email,Seasonal category promotion,2,46
12623,General Customers,856.7233317167892,Medium,0.0003293962666347931,Low,Engagement / category promotion,Email,Seasonal category promotion,2,36
15605,General Customers,855.5124960625787,Medium,0.0,Low,Engagement / category promotion,Email,Seasonal category promotion,2,44
13208,General Customers,855.3984770643845,Medium,0.0,Low,Engagement / category promotion,Email,Seasonal category promotion,2,45
16859,General Customers,854.3252096612504,Medium,0.0,Low,Engagement / category promotion,Email,Seasonal category promotion,2,43
15339,General Customers,853.9991788860482,Medium,0.0003293962666347931,Low,Engagement / category promotion,Email,Seasonal category promotion,2,52
18221,General Customers,853.8977052161968,Medium,0.0,Low,Engagement / category promotion,Email,Seasonal category promotion,2,37
15252,General Customers,853.8845482743315,Medium,0.0003293962666347931,Low,Engagement / category promotion,Email,Seasonal category promotion,2,69
14723,General Customers,853.0300086551725,Medium,0.0,Low,Engagement / category promotion,Email,Seasonal category promotion,2,40
14245,Noise / Uncategorised,852.7957038956646,Medium,0.2980668871567266,Medium,Standard newsletter,Email,"General newsletter, no targeted offer",2,13
14651,General Customers,852.1686710438737,Medium,0.0,Low,Engagement / category promotion,Email,Seasonal category promotion,2,38
15976,General Customers,851.9332485792535,Medium,0.0003293962666347931,Low,Engagement / category promotion,Email,Seasonal category promotion,2,38
12827,Noise / Uncategorised,850.0769384295431,Medium,0.4417097009046227,Medium,Standard newsletter,Email,"General newsletter, no targeted offer",2,8
15737,General Customers,848.9129079206679,Medium,0.01232328778728206,Low,Engagement / category promotion,Email,Seasonal category promotion,2,17
17244,General Customers,848.2936225981706,Medium,0.0003293962666347931,Low,Engagement / category promotion,Email,Seasonal category promotion,2,82
12982,General Customers,848.236688074458,Medium,0.002633137756920152,Low,Engagement / category promotion,Email,Seasonal category promotion,2,27
17236,General Customers,847.9322804671928,Medium,0.0,Low,Engagement / category promotion,Email,Seasonal category promotion,2,31
13623,General Customers,847.164272369999,Medium,0.0,Low,Engagement / category promotion,Email,Seasonal category promotion,2,42
15192,General Customers,847.1486555589233,Medium,0.0,Low,Engagement / category promotion,Email,Seasonal category promotion,2,67
15201,General Customers,846.7118003710522,Medium,7.274682153723928e-05,Low,Engagement / category promotion,Email,Seasonal category promotion,2,45
14000,General Customers,845.6532964184969,Medium,0.0,Low,Engagement / category promotion,Email,Seasonal category promotion,2,63
14704,General Customers,845.3630177323627,Medium,0.0005269867830001692,Low,Engagement / category promotion,Email,Seasonal category promotion,2,33
17227,General Customers,844.4735009354287,Medium,0.0,Low,Engagement / category promotion,Email,Seasonal category promotion,2,34
16842,General Customers,842.6726099665173,Medium,0.0013782962083657734,Low,Engagement / category promotion,Email,Seasonal category promotion,2,40
18009,General Customers,842.4396074732143,Medium,0.003114808082706302,Low,Engagement / category promotion,Email,Seasonal category promotion,2,31
14224,General Customers,841.1963746469576,Medium,0.0005269867830001692,Low,Engagement / category promotion,Email,Seasonal category promotion,2,29
13308,General Customers,840.0300900417994,Medium,0.0,Low,Engagement / category promotion,Email,Seasonal category promotion,2,86
17515,General Customers,838.8547268536106,Medium,0.0,Low,Engagement / category promotion,Email,Seasonal category promotion,2,35
17994,General Customers,838.3245226302622,Medium,0.0005723032402141879,Low,Engagement / category promotion,Email,Seasonal category promotion,2,27
18022,General Customers,837.016294932937,Medium,0.0006766875456263289,Low,Engagement / category promotion,Email,Seasonal category promotion,2,61
12586,General Customers,835.81030397227,Medium,0.0,Low,Engagement / category promotion,Email,Seasonal category promotion,2,106
12541,General Customers,834.268383594301,Medium,7.274682153723928e-05,Low,Engagement / category promotion,Email,Seasonal category promotion,2,50
15028,General Customers,834.1496902251419,Medium,0.0,Low,Engagement / category promotion,Email,Seasonal category promotion,2,38
15197,General Customers,832.8431312999539,Medium,0.0,Low,Engagement / category promotion,Email,Seasonal category promotion,2,72
18236,General Customers,831.0670719014419,Medium,0.0,Low,Engagement / category promotion,Email,Seasonal category promotion,2,29
13085,General Customers,830.8637654347749,Medium,7.274682153723928e-05,Low,Engagement / category promotion,Email,Seasonal category promotion,2,44
15449,General Customers,830.2648057765699,Medium,7.274682153723928e-05,Low,Engagement / category promotion,Email,Seasonal category promotion,2,47
17041,General Customers,828.678366626198,Medium,0.0,Low,Engagement / category promotion,Email,Seasonal category promotion,2,57
12873,General Customers,827.2946048295152,Medium,0.00042013570438835746,Low,Engagement / category promotion,Email,Seasonal category promotion,2,80
12379,General Customers,827.2747637240692,Medium,0.0,Low,Engagement / category promotion,Email,Seasonal category promotion,2,68
17351,General Customers,827.0715650213623,Medium,7.274682153723928e-05,Low,Engagement / category promotion,Email,Seasonal category promotion,2,35
13643,General Customers,826.6386107684658,Medium,0.0,Low,Engagement / category promotion,Email,Seasonal category promotion,2,42
16600,General Customers,826.1206103183669,Medium,0.0,Low,Engagement / category promotion,Email,Seasonal category promotion,2,33
17560,General Customers,824.2749002063176,Medium,7.274682153723928e-05,Low,Engagement / category promotion,Email,Seasonal category promotion,2,42
17797,General Customers,824.1934454847237,Medium,0.0010537216828478962,Low,Engagement / category promotion,Email,Seasonal category promotion,2,53
13889,General Customers,823.6680331339039,Medium,0.0,Low,Engagement / category promotion,Email,Seasonal category promotion,2,59
14628,General Customers,822.8316754897792,Medium,0.0,Low,Engagement / category promotion,Email,Seasonal category promotion,2,71
12822,General Customers,822.1886526737308,Medium,0.2283364452685887,Low,Engagement / category promotion,Email,Seasonal category promotion,2,5
15885,General Customers,821.6040519062968,Medium,4.531645721401871e-05,Low,Engagement / category promotion,Email,Seasonal category promotion,2,24
16121,General Customers,821.075309798533,Medium,0.0006766875456263289,Low,Engagement / category promotion,Email,Seasonal category promotion,2,61
13168,General Customers,820.2797045068677,Medium,0.0003293962666347931,Low,Engagement / category promotion,Email,Seasonal category promotion,2,61
15110,General Customers,818.3152649663526,Medium,7.274682153723928e-05,Low,Engagement / category promotion,Email,Seasonal category promotion,2,46
17058,General Customers,818.3058191843373,Medium,0.15333319062025025,Low,Engagement / category promotion,Email,Seasonal category promotion,2,32
15133,General Customers,818.0521376273421,Medium,7.274682153723928e-05,Low,Engagement / category promotion,Email,Seasonal category promotion,2,47
14710,General Customers,817.4271132991308,Medium,0.0005269867830001692,Low,Engagement / category promotion,Email,Seasonal category promotion,2,33
16916,General Customers,816.8831398074725,Medium,0.0006766875456263289,Low,Engagement / category promotion,Email,Seasonal category promotion,2,59
15272,General Customers,816.7571518442644,Medium,0.0003293962666347931,Low,Engagement / category promotion,Email,Seasonal category promotion,2,60
17886,General Customers,816.4344194441285,Medium,0.0003293962666347931,Low,Engagement / category promotion,Email,Seasonal category promotion,2,56
13064,General Customers,815.6526631578008,Medium,0.0,Low,Engagement / category promotion,Email,Seasonal category promotion,2,58
15678,General Customers,814.5729461672145,Medium,0.0016713180729089774,Low,Engagement / category promotion,Email,Seasonal category promotion,2,94
13276,General Customers,814.4827125473919,Medium,0.0003293962666347931,Low,Engagement / category promotion,Email,Seasonal category promotion,2,69
17609,General Customers,812.2351048323935,Medium,0.0005269867830001692,Low,Engagement / category promotion,Email,Seasonal category promotion,2,31
14988,General Customers,810.7442444032737,Medium,0.0008563830496349622,Low,Engagement / category promotion,Email,Seasonal category promotion,2,33
16636,General Customers,810.281926462621,Medium,0.00042013570438835746,Low,Engagement / category promotion,Email,Seasonal category promotion,2,31
16650,General Customers,809.4661835858948,Medium,0.0,Low,Engagement / category promotion,Email,Seasonal category promotion,2,38
17742,General Customers,809.3976195583965,Medium,7.274682153723928e-05,Low,Engagement / category promotion,Email,Seasonal category promotion,2,34
15561,General Customers,809.0576660976078,Medium,0.0,Low,Engagement / category promotion,Email,Seasonal category promotion,2,49
16491,General Customers,807.3359577336108,Medium,0.0,Low,Engagement / category promotion,Email,Seasonal category promotion,2,110
13610,General Customers,806.3881617346598,Medium,0.0005269867830001692,Low,Engagement / category promotion,Email,Seasonal category promotion,2,30
13092,General Customers,806.2138325320619,Medium,7.274682153723928e-05,Low,Engagement / category promotion,Email,Seasonal category promotion,2,30
15030,General Customers,804.0828199157341,Medium,7.274682153723928e-05,Low,Engagement / category promotion,Email,Seasonal category promotion,2,43
16398,Noise / Uncategorised,803.9502011683308,Medium,0.39801525643392877,Medium,Standard newsletter,Email,"General newsletter, no targeted offer",2,30
15754,General Customers,803.7468418692338,Medium,0.0,Low,Engagement / category promotion,Email,Seasonal category promotion,2,40
12475,General Customers,803.5714153378183,Medium,0.00042013570438835746,Low,Engagement / category promotion,Email,Seasonal category promotion,2,107
15071,General Customers,802.0983005019399,Medium,0.0,Low,Engagement / category promotion,Email,Seasonal category promotion,2,71
16336,General Customers,800.6243041690379,Medium,0.00042013570438835746,Low,Engagement / category promotion,Email,Seasonal category promotion,2,32
12936,General Customers,799.9572696751077,Medium,0.1656611578182734,Low,Engagement / category promotion,Email,Seasonal category promotion,2,9
18215,General Customers,799.5260486635286,Medium,0.0,Low,Engagement / category promotion,Email,Seasonal category promotion,2,64
13375,General Customers,798.6525347226628,Medium,0.00042013570438835746,Low,Engagement / category promotion,Email,Seasonal category promotion,2,107
16485,General Customers,798.1221769229471,Medium,0.0003293962666347931,Low,Engagement / category promotion,Email,Seasonal category promotion,2,79
15614,General Customers,797.0804996931745,Medium,0.11798404161109984,Low,Engagement / category promotion,Email,Seasonal category promotion,2,28
13819,General Customers,796.3702910926536,Medium,7.274682153723928e-05,Low,Engagement / category promotion,Email,Seasonal category promotion,2,44
13984,General Customers,796.3487095098375,Medium,0.0023087664179430117,Low,Engagement / category promotion,Email,Seasonal category promotion,2,35
13035,General Customers,794.4537090288749,Medium,0.0,Low,Engagement / category promotion,Email,Seasonal category promotion,2,71
12425,General Customers,793.5271229082741,Medium,0.0,Low,Engagement / category promotion,Email,Seasonal category promotion,2,111
13696,General Customers,792.912153998573,Medium,0.0004928825259255967,Low,Engagement / category promotion,Email,Seasonal category promotion,2,49
17521,General Customers,792.8350611208476,Medium,0.0,Low,Engagement / category promotion,Email,Seasonal category promotion,2,48
16188,General Customers,791.4076565565559,Medium,0.0,Low,Engagement / category promotion,Email,Seasonal category promotion,2,44
14193,General Customers,791.3524123892258,Medium,0.0,Low,Engagement / category promotion,Email,Seasonal category promotion,2,66
16214,General Customers,789.5844202601428,Medium,0.0,Low,Engagement / category promotion,Email,Seasonal category promotion,2,40
14240,General Customers,788.569646101497,Medium,0.0,Low,Engagement / category promotion,Email,Seasonal category promotion,2,79
13389,General Customers,787.4370901310535,Medium,0.002178532653048568,Low,Engagement / category promotion,Email,Seasonal category promotion,2,44
16960,General Customers,787.2810748482763,Medium,0.0010537216828478962,Low,Engagement / category promotion,Email,Seasonal category promotion,2,46
15677,General Customers,787.2796122761408,Medium,0.0,Low,Engagement / category promotion,Email,Seasonal category promotion,2,83
16134,General Customers,786.7470003292929,Medium,0.0,Low,Engagement / category promotion,Email,Seasonal category promotion,2,62
16809,General Customers,786.5952332241009,Medium,0.0,Low,Engagement / category promotion,Email,Seasonal category promotion,2,39
17350,General Customers,786.0990067940129,Medium,0.0003293962666347931,Low,Engagement / category promotion,Email,Seasonal category promotion,2,57
12507,General Customers,784.9114978011717,Medium,0.0,Low,Engagement / category promotion,Email,Seasonal category promotion,2,68
14920,General Customers,783.9108907313937,Medium,0.001598473647512156,Low,Engagement / category promotion,Email,Seasonal category promotion,2,70
17259,General Customers,783.7739977047777,Medium,0.0003293962666347931,Low,Engagement / category promotion,Email,Seasonal category promotion,2,51
12691,General Customers,782.5108398095423,Medium,7.274682153723928e-05,Low,Engagement / category promotion,Email,Seasonal category promotion,2,34
13240,General Customers,780.303477446387,Medium,0.0010537216828478962,Low,Engagement / category promotion,Email,Seasonal category promotion,2,42
16788,General Customers,777.8620198196526,Medium,0.0003293962666347931,Low,Engagement / category promotion,Email,Seasonal category promotion,2,66
15132,General Customers,777.414735995659,Medium,0.0017173482605939024,Low,Engagement / category promotion,Email,Seasonal category promotion,2,29
13663,General Customers,776.3417809299267,Medium,0.0,Low,Engagement / category promotion,Email,Seasonal category promotion,2,56
15101,General Customers,776.3040511253556,Medium,0.0,Low,Engagement / category promotion,Email,Seasonal category promotion,2,58
17064,General Customers,775.5359853535545,Medium,0.0,Low,Engagement / category promotion,Email,Seasonal category promotion,2,54
17360,General Customers,775.2093676892518,Medium,0.0003293962666347931,Low,Engagement / category promotion,Email,Seasonal category promotion,2,42
16882,General Customers,774.480616580564,Medium,0.0010171668715873961,Low,Engagement / category promotion,Email,Seasonal category promotion,2,50
15807,General Customers,774.059800511756,Medium,0.0,Low,Engagement / category promotion,Email,Seasonal category promotion,2,74
13402,General Customers,773.2863858067748,Medium,0.0,Low,Engagement / category promotion,Email,Seasonal category promotion,2,66
14550,General Customers,773.076850779956,Medium,0.0,Low,Engagement / category promotion,Email,Seasonal category promotion,2,71
14475,General Customers,772.2082815418305,Medium,7.274682153723928e-05,Low,Engagement / category promotion,Email,Seasonal category promotion,2,51
16367,General Customers,770.6972603401941,Medium,0.0006766875456263289,Low,Engagement / category promotion,Email,Seasonal category promotion,2,69
17214,General Customers,770.6219341243752,Medium,0.00038025628310443203,Low,Engagement / category promotion,Email,Seasonal category promotion,2,30
17966,General Customers,770.0124797316191,Medium,0.0,Low,Engagement / category promotion,Email,Seasonal category promotion,2,39
17733,General Customers,768.1275101372294,Medium,0.0,Low,Engagement / category promotion,Email,Seasonal category promotion,2,67
16511,General Customers,767.71635841572,Medium,0.0003293962666347931,Low,Engagement / category promotion,Email,Seasonal category promotion,2,63
15865,General Customers,767.4605637964471,Medium,0.0003293962666347931,Low,Engagement / category promotion,Email,Seasonal category promotion,2,79
12434,General Customers,767.4247911581593,Medium,0.0,Low,Engagement / category promotion,Email,Seasonal category promotion,2,59
16284,General Customers,766.5844410979608,Medium,0.0006766875456263289,Low,Engagement / category promotion,Email,Seasonal category promotion,2,72
12694,General Customers,765.5712157106597,Medium,0.0016713180729089774,Low,Engagement / category promotion,Email,Seasonal category promotion,2,70
13607,General Customers,764.774006764839,Medium,0.0003293962666347931,Low,Engagement / category promotion,Email,Seasonal category promotion,2,109
13566,General Customers,761.6890619050645,Medium,0.0006766875456263289,Low,Engagement / category promotion,Email,Seasonal category promotion,2,72
12571,General Customers,761.5201453505229,Medium,0.2484950254307482,Low,Engagement / category promotion,Email,Seasonal category promotion,2,24
17341,General Customers,760.6244593065301,Medium,0.0006766875456263289,Low,Engagement / category promotion,Email,Seasonal category promotion,2,46
16980,General Customers,759.1171652500905,Medium,0.14417615898830533,Low,Engagement / category promotion,Email,Seasonal category promotion,2,35
14712,General Customers,758.7352169324977,Medium,0.0,Low,Engagement / category promotion,Email,Seasonal category promotion,2,58
13939,General Customers,758.5447317693528,Medium,0.0,Low,Engagement / category promotion,Email,Seasonal category promotion,2,50
16266,General Customers,758.4714944604974,Medium,4.531645721401871e-05,Low,Engagement / category promotion,Email,Seasonal category promotion,2,26
12842,General Customers,756.6494921998394,Medium,0.0,Low,Engagement / category promotion,Email,Seasonal category promotion,2,100
14687,General Customers,754.5715874649634,Medium,0.0,Low,Engagement / category promotion,Email,Seasonal category promotion,2,89
12778,General Customers,753.6900903365348,Medium,0.0,Low,Engagement / category promotion,Email,Seasonal category promotion,2,39
12870,General Customers,752.9919763778466,Medium,0.0043764777092256575,Low,Engagement / category promotion,Email,Seasonal category promotion,2,50
17397,General Customers,752.6315804514487,Medium,0.0006766875456263289,Low,Engagement / category promotion,Email,Seasonal category promotion,2,79
13617,General Customers,752.575963546375,Medium,7.274682153723928e-05,Low,Engagement / category promotion,Email,Seasonal category promotion,2,34
17321,General Customers,752.4252581861211,Medium,0.0003293962666347931,Low,Engagement / category promotion,Email,Seasonal category promotion,2,57
17603,General Customers,752.0346094520618,Medium,0.0003293962666347931,Low,Engagement / category promotion,Email,Seasonal category promotion,2,98
14522,General Customers,751.2610313567254,Medium,7.274682153723928e-05,Low,Engagement / category promotion,Email,Seasonal category promotion,2,49
15952,General Customers,751.2317295869541,Medium,0.10497536832560009,Low,Engagement / category promotion,Email,Seasonal category promotion,2,29
14021,General Customers,750.6271209153149,Medium,0.0,Low,Engagement / category promotion,Email,Seasonal category promotion,2,37
16621,General Customers,750.3828145854131,Medium,0.004813076413791112,Low,Engagement / category promotion,Email,Seasonal category promotion,2,34
16611,General Customers,750.3235010568973,Medium,0.0,Low,Engagement / category promotion,Email,Seasonal category promotion,2,45
14896,General Customers,749.6026224950124,Medium,0.0010537216828478962,Low,Engagement / category promotion,Email,Seasonal category promotion,2,40
14910,Noise / Uncategorised,748.6353759313156,Medium,0.4157021760659387,Medium,Standard newsletter,Email,"General newsletter, no targeted offer",2,8
17006,General Customers,747.8106612834619,Medium,0.0010537216828478962,Low,Engagement / category promotion,Email,Seasonal category promotion,2,48
14905,General Customers,746.9324649121648,Medium,7.274682153723928e-05,Low,Engagement / category promotion,Email,Seasonal category promotion,2,43
13846,General Customers,745.7674643366431,Medium,0.0,Low,Engagement / category promotion,Email,Seasonal category promotion,2,56
13034,General Customers,745.5779707110978,Medium,0.0,Low,Engagement / category promotion,Email,Seasonal category promotion,2,69
14256,General Customers,745.0301971492705,Medium,0.0003293962666347931,Low,Engagement / category promotion,Email,Seasonal category promotion,2,52
16233,General Customers,744.193488345381,Medium,7.274682153723928e-05,Low,Engagement / category promotion,Email,Seasonal category promotion,2,44
14715,General Customers,741.948978205339,Medium,0.0010537216828478962,Low,Engagement / category promotion,Email,Seasonal category promotion,2,50
13946,General Customers,741.9095840447666,Medium,0.0,Low,Engagement / category promotion,Email,Seasonal category promotion,2,66
16374,General Customers,741.0114907931219,Medium,0.0003293962666347931,Low,Engagement / category promotion,Email,Seasonal category promotion,2,63
16099,General Customers,740.6376263891287,Medium,7.274682153723928e-05,Low,Engagement / category promotion,Email,Seasonal category promotion,2,51
14692,General Customers,740.4736752929954,Medium,4.531645721401871e-05,Low,Engagement / category promotion,Email,Seasonal category promotion,2,24
14327,General Customers,739.8721141354911,Medium,0.0003293962666347931,Low,Engagement / category promotion,Email,Seasonal category promotion,2,54
15944,General Customers,738.4870181188754,Medium,0.0,Low,Engagement / category promotion,Email,Seasonal category promotion,2,67
16654,General Customers,738.4038600972788,Medium,0.0,Low,Engagement / category promotion,Email,Seasonal category promotion,2,35
14421,General Customers,737.4546152618195,Medium,0.0,Low,Engagement / category promotion,Email,Seasonal category promotion,2,63
14385,Noise / Uncategorised,736.5812481460388,Medium,0.35485395947138626,Medium,Standard newsletter,Email,"General newsletter, no targeted offer",2,3
17109,General Customers,736.2761605940857,Medium,0.0010537216828478962,Low,Engagement / category promotion,Email,Seasonal category promotion,2,35
18220,General Customers,735.4661851222693,Medium,7.274682153723928e-05,Low,Engagement / category promotion,Email,Seasonal category promotion,2,50
13549,General Customers,735.1761869706747,Medium,0.00049831956185569,Low,Engagement / category promotion,Email,Seasonal category promotion,2,27
16160,Noise / Uncategorised,734.9401308297902,Medium,0.3023786705839392,Medium,Standard newsletter,Email,"General newsletter, no targeted offer",2,6
16418,General Customers,733.4955707864119,Medium,0.0006766875456263289,Low,Engagement / category promotion,Email,Seasonal category promotion,2,45
17642,General Customers,731.6388135886657,Medium,0.0,Low,Engagement / category promotion,Email,Seasonal category promotion,2,74
14396,General Customers,731.0295625517597,Medium,0.0003293962666347931,Low,Engagement / category promotion,Email,Seasonal category promotion,2,58
17694,General Customers,730.6465878778087,Medium,0.0,Low,Engagement / category promotion,Email,Seasonal category promotion,2,84
14585,General Customers,730.1073719785005,Medium,0.0003472912789915358,Low,Engagement / category promotion,Email,Seasonal category promotion,2,44
13782,General Customers,729.964464161748,Medium,0.0005269867830001692,Low,Engagement / category promotion,Email,Seasonal category promotion,2,33
17179,General Customers,729.6414742676066,Medium,0.0,Low,Engagement / category promotion,Email,Seasonal category promotion,2,38
13928,Noise / Uncategorised,729.3720980286754,Medium,0.405150210257424,Medium,Standard newsletter,Email,"General newsletter, no targeted offer",2,18
13950,General Customers,728.8267884735028,Medium,0.0021667087925685883,Low,Engagement / category promotion,Email,Seasonal category promotion,2,35
17695,General Customers,728.751585500607,Medium,0.0,Low,Engagement / category promotion,Email,Seasonal category promotion,2,66
15743,General Customers,727.6672889122918,Medium,0.147152273023084,Low,Engagement / category promotion,Email,Seasonal category promotion,2,25
14584,General Customers,726.753715738984,Medium,0.0010537216828478962,Low,Engagement / category promotion,Email,Seasonal category promotion,2,37
13249,General Customers,724.9365725931757,Medium,7.274682153723928e-05,Low,Engagement / category promotion,Email,Seasonal category promotion,2,39
15630,General Customers,724.5173691483756,Medium,0.0,Low,Engagement / category promotion,Email,Seasonal category promotion,2,120
17034,General Customers,722.9691863423042,Medium,0.0,Low,Engagement / category promotion,Email,Seasonal category promotion,2,60
17432,General Customers,722.3268604127068,Medium,0.0,Low,Engagement / category promotion,Email,Seasonal category promotion,2,48
15799,General Customers,722.1605998410051,Medium,0.0006766875456263289,Low,Engagement / category promotion,Email,Seasonal category promotion,2,51
17545,General Customers,721.2698115464431,Medium,0.0003293962666347931,Low,Engagement / category promotion,Email,Seasonal category promotion,2,53
16140,General Customers,720.4038479662136,Medium,0.0,Low,Engagement / category promotion,Email,Seasonal category promotion,2,75
12514,General Customers,720.1193525059091,Medium,0.00042013570438835746,Low,Engagement / category promotion,Email,Seasonal category promotion,2,112
16211,General Customers,717.5393166871227,Medium,0.0,Low,Engagement / category promotion,Email,Seasonal category promotion,2,70
17540,General Customers,716.3819771228513,Medium,0.0,Low,Engagement / category promotion,Email,Seasonal category promotion,2,57
16993,Noise / Uncategorised,716.3802884165866,Medium,0.3713826512659807,Medium,Standard newsletter,Email,"General newsletter, no targeted offer",2,34
15773,General Customers,715.7359410693028,Medium,0.0,Low,Engagement / category promotion,Email,Seasonal category promotion,2,121
15803,General Customers,715.6915106420179,Medium,0.0,Low,Engagement / category promotion,Email,Seasonal category promotion,2,94
14725,General Customers,714.2527082868812,Medium,0.0,Low,Engagement / category promotion,Email,Seasonal category promotion,2,76
17420,General Customers,714.1908630287601,Medium,7.274682153723928e-05,Low,Engagement / category promotion,Email,Seasonal category promotion,2,35
17190,General Customers,713.2772734766302,Medium,0.0003293962666347931,Low,Engagement / category promotion,Email,Seasonal category promotion,2,50
15269,General Customers,708.6215959303439,Medium,0.0,Low,Engagement / category promotion,Email,Seasonal category promotion,2,73
16835,General Customers,707.5454340655144,Medium,0.0,Low,Engagement / category promotion,Email,Seasonal category promotion,2,44
14915,General Customers,707.4698700708847,Medium,0.0,Low,Engagement / category promotion,Email,Seasonal category promotion,2,35
12728,General Customers,704.6446916607657,Medium,7.274682153723928e-05,Low,Engagement / category promotion,Email,Seasonal category promotion,2,37
13434,General Customers,703.920161673327,Medium,0.0,Low,Engagement / category promotion,Email,Seasonal category promotion,2,70
13546,General Customers,703.4759532165489,Medium,0.0003472912789915358,Low,Engagement / category promotion,Email,Seasonal category promotion,2,49
16372,General Customers,703.4058684412222,Medium,0.0006766875456263289,Low,Engagement / category promotion,Email,Seasonal category promotion,2,69
12725,General Customers,702.8826201868233,Medium,0.0,Low,Engagement / category promotion,Email,Seasonal category promotion,2,32
16023,General Customers,701.8684763902963,Medium,0.0021057858315113288,Low,Engagement / category promotion,Email,Seasonal category promotion,2,44
13752,General Customers,701.4657237536318,Medium,0.0,Low,Engagement / category promotion,Email,Seasonal category promotion,2,35
12556,Noise / Uncategorised,700.9048580237097,Medium,0.3152306200414532,Medium,Standard newsletter,Email,"General newsletter, no targeted offer",2,30
17759,General Customers,700.3018305779295,Medium,0.004010020878959662,Low,Engagement / category promotion,Email,Seasonal category promotion,2,68
14870,General Customers,699.8609515577891,Medium,7.274682153723928e-05,Low,Engagement / category promotion,Email,Seasonal category promotion,2,42
14847,General Customers,699.5828501733415,Medium,0.0,Low,Engagement / category promotion,Email,Seasonal category promotion,2,83
18136,General Customers,698.9988633617488,Medium,0.0,Low,Engagement / category promotion,Email,Seasonal category promotion,2,46
16616,General Customers,697.8153455439154,Medium,0.2355277379386988,Low,Engagement / category promotion,Email,Seasonal category promotion,2,43
12508,Noise / Uncategorised,695.4804523315763,Medium,0.35278459826273756,Medium,Standard newsletter,Email,"General newsletter, no targeted offer",2,1
17731,General Customers,695.3035776606766,Medium,0.0,Low,Engagement / category promotion,Email,Seasonal category promotion,2,59
13524,Noise / Uncategorised,694.8545372511818,Medium,0.261152804519304,Medium,Standard newsletter,Email,"General newsletter, no targeted offer",2,21
16634,General Customers,694.5801892574186,Medium,0.0,Low,Engagement / category promotion,Email,Seasonal category promotion,2,46
14379,General Customers,694.530149281063,Medium,0.0003472912789915358,Low,Engagement / category promotion,Email,Seasonal category promotion,2,65
13711,General Customers,692.7651506138328,Medium,0.0,Low,Engagement / category promotion,Email,Seasonal category promotion,2,34
15054,Noise / Uncategorised,692.6177482413935,Medium,0.2559519446861939,Medium,Standard newsletter,Email,"General newsletter, no targeted offer",2,8
16625,General Customers,692.5832902195978,Medium,0.0012643451559522312,Low,Engagement / category promotion,Email,Seasonal category promotion,2,32
16930,Noise / Uncategorised,692.3821066492249,Medium,0.4750277292604038,Medium,Standard newsletter,Email,"General newsletter, no targeted offer",2,8
13239,General Customers,691.6805987334438,Medium,0.0016116364349437668,Low,Engagement / category promotion,Email,Seasonal category promotion,2,29
17312,Noise / Uncategorised,691.2606571657159,Medium,0.265352772537765,Medium,Standard newsletter,Email,"General newsletter, no targeted offer",2,4
15325,General Customers,690.8739253008268,Medium,0.0010537216828478962,Low,Engagement / category promotion,Email,Seasonal category promotion,2,42
13900,General Customers,690.7620607204802,Medium,0.0,Low,Engagement / category promotion,Email,Seasonal category promotion,2,44
15951,General Customers,690.5900294134065,Medium,0.0,Low,Engagement / category promotion,Email,Seasonal category promotion,2,74
16696,Noise / Uncategorised,689.7236114863473,Medium,0.46064501529930396,Medium,Standard newsletter,Email,"General newsletter, no targeted offer",2,17
17649,General Customers,689.5665394191901,Medium,0.0003472912789915358,Low,Engagement / category promotion,Email,Seasonal category promotion,2,67
12933,General Customers,687.4616589836618,Medium,0.0010537216828478962,Low,Engagement / category promotion,Email,Seasonal category promotion,2,53
14220,General Customers,687.0721254661493,Medium,7.274682153723928e-05,Low,Engagement / category promotion,Email,Seasonal category promotion,2,48
14891,General Customers,686.8610963082988,Medium,0.0,Low,Engagement / category promotion,Email,Seasonal category promotion,2,43
18035,General Customers,685.7384093031867,Medium,7.274682153723928e-05,Low,Engagement / category promotion,Email,Seasonal category promotion,2,42
14130,General Customers,685.0796931494583,Medium,0.0003293962666347931,Low,Engagement / category promotion,Email,Seasonal category promotion,2,61
13539,General Customers,684.6298222189432,Medium,0.0,Low,Engagement / category promotion,Email,Seasonal category promotion,2,43
15402,General Customers,683.2664517679287,Medium,0.0,Low,Engagement / category promotion,Email,Seasonal category promotion,2,44
12369,General Customers,681.4373877426142,Medium,0.0022692011665619294,Low,Engagement / category promotion,Email,Seasonal category promotion,2,46
14738,General Customers,681.1104966863686,Medium,0.0,Low,Engagement / category promotion,Email,Seasonal category promotion,2,46
18189,General Customers,680.6141305012129,Medium,0.0,Low,Engagement / category promotion,Email,Seasonal category promotion,2,110
17779,General Customers,680.402918642298,Medium,0.2444739323960655,Low,Engagement / category promotion,Email,Seasonal category promotion,2,24
14412,General Customers,680.1460581812522,Medium,0.0,Low,Engagement / category promotion,Email,Seasonal category promotion,2,76
14055,General Customers,679.5197320525889,Medium,0.0,Low,Engagement / category promotion,Email,Seasonal category promotion,2,123
14078,General Customers,679.4403707183153,Medium,0.0,Low,Engagement / category promotion,Email,Seasonal category promotion,2,35
18276,General Customers,678.2285791150497,Medium,0.0,Low,Engagement / category promotion,Email,Seasonal category promotion,2,68
15149,General Customers,677.166782664216,Medium,0.0,Low,Engagement / category promotion,Email,Seasonal category promotion,2,62
17222,General Customers,676.9160633809877,Medium,0.0,Low,Engagement / category promotion,Email,Seasonal category promotion,2,63
15355,Noise / Uncategorised,676.5102376983772,Medium,0.47957761630875934,Medium,Standard newsletter,Email,"General newsletter, no targeted offer",2,7
15809,General Customers,676.0787236996598,Medium,7.274682153723928e-05,Low,Engagement / category promotion,Email,Seasonal category promotion,2,43
12577,General Customers,675.6984442746224,Medium,0.0010537216828478962,Low,Engagement / category promotion,Email,Seasonal category promotion,2,52
14304,General Customers,675.6947094337348,Medium,0.0016713180729089774,Low,Engagement / category promotion,Email,Seasonal category promotion,2,70
13278,General Customers,675.3687016616608,Medium,0.0,Low,Engagement / category promotion,Email,Seasonal category promotion,2,85
18151,General Customers,675.348943258292,Medium,0.0003293962666347931,Low,Engagement / category promotion,Email,Seasonal category promotion,2,51
12693,General Customers,674.3555011782782,Medium,0.0033333333333333335,Low,Engagement / category promotion,Email,Seasonal category promotion,2,34
14618,General Customers,674.117054206426,Medium,7.274682153723928e-05,Low,Engagement / category promotion,Email,Seasonal category promotion,2,46
14198,General Customers,673.3767225702519,Medium,0.0,Low,Engagement / category promotion,Email,Seasonal category promotion,2,46
16141,General Customers,672.8981121616991,Medium,0.0,Low,Engagement / category promotion,Email,Seasonal category promotion,2,98
14880,General Customers,672.728186019942,Medium,0.005653935204869799,Low,Engagement / category promotion,Email,Seasonal category promotion,2,42
12421,General Customers,671.8631412208936,Medium,7.274682153723928e-05,Low,Engagement / category promotion,Email,Seasonal category promotion,2,49
18036,General Customers,669.9680714821313,Medium,0.0,Low,Engagement / category promotion,Email,Seasonal category promotion,2,38
13753,General Customers,669.0047800517603,Medium,0.0,Low,Engagement / category promotion,Email,Seasonal category promotion,2,67
17290,General Customers,668.8047133194051,Medium,0.0010537216828478962,Low,Engagement / category promotion,Email,Seasonal category promotion,2,54
13167,General Customers,668.7486579763654,Medium,0.0,Low,Engagement / category promotion,Email,Seasonal category promotion,2,45
12616,General Customers,667.2707419217355,Medium,0.0,Low,Engagement / category promotion,Email,Seasonal category promotion,2,59
16122,General Customers,666.4803380700012,Medium,7.274682153723928e-05,Low,Engagement / category promotion,Email,Seasonal category promotion,2,35
17198,General Customers,666.272063673345,Medium,0.0003472912789915358,Low,Engagement / category promotion,Email,Seasonal category promotion,2,69
17979,General Customers,666.1848603690565,Medium,0.001955675110261031,Low,Engagement / category promotion,Email,Seasonal category promotion,2,34
16366,General Customers,665.8193631599506,Medium,0.0,Low,Engagement / category promotion,Email,Seasonal category promotion,2,106
16804,General Customers,665.2919870414717,Medium,0.0009444200500501569,Low,Engagement / category promotion,Email,Seasonal category promotion,2,49
12717,General Customers,664.4851242196788,Medium,0.0,Low,Engagement / category promotion,Email,Seasonal category promotion,2,88
17516,General Customers,664.3301499827771,Medium,0.0003293962666347931,Low,Engagement / category promotion,Email,Seasonal category promotion,2,36
16768,General Customers,663.9514737998509,Medium,0.0,Low,Engagement / category promotion,Email,Seasonal category promotion,2,46
14231,General Customers,663.4073157802857,Medium,0.0,Low,Engagement / category promotion,Email,Seasonal category promotion,2,40
12809,General Customers,662.8068645733647,Medium,0.0016713180729089774,Low,Engagement / category promotion,Email,Seasonal category promotion,2,94
18196,General Customers,662.3899586606246,Medium,0.0006766875456263289,Low,Engagement / category promotion,Email,Seasonal category promotion,2,81
14850,General Customers,661.4793396909387,Medium,0.014746135108471465,Low,Engagement / category promotion,Email,Seasonal category promotion,2,22
17703,General Customers,661.1441200478345,Medium,0.0,Low,Engagement / category promotion,Email,Seasonal category promotion,2,57
18085,General Customers,660.8444546331211,Medium,7.274682153723928e-05,Low,Engagement / category promotion,Email,Seasonal category promotion,2,45
15636,General Customers,659.7187270758329,Medium,0.0,Low,Engagement / category promotion,Email,Seasonal category promotion,2,72
16586,General Customers,659.6195003735476,Medium,0.0,Low,Engagement / category promotion,Email,Seasonal category promotion,2,77
15322,General Customers,659.5059802552481,Medium,0.00042013570438835746,Low,Engagement / category promotion,Email,Seasonal category promotion,2,117
16521,General Customers,659.2950015741012,Medium,0.0006766875456263289,Low,Engagement / category promotion,Email,Seasonal category promotion,2,46
17007,General Customers,659.0277836479785,Medium,0.00038025628310443203,Low,Engagement / category promotion,Email,Seasonal category promotion,2,33
17423,General Customers,657.7941672206001,Medium,0.0,Low,Engagement / category promotion,Email,Seasonal category promotion,2,69
16261,General Customers,657.7200466657142,Medium,0.0003293962666347931,Low,Engagement / category promotion,Email,Seasonal category promotion,2,42
15835,General Customers,657.5627187529601,Medium,7.274682153723928e-05,Low,Engagement / category promotion,Email,Seasonal category promotion,2,43
13587,General Customers,656.3156487976013,Medium,0.0,Low,Engagement / category promotion,Email,Seasonal category promotion,2,90
14400,General Customers,655.2327591075588,Medium,0.0016713180729089774,Low,Engagement / category promotion,Email,Seasonal category promotion,2,96
13959,General Customers,655.0070632435854,Medium,0.0003293962666347931,Low,Engagement / category promotion,Email,Seasonal category promotion,2,43
15646,General Customers,654.6922510564908,Medium,0.0016446014390566633,Low,Engagement / category promotion,Email,Seasonal category promotion,2,30
13531,General Customers,654.6709912717288,Medium,0.0,Low,Engagement / category promotion,Email,Seasonal category promotion,2,53
16298,General Customers,654.5254024766963,Medium,7.274682153723928e-05,Low,Engagement / category promotion,Email,Seasonal category promotion,2,36
14265,General Customers,653.7703938988433,Medium,0.0,Low,Engagement / category promotion,Email,Seasonal category promotion,2,75
17980,General Customers,651.8724765602149,Medium,0.003839246747317564,Low,Engagement / category promotion,Email,Seasonal category promotion,2,34
16092,General Customers,651.7224185328305,Medium,0.0,Low,Engagement / category promotion,Email,Seasonal category promotion,2,46
12582,General Customers,651.584831680514,Medium,0.0,Low,Engagement / category promotion,Email,Seasonal category promotion,2,51
17323,General Customers,650.9197834511621,Medium,0.0005269867830001692,Low,Engagement / category promotion,Email,Seasonal category promotion,2,34
14420,General Customers,650.3597103197304,Medium,0.0,Low,Engagement / category promotion,Email,Seasonal category promotion,2,89
12733,General Customers,649.4532497024056,Medium,0.0,Low,Engagement / category promotion,Email,Seasonal category promotion,2,68
17447,General Customers,648.6275614413818,Medium,0.20094082223087265,Low,Engagement / category promotion,Email,Seasonal category promotion,2,9
16278,General Customers,648.6270316539743,Medium,0.0,Low,Engagement / category promotion,Email,Seasonal category promotion,2,80
17874,Noise / Uncategorised,648.2351524741802,Medium,0.38400956321957913,Medium,Standard newsletter,Email,"General newsletter, no targeted offer",2,7
15599,General Customers,648.1355341381226,Medium,0.0,Low,Engagement / category promotion,Email,Seasonal category promotion,2,84
13140,General Customers,647.8017406782623,Medium,0.0003472912789915358,Low,Engagement / category promotion,Email,Seasonal category promotion,2,46
12644,General Customers,647.6877493958057,Medium,0.0003293962666347931,Low,Engagement / category promotion,Email,Seasonal category promotion,2,85
15289,General Customers,647.1173213070626,Medium,0.0,Low,Engagement / category promotion,Email,Seasonal category promotion,2,71
18062,General Customers,646.1852139667891,Medium,7.274682153723928e-05,Low,Engagement / category promotion,Email,Seasonal category promotion,2,42
16450,General Customers,646.0822547725598,Medium,0.0,Low,Engagement / category promotion,Email,Seasonal category promotion,2,101
13561,General Customers,644.6738327063783,Medium,4.531645721401871e-05,Low,Engagement / category promotion,Email,Seasonal category promotion,2,24
17934,General Customers,644.550967463277,Medium,0.0,Low,Engagement / category promotion,Email,Seasonal category promotion,2,71
12413,General Customers,643.0052161644084,Medium,7.274682153723928e-05,Low,Engagement / category promotion,Email,Seasonal category promotion,2,50
17624,General Customers,642.6819127900606,Medium,0.0003472912789915358,Low,Engagement / category promotion,Email,Seasonal category promotion,2,106
14894,General Customers,641.8499370755234,Medium,0.0,Low,Engagement / category promotion,Email,Seasonal category promotion,2,130
15036,General Customers,641.6556783678049,Medium,0.2388472170778675,Low,Engagement / category promotion,Email,Seasonal category promotion,2,21
13601,General Customers,640.039886799174,Medium,0.0006766875456263289,Low,Engagement / category promotion,Email,Seasonal category promotion,2,75
14020,General Customers,639.0971180289832,Medium,0.0,Low,Engagement / category promotion,Email,Seasonal category promotion,2,77
16714,General Customers,638.022158113597,Medium,0.0003472912789915358,Low,Engagement / category promotion,Email,Seasonal category promotion,2,68
16256,General Customers,637.3483299540961,Medium,0.0,Low,Engagement / category promotion,Email,Seasonal category promotion,2,66
13649,General Customers,637.1190904150329,Medium,0.002220373392648824,Low,Engagement / category promotion,Email,Seasonal category promotion,2,27
16595,General Customers,636.380540569869,Medium,0.0003293962666347931,Low,Engagement / category promotion,Email,Seasonal category promotion,2,76
15644,Noise / Uncategorised,636.3446267758437,Medium,0.3408998435201063,Medium,Standard newsletter,Email,"General newsletter, no targeted offer",2,14
13300,General Customers,636.3347236216568,Medium,0.0,Low,Engagement / category promotion,Email,Seasonal category promotion,2,81
17764,General Customers,636.2284419574341,Medium,0.0006766875456263289,Low,Engagement / category promotion,Email,Seasonal category promotion,2,82
14496,General Customers,634.7452718409847,Medium,4.531645721401871e-05,Low,Engagement / category promotion,Email,Seasonal category promotion,2,28
15400,General Customers,631.5861157872223,Medium,7.274682153723928e-05,Low,Engagement / category promotion,Email,Seasonal category promotion,2,35
15076,General Customers,631.507236774114,Medium,0.0,Low,Engagement / category promotion,Email,Seasonal category promotion,2,70
14469,General Customers,631.2356988195191,Medium,0.0003293962666347931,Low,Engagement / category promotion,Email,Seasonal category promotion,2,39
15889,General Customers,629.5401477715277,Medium,0.0010537216828478962,Low,Engagement / category promotion,Email,Seasonal category promotion,2,43
16384,General Customers,629.4540773306372,Medium,0.0,Low,Engagement / category promotion,Email,Seasonal category promotion,2,75
14489,General Customers,629.280189610229,Medium,0.0,Low,Engagement / category promotion,Email,Seasonal category promotion,2,61
15186,General Customers,628.7516698642223,Medium,0.0,Low,Engagement / category promotion,Email,Seasonal category promotion,2,82
17950,General Customers,628.7262004926038,Medium,0.0003293962666347931,Low,Engagement / category promotion,Email,Seasonal category promotion,2,54
14883,General Customers,627.7814895418458,Medium,0.14542913184332706,Low,Engagement / category promotion,Email,Seasonal category promotion,2,19
15211,General Customers,626.8956312866528,Medium,0.00042013570438835746,Low,Engagement / category promotion,Email,Seasonal category promotion,2,91
12639,General Customers,625.4573941554534,Medium,0.0,Low,Engagement / category promotion,Email,Seasonal category promotion,2,78
14643,General Customers,625.4369829843172,Medium,0.0,Low,Engagement / category promotion,Email,Seasonal category promotion,2,67
18149,General Customers,625.2945110716967,Medium,0.0,Low,Engagement / category promotion,Email,Seasonal category promotion,2,50
16642,General Customers,625.2270258736526,Medium,0.0,Low,Engagement / category promotion,Email,Seasonal category promotion,2,82
16202,General Customers,624.8143170154699,Medium,4.531645721401871e-05,Low,Engagement / category promotion,Email,Seasonal category promotion,2,25
17534,General Customers,624.2500589500378,Medium,0.0,Low,Engagement / category promotion,Email,Seasonal category promotion,2,72
17812,General Customers,622.6691932594958,Medium,0.0003293962666347931,Low,Engagement / category promotion,Email,Seasonal category promotion,2,44
16730,General Customers,622.4818287320909,Medium,0.0,Low,Engagement / category promotion,Email,Seasonal category promotion,2,53
13760,General Customers,620.4525359512056,Medium,0.0003472912789915358,Low,Engagement / category promotion,Email,Seasonal category promotion,2,65
16602,General Customers,619.3943787834447,Medium,0.0,Low,Engagement / category promotion,Email,Seasonal category promotion,2,106
16906,General Customers,617.9335915050209,Medium,0.0003293962666347931,Low,Engagement / category promotion,Email,Seasonal category promotion,2,42
12878,General Customers,617.7122955532006,Medium,0.21101275279981246,Low,Engagement / category promotion,Email,Seasonal category promotion,2,9
18125,General Customers,615.9775719872297,Medium,0.0006766875456263289,Low,Engagement / category promotion,Email,Seasonal category promotion,2,43
13579,General Customers,615.9562503696973,Medium,0.0,Low,Engagement / category promotion,Email,Seasonal category promotion,2,77
16419,General Customers,615.794905934789,Medium,0.0,Low,Engagement / category promotion,Email,Seasonal category promotion,2,42
17429,General Customers,615.2033041286785,Medium,0.0,Low,Engagement / category promotion,Email,Seasonal category promotion,2,36
18066,General Customers,615.0595576208908,Medium,0.0,Low,Engagement / category promotion,Email,Seasonal category promotion,2,68
12389,General Customers,612.5274068213129,Medium,7.274682153723928e-05,Low,Engagement / category promotion,Email,Seasonal category promotion,2,51
15732,General Customers,612.2526675383862,Medium,0.00235408287515703,Low,Engagement / category promotion,Email,Seasonal category promotion,2,28
13038,General Customers,612.0136512658515,Medium,0.0021832935718829496,Low,Engagement / category promotion,Email,Seasonal category promotion,2,42
13059,General Customers,611.1490189222915,Medium,4.531645721401871e-05,Low,Engagement / category promotion,Email,Seasonal category promotion,2,22
15456,General Customers,611.0662345666227,Medium,4.531645721401871e-05,Low,Engagement / category promotion,Email,Seasonal category promotion,2,27
15806,General Customers,610.9353692201253,Medium,0.0010171668715873961,Low,Engagement / category promotion,Email,Seasonal category promotion,2,46
16863,General Customers,610.3477346921999,Medium,0.0,Low,Engagement / category promotion,Email,Seasonal category promotion,2,76
17513,General Customers,610.0841373648324,Medium,0.0,Low,Engagement / category promotion,Email,Seasonal category promotion,2,81
14953,General Customers,609.6444083835246,Medium,0.0006766875456263289,Low,Engagement / category promotion,Email,Seasonal category promotion,2,62
18160,General Customers,608.9929045290563,Medium,0.003158146059032441,Low,Engagement / category promotion,Email,Seasonal category promotion,2,66
14504,General Customers,608.6959044703963,Medium,0.002862879045964799,Low,Engagement / category promotion,Email,Seasonal category promotion,2,35
14002,General Customers,608.4874750879908,Medium,0.23676365236030056,Low,Engagement / category promotion,Email,Seasonal category promotion,2,7
13721,General Customers,605.7604212808368,Medium,0.0033333333333333335,Low,Engagement / category promotion,Email,Seasonal category promotion,2,107
14126,General Customers,604.8600982340944,Medium,0.0,Low,Engagement / category promotion,Email,Seasonal category promotion,2,65
17406,General Customers,603.5940361874293,Medium,4.531645721401871e-05,Low,Engagement / category promotion,Email,Seasonal category promotion,2,18
16774,General Customers,603.2106050285702,Medium,0.0,Low,Engagement / category promotion,Email,Seasonal category promotion,2,44
13800,General Customers,602.4326849778097,Medium,0.0012511823685206203,Low,Engagement / category promotion,Email,Seasonal category promotion,2,85
18156,General Customers,602.3588914017646,Medium,0.0003293962666347931,Low,Engagement / category promotion,Email,Seasonal category promotion,2,107
18277,General Customers,601.3402071331608,Medium,0.0023087664179430117,Low,Engagement / category promotion,Email,Seasonal category promotion,2,52
13259,General Customers,601.0996402569491,Medium,0.0,Low,Engagement / category promotion,Email,Seasonal category promotion,2,42
13154,General Customers,599.4841609369371,Medium,0.0012511823685206203,Low,Engagement / category promotion,Email,Seasonal category promotion,2,67
16777,General Customers,599.0375288061084,Medium,0.0006766875456263289,Low,Engagement / category promotion,Email,Seasonal category promotion,2,66
12545,General Customers,598.4981574121052,Medium,0.10160662465429818,Low,Engagement / category promotion,Email,Seasonal category promotion,2,55
12596,General Customers,598.1355316399424,Medium,0.12571317250943076,Low,Engagement / category promotion,Email,Seasonal category promotion,2,57
15626,General Customers,596.4246498177529,Medium,0.0,Low,Engagement / category promotion,Email,Seasonal category promotion,2,69
14775,General Customers,596.0076034618286,Medium,0.0,Low,Engagement / category promotion,Email,Seasonal category promotion,2,63
15053,General Customers,594.8736992129355,Medium,0.0,Low,Engagement / category promotion,Email,Seasonal category promotion,2,55
15452,General Customers,594.3353794831888,Medium,0.0003293962666347931,Low,Engagement / category promotion,Email,Seasonal category promotion,2,48
17734,General Customers,592.4457379197172,Medium,0.0,Low,Engagement / category promotion,Email,Seasonal category promotion,2,59
13371,Noise / Uncategorised,592.0362660542485,Medium,0.3033588635556699,Medium,Standard newsletter,Email,"General newsletter, no targeted offer",2,38
16357,General Customers,591.5743853141323,Medium,7.274682153723928e-05,Low,Engagement / category promotion,Email,Seasonal category promotion,2,52
14754,General Customers,591.0902215828153,Medium,0.0003293962666347931,Low,Engagement / category promotion,Email,Seasonal category promotion,2,65
16124,General Customers,590.5382278208106,Medium,0.0,Low,Engagement / category promotion,Email,Seasonal category promotion,2,62
15882,General Customers,589.8383016365813,Medium,7.274682153723928e-05,Low,Engagement / category promotion,Email,Seasonal category promotion,2,40
15669,General Customers,589.4782316254883,Medium,0.0055300472295913665,Low,Engagement / category promotion,Email,Seasonal category promotion,2,33
15651,General Customers,587.6378932767718,Medium,0.0,Low,Engagement / category promotion,Email,Seasonal category promotion,2,67
12970,General Customers,587.3537316006413,Medium,0.0,Low,Engagement / category promotion,Email,Seasonal category promotion,2,44
16671,Noise / Uncategorised,585.1345057676859,Medium,0.2657110635595561,Medium,Standard newsletter,Email,"General newsletter, no targeted offer",2,27
17454,General Customers,583.3825849077289,Medium,0.0,Low,Engagement / category promotion,Email,Seasonal category promotion,2,30
14662,General Customers,583.0176921910048,Medium,0.0003293962666347931,Low,Engagement / category promotion,Email,Seasonal category promotion,2,61
15789,General Customers,582.8309393120555,Medium,0.0019088123407070487,Low,Engagement / category promotion,Email,Seasonal category promotion,2,26
17165,General Customers,581.2277747777171,Medium,0.0,Low,Engagement / category promotion,Email,Seasonal category promotion,2,44
17582,General Customers,581.1064073180677,Medium,0.0003472912789915358,Low,Engagement / category promotion,Email,Seasonal category promotion,2,46
12866,General Customers,580.3381250892323,Medium,0.0,Low,Engagement / category promotion,Email,Seasonal category promotion,2,44
13243,General Customers,579.5342716019642,Medium,0.0006766875456263289,Low,Engagement / category promotion,Email,Seasonal category promotion,2,51
14984,General Customers,579.2797276080688,Medium,0.0,Low,Engagement / category promotion,Email,Seasonal category promotion,2,68
17345,General Customers,578.3808981133516,Medium,0.0,Low,Engagement / category promotion,Email,Seasonal category promotion,2,43
15582,General Customers,578.0553292653077,Medium,0.008654388873918227,Low,Engagement / category promotion,Email,Seasonal category promotion,2,39
13740,General Customers,577.7548233375658,Medium,0.0,Low,Engagement / category promotion,Email,Seasonal category promotion,2,60
12915,General Customers,577.1100287698546,Medium,0.0,Low,Engagement / category promotion,Email,Seasonal category promotion,2,66
13925,Noise / Uncategorised,576.3932302108559,Medium,0.3117410908668003,Medium,Standard newsletter,Email,"General newsletter, no targeted offer",2,6
15656,General Customers,576.3678757075685,Medium,0.0021667087925685883,Low,Engagement / category promotion,Email,Seasonal category promotion,2,36
14273,General Customers,576.1599179750381,Medium,0.1211124613401587,Low,Engagement / category promotion,Email,Seasonal category promotion,2,28
16614,General Customers,575.5694647036007,Medium,0.0,Low,Engagement / category promotion,Email,Seasonal category promotion,2,79
13894,General Customers,575.1300825312396,Medium,0.0,Low,Engagement / category promotion,Email,Seasonal category promotion,2,57
16706,General Customers,574.8968932858829,Medium,0.19028871530221483,Low,Engagement / category promotion,Email,Seasonal category promotion,2,15
16848,General Customers,573.5524809083458,Medium,0.0,Low,Engagement / category promotion,Email,Seasonal category promotion,2,57
12673,General Customers,572.0326392092361,Medium,0.0,Low,Engagement / category promotion,Email,Seasonal category promotion,2,79
13637,General Customers,571.0635882976865,Medium,0.202405040407592,Low,Engagement / category promotion,Email,Seasonal category promotion,2,35
12904,General Customers,569.6728137784409,Medium,0.12021173223329445,Low,Engagement / category promotion,Email,Seasonal category promotion,2,46
17978,General Customers,569.0081786126344,Medium,0.0,Low,Engagement / category promotion,Email,Seasonal category promotion,2,55
16362,General Customers,567.3533298885545,Medium,0.0,Low,Engagement / category promotion,Email,Seasonal category promotion,2,40
12410,General Customers,567.3126427995002,Medium,0.10955166015510208,Low,Engagement / category promotion,Email,Seasonal category promotion,2,39
17438,General Customers,566.8221187385145,Medium,7.274682153723928e-05,Low,Engagement / category promotion,Email,Seasonal category promotion,2,46
15535,General Customers,566.7970518248242,Medium,0.002600629675753256,Low,Engagement / category promotion,Email,Seasonal category promotion,2,28
15774,General Customers,566.7689398909878,Medium,0.0,Low,Engagement / category promotion,Email,Seasonal category promotion,2,59
13515,General Customers,566.2249668654779,Medium,0.0,Low,Engagement / category promotion,Email,Seasonal category promotion,2,57
16212,General Customers,565.8253660987584,Medium,0.0,Low,Engagement / category promotion,Email,Seasonal category promotion,2,98
13299,General Customers,565.8080549229521,Medium,0.0033333333333333335,Low,Engagement / category promotion,Email,Seasonal category promotion,2,52
18095,General Customers,565.672982097581,Medium,0.0013370919774894705,Low,Engagement / category promotion,Email,Seasonal category promotion,2,34
16797,General Customers,565.6409309329143,Medium,0.0003293962666347931,Low,Engagement / category promotion,Email,Seasonal category promotion,2,41
17549,Noise / Uncategorised,565.1664176632495,Medium,0.40303821951934554,Medium,Standard newsletter,Email,"General newsletter, no targeted offer",2,8
14959,General Customers,564.8097862286077,Medium,0.015378996533459933,Low,Engagement / category promotion,Email,Seasonal category promotion,2,35
14753,General Customers,564.0721747219561,Medium,0.0,Low,Engagement / category promotion,Email,Seasonal category promotion,2,112
14820,General Customers,563.9886708038838,Medium,7.274682153723928e-05,Low,Engagement / category promotion,Email,Seasonal category promotion,2,44
17169,General Customers,562.7988433148598,Medium,0.0,Low,Engagement / category promotion,Email,Seasonal category promotion,2,104
15326,General Customers,561.9702138670407,Medium,0.0,Low,Engagement / category promotion,Email,Seasonal category promotion,2,48
13417,General Customers,561.4210327171905,Medium,0.0,Low,Engagement / category promotion,Email,Seasonal category promotion,2,66
15645,General Customers,559.8839351857449,Medium,0.0,Low,Engagement / category promotion,Email,Seasonal category promotion,2,81
17999,General Customers,558.6188062127128,Medium,0.0003293962666347931,Low,Engagement / category promotion,Email,Seasonal category promotion,2,68
15210,General Customers,557.4845883446844,Medium,0.0,Low,Engagement / category promotion,Email,Seasonal category promotion,2,70
12993,General Customers,555.8838923395153,Medium,0.0,Low,Engagement / category promotion,Email,Seasonal category promotion,2,48
12978,General Customers,554.9241195010753,Medium,0.0003293962666347931,Low,Engagement / category promotion,Email,Seasonal category promotion,2,41
13395,General Customers,553.457253750824,Medium,0.0,Low,Engagement / category promotion,Email,Seasonal category promotion,2,47
13005,General Customers,553.0170149887128,Medium,7.274682153723928e-05,Low,Engagement / category promotion,Email,Seasonal category promotion,2,42
16903,General Customers,552.6341789429696,Medium,0.0006766875456263289,Low,Engagement / category promotion,Email,Seasonal category promotion,2,77
13109,General Customers,552.5389684965919,Medium,0.0,Low,Engagement / category promotion,Email,Seasonal category promotion,2,98
18150,General Customers,552.1724591299854,Medium,0.21963029273913104,Low,Engagement / category promotion,Email,Seasonal category promotion,2,34
16667,General Customers,552.0784126562129,Medium,0.0,Low,Engagement / category promotion,Email,Seasonal category promotion,2,65
17076,General Customers,551.4754103514173,Medium,0.0,Low,Engagement / category promotion,Email,Seasonal category promotion,2,70
14264,General Customers,551.1835097911093,Medium,0.0,Low,Engagement / category promotion,Email,Seasonal category promotion,2,46
16943,General Customers,551.1423149679106,Medium,7.274682153723928e-05,Low,Engagement / category promotion,Email,Seasonal category promotion,2,49
14853,General Customers,550.7010668452173,Medium,0.0,Low,Engagement / category promotion,Email,Seasonal category promotion,2,70
16037,General Customers,549.6087774454558,Medium,0.0,Low,Engagement / category promotion,Email,Seasonal category promotion,2,45
16345,General Customers,549.1180427007538,Medium,0.0,Low,Engagement / category promotion,Email,Seasonal category promotion,2,131
14320,General Customers,548.976753364535,Medium,0.0,Low,Engagement / category promotion,Email,Seasonal category promotion,2,58
14818,General Customers,548.4039463014558,Medium,0.0,Low,Engagement / category promotion,Email,Seasonal category promotion,2,57
13583,General Customers,547.8580639612921,Medium,0.0,Low,Engagement / category promotion,Email,Seasonal category promotion,2,157
14167,General Customers,547.0818580994211,Medium,7.274682153723928e-05,Low,Engagement / category promotion,Email,Seasonal category promotion,2,48
13602,General Customers,546.8790911468071,Medium,0.0,Low,Engagement / category promotion,Email,Seasonal category promotion,2,74
17862,General Customers,546.2211290937042,Medium,0.0003472912789915358,Low,Engagement / category promotion,Email,Seasonal category promotion,2,36
16203,General Customers,545.1052835422014,Medium,0.0,Low,Engagement / category promotion,Email,Seasonal category promotion,2,44
16573,General Customers,544.9229717879275,Medium,0.0,Low,Engagement / category promotion,Email,Seasonal category promotion,2,62
14682,General Customers,544.3604721944079,Medium,0.0,Low,Engagement / category promotion,Email,Seasonal category promotion,2,48
16146,General Customers,543.1341498390846,Medium,7.274682153723928e-05,Low,Engagement / category promotion,Email,Seasonal category promotion,2,44
15468,General Customers,543.019510097077,Medium,0.0,Low,Engagement / category promotion,Email,Seasonal category promotion,2,68
18252,General Customers,541.6042088901311,Medium,0.0003293962666347931,Low,Engagement / category promotion,Email,Seasonal category promotion,2,57
14778,General Customers,541.2369370678338,Medium,0.13674939030082564,Low,Engagement / category promotion,Email,Seasonal category promotion,2,54
16468,General Customers,541.0046559999826,Medium,0.0,Low,Engagement / category promotion,Email,Seasonal category promotion,2,81
15223,General Customers,540.9583734373241,Medium,0.0,Low,Engagement / category promotion,Email,Seasonal category promotion,2,61
16861,General Customers,540.5049313539738,Medium,0.0,Low,Engagement / category promotion,Email,Seasonal category promotion,2,54
17658,General Customers,539.2832421343833,Medium,0.18594624640400934,Low,Engagement / category promotion,Email,Seasonal category promotion,2,56
13803,General Customers,536.3148210301714,Medium,0.0,Low,Engagement / category promotion,Email,Seasonal category promotion,2,73
15831,General Customers,536.2547722541592,Medium,0.0,Low,Engagement / category promotion,Email,Seasonal category promotion,2,53
12813,General Customers,536.2199104127674,Medium,0.09667029556851929,Low,Engagement / category promotion,Email,Seasonal category promotion,2,38
14577,General Customers,535.0206927890772,Medium,0.0003293962666347931,Low,Engagement / category promotion,Email,Seasonal category promotion,2,61
18071,General Customers,534.6703550474659,Medium,7.274682153723928e-05,Low,Engagement / category promotion,Email,Seasonal category promotion,2,48
17299,General Customers,534.6123144364911,Medium,0.0,Low,Engagement / category promotion,Email,Seasonal category promotion,2,47
14009,General Customers,533.528798651861,Medium,0.0,Low,Engagement / category promotion,Email,Seasonal category promotion,2,53
17027,General Customers,532.5832131606082,Medium,0.0,Low,Engagement / category promotion,Email,Seasonal category promotion,2,43
16354,General Customers,532.2523035579381,Medium,0.0006766875456263289,Low,Engagement / category promotion,Email,Seasonal category promotion,2,63
13478,General Customers,532.2406726902082,Medium,0.00317315749665928,Low,Engagement / category promotion,Email,Seasonal category promotion,2,25
15612,Noise / Uncategorised,531.3274474331191,Medium,0.3862941347788545,Medium,Standard newsletter,Email,"General newsletter, no targeted offer",2,8
17555,General Customers,530.8514246543245,Medium,0.0006766875456263289,Low,Engagement / category promotion,Email,Seasonal category promotion,2,68
16292,General Customers,530.7523021085921,Medium,0.0,Low,Engagement / category promotion,Email,Seasonal category promotion,2,58
17480,General Customers,530.7143442770009,Medium,0.0,Low,Engagement / category promotion,Email,Seasonal category promotion,2,110
13388,General Customers,530.5336141271769,Medium,0.0,Low,Engagement / category promotion,Email,Seasonal category promotion,2,94
14342,General Customers,529.9442588665244,Medium,7.274682153723928e-05,Low,Engagement / category promotion,Email,Seasonal category promotion,2,45
16329,General Customers,529.4679661979948,Medium,0.0,Low,Engagement / category promotion,Email,Seasonal category promotion,2,47
17142,General Customers,529.095664155253,Medium,0.0,Low,Engagement / category promotion,Email,Seasonal category promotion,2,67
14861,General Customers,526.5084970121343,Medium,0.0,Low,Engagement / category promotion,Email,Seasonal category promotion,2,41
17864,General Customers,526.0731208713028,Medium,0.0003472912789915358,Low,Engagement / category promotion,Email,Seasonal category promotion,2,50
13046,General Customers,525.6252742413144,Medium,0.0,Low,Engagement / category promotion,Email,Seasonal category promotion,2,85
16183,General Customers,525.160326024233,Medium,7.274682153723928e-05,Low,Engagement / category promotion,Email,Seasonal category promotion,2,51
14375,General Customers,524.7456386424421,Medium,0.0006766875456263289,Low,Engagement / category promotion,Email,Seasonal category promotion,2,71
12987,General Customers,524.1287734950564,Medium,0.0,Low,Engagement / category promotion,Email,Seasonal category promotion,2,74
15045,Noise / Uncategorised,523.790362356763,Medium,0.4736342731068573,Medium,Standard newsletter,Email,"General newsletter, no targeted offer",2,32
17869,General Customers,523.3862491678511,Medium,0.0,Low,Engagement / category promotion,Email,Seasonal category promotion,2,38
12808,General Customers,523.0631151244071,Medium,7.274682153723928e-05,Low,Engagement / category promotion,Email,Seasonal category promotion,2,51
16331,General Customers,522.5797696891229,Medium,0.01838649651157455,Low,Engagement / category promotion,Email,Seasonal category promotion,2,21
12427,General Customers,522.2643279504002,Medium,0.0,Low,Engagement / category promotion,Email,Seasonal category promotion,2,70
18106,General Customers,522.2145767470655,Medium,0.0003293962666347931,Low,Engagement / category promotion,Email,Seasonal category promotion,2,36
17411,General Customers,521.9991715773026,Medium,0.0,Low,Engagement / category promotion,Email,Seasonal category promotion,2,87
13821,General Customers,521.4309224724116,Medium,0.0003293962666347931,Low,Engagement / category promotion,Email,Seasonal category promotion,2,56
16096,General Customers,520.511273014565,Medium,0.0,Low,Engagement / category promotion,Email,Seasonal category promotion,2,57
13787,General Customers,520.0602460005211,Medium,0.0,Low,Engagement / category promotion,Email,Seasonal category promotion,2,62
16282,General Customers,519.7331582858346,Medium,0.0,Low,Engagement / category promotion,Email,Seasonal category promotion,2,76
13863,General Customers,519.6752963721271,Medium,0.0,Low,Engagement / category promotion,Email,Seasonal category promotion,2,52
17990,General Customers,519.3813037251905,Medium,7.274682153723928e-05,Low,Engagement / category promotion,Email,Seasonal category promotion,2,50
18211,General Customers,519.0278854945839,Medium,0.0035136873963381512,Low,Engagement / category promotion,Email,Seasonal category promotion,2,30
17492,General Customers,518.8733281012387,Medium,0.0,Low,Engagement / category promotion,Email,Seasonal category promotion,2,54
17373,General Customers,518.0626343822486,Medium,0.0,Low,Engagement / category promotion,Email,Seasonal category promotion,2,52
16518,General Customers,518.0191420336508,Medium,0.0,Low,Engagement / category promotion,Email,Seasonal category promotion,2,74
16693,General Customers,517.6904682787207,Medium,0.0006766875456263289,Low,Engagement / category promotion,Email,Seasonal category promotion,2,70
18268,General Customers,517.0014233599,Medium,0.0,Low,Engagement / category promotion,Email,Seasonal category promotion,2,59
13294,General Customers,516.0773797385222,Medium,0.001598473647512156,Low,Engagement / category promotion,Email,Seasonal category promotion,2,91
13503,General Customers,514.3693776959557,Medium,0.0003293962666347931,Low,Engagement / category promotion,Email,Seasonal category promotion,2,59
17578,General Customers,514.0592488531398,Medium,0.0004255727403184507,Low,Engagement / category promotion,Email,Seasonal category promotion,2,27
14480,General Customers,513.2179582413447,Medium,0.0,Low,Engagement / category promotion,Email,Seasonal category promotion,2,106
15476,General Customers,513.1128863042801,Medium,0.1979690592394707,Low,Engagement / category promotion,Email,Seasonal category promotion,2,9
13238,General Customers,511.33842823890353,Medium,0.0,Low,Engagement / category promotion,Email,Seasonal category promotion,2,57
13292,General Customers,510.78707518959527,Medium,0.0,Low,Engagement / category promotion,Email,Seasonal category promotion,2,58
18034,General Customers,509.9968922388318,Medium,0.0003293962666347931,Low,Engagement / category promotion,Email,Seasonal category promotion,2,71
16385,General Customers,506.575113451686,Medium,0.0003472912789915358,Low,Engagement / category promotion,Email,Seasonal category promotion,2,69
14206,General Customers,506.415339496148,Medium,0.13063548731037508,Low,Engagement / category promotion,Email,Seasonal category promotion,2,33
13835,General Customers,505.19669945849313,Medium,0.0,Low,Engagement / category promotion,Email,Seasonal category promotion,2,53
13405,General Customers,505.1895563707907,Medium,0.0,Low,Engagement / category promotion,Email,Seasonal category promotion,2,65
16805,General Customers,505.1391685446905,Medium,0.0006766875456263289,Low,Engagement / category promotion,Email,Seasonal category promotion,2,67
17664,General Customers,504.7542335751388,Medium,0.0,Low,Engagement / category promotion,Email,Seasonal category promotion,2,90
13023,General Customers,503.4473676143023,Medium,0.0,Low,Engagement / category promotion,Email,Seasonal category promotion,2,93
17123,General Customers,502.81981564784564,Medium,0.0,Low,Engagement / category promotion,Email,Seasonal category promotion,2,82
15800,General Customers,502.6839476808414,Medium,0.0003293962666347931,Low,Engagement / category promotion,Email,Seasonal category promotion,2,44
15222,General Customers,502.6700357554841,Medium,4.531645721401871e-05,Low,Engagement / category promotion,Email,Seasonal category promotion,2,22
14013,General Customers,501.7850902974555,Medium,0.0,Low,Engagement / category promotion,Email,Seasonal category promotion,2,62
15026,General Customers,501.7460761253946,Medium,0.0006766875456263289,Low,Engagement / category promotion,Email,Seasonal category promotion,2,44
16895,General Customers,500.9396961183795,Medium,0.0006766875456263289,Low,Engagement / category promotion,Email,Seasonal category promotion,2,72
17205,General Customers,499.8234940730794,Medium,0.0,Low,Engagement / category promotion,Email,Seasonal category promotion,2,102
17926,General Customers,498.9506672780496,Medium,0.0,Low,Engagement / category promotion,Email,Seasonal category promotion,2,54
17465,General Customers,498.24504020272155,Medium,0.00037471272384881175,Low,Engagement / category promotion,Email,Seasonal category promotion,2,27
13359,General Customers,498.00992703975027,Medium,0.0,Low,Engagement / category promotion,Email,Seasonal category promotion,2,102
15422,General Customers,497.741822075208,Medium,0.0,Low,Engagement / category promotion,Email,Seasonal category promotion,2,30
14225,General Customers,497.4354087088612,Medium,0.0,Low,Engagement / category promotion,Email,Seasonal category promotion,2,39
14636,General Customers,497.0195189035922,Medium,0.0009100916799972479,Low,Engagement / category promotion,Email,Seasonal category promotion,2,70
15886,General Customers,496.1373761639221,Medium,0.0,Low,Engagement / category promotion,Email,Seasonal category promotion,2,81
15303,General Customers,495.87885302940407,Medium,0.0,Low,Engagement / category promotion,Email,Seasonal category promotion,2,79
16324,Noise / Uncategorised,495.19243455901454,Medium,0.25014215057628814,Medium,Standard newsletter,Email,"General newsletter, no targeted offer",2,10
13382,General Customers,494.89471782660877,Medium,0.0,Low,Engagement / category promotion,Email,Seasonal category promotion,2,54
15261,General Customers,494.11199520090213,Medium,0.0003472912789915358,Low,Engagement / category promotion,Email,Seasonal category promotion,2,45
15006,General Customers,493.77075787393767,Medium,0.0003293962666347931,Low,Engagement / category promotion,Email,Seasonal category promotion,2,121
13169,General Customers,492.5834692225746,Medium,0.0,Low,Engagement / category promotion,Email,Seasonal category promotion,2,100
15068,General Customers,491.913326321347,Medium,0.0038348336046587694,Low,Engagement / category promotion,Email,Seasonal category promotion,2,86
13919,General Customers,491.8729273798709,Medium,0.0,Low,Engagement / category promotion,Email,Seasonal category promotion,2,72
13569,General Customers,491.330160318165,Medium,0.0003293962666347931,Low,Engagement / category promotion,Email,Seasonal category promotion,2,62
12805,General Customers,491.0412539904866,Medium,7.274682153723928e-05,Low,Engagement / category promotion,Email,Seasonal category promotion,2,44
14139,General Customers,490.99263044804377,Medium,0.0,Low,Engagement / category promotion,Email,Seasonal category promotion,2,74
13220,General Customers,489.15396327069055,Medium,0.0,Low,Engagement / category promotion,Email,Seasonal category promotion,2,60
16756,General Customers,487.4811381556783,Medium,0.0,Low,Engagement / category promotion,Email,Seasonal category promotion,2,36
15994,General Customers,487.31109932833505,Medium,0.0003472912789915358,Low,Engagement / category promotion,Email,Seasonal category promotion,2,116
15992,General Customers,486.95136116706146,Medium,0.0,Low,Engagement / category promotion,Email,Seasonal category promotion,2,90
14672,General Customers,486.6688431948896,Medium,0.0003472912789915358,Low,Engagement / category promotion,Email,Seasonal category promotion,2,67
16989,Noise / Uncategorised,486.60465571537065,Medium,0.2887145010850908,Medium,Standard newsletter,Email,"General newsletter, no targeted offer",2,14
13778,General Customers,485.3424143703809,Medium,0.0,Low,Engagement / category promotion,Email,Seasonal category promotion,2,69
16898,General Customers,484.88772418856104,Medium,0.0006766875456263289,Low,Engagement / category promotion,Email,Seasonal category promotion,2,66
16004,General Customers,484.7303253911592,Medium,0.00130966161316625,Low,Engagement / category promotion,Email,Seasonal category promotion,2,25
14068,General Customers,484.61438200292764,Medium,0.0003472912789915358,Low,Engagement / category promotion,Email,Seasonal category promotion,2,54
17499,General Customers,484.3736817256779,Medium,0.00042013570438835746,Low,Engagement / category promotion,Email,Seasonal category promotion,2,81
12991,General Customers,484.3452761780141,Medium,0.0,Low,Engagement / category promotion,Email,Seasonal category promotion,2,73
18060,General Customers,483.77591349930293,Medium,0.1272349476890875,Low,Engagement / category promotion,Email,Seasonal category promotion,2,47
16619,General Customers,482.6970503852682,Medium,0.0003293962666347931,Low,Engagement / category promotion,Email,Seasonal category promotion,2,59
15900,General Customers,482.51115270701615,Medium,0.0006766875456263289,Low,Engagement / category promotion,Email,Seasonal category promotion,2,81
16017,General Customers,481.56680633499116,Medium,0.0006766875456263289,Low,Engagement / category promotion,Email,Seasonal category promotion,2,79
16955,General Customers,481.04602971401283,Medium,7.274682153723928e-05,Low,Engagement / category promotion,Email,Seasonal category promotion,2,49
13976,General Customers,480.32870887169946,Medium,0.0,Low,Engagement / category promotion,Email,Seasonal category promotion,2,69
13874,General Customers,479.6705354718,Medium,0.000118063278751258,Low,Engagement / category promotion,Email,Seasonal category promotion,2,27
17495,General Customers,479.11293165572437,Medium,0.0,Low,Engagement / category promotion,Email,Seasonal category promotion,2,77
12975,General Customers,478.8116858597237,Medium,0.0,Low,Engagement / category promotion,Email,Seasonal category promotion,2,30
13377,General Customers,478.26849687787865,Medium,0.00042013570438835746,Low,Engagement / category promotion,Email,Seasonal category promotion,2,75
16643,General Customers,477.9279826598366,Medium,0.1430020002348325,Low,Engagement / category promotion,Email,Seasonal category promotion,2,53
15279,General Customers,477.78811290342037,Medium,0.0,Low,Engagement / category promotion,Email,Seasonal category promotion,2,39
14805,General Customers,477.5018286064791,Medium,0.0,Low,Engagement / category promotion,Email,Seasonal category promotion,2,52
13301,General Customers,477.4674973387312,Medium,0.1330468982178139,Low,Engagement / category promotion,Email,Seasonal category promotion,2,28
16227,General Customers,477.25364191494657,Medium,0.0,Low,Engagement / category promotion,Email,Seasonal category promotion,2,62
12522,Noise / Uncategorised,476.6410438160755,Medium,0.3095653374313832,Medium,Standard newsletter,Email,"General newsletter, no targeted offer",2,4
15664,General Customers,474.6476150133289,Medium,0.0,Low,Engagement / category promotion,Email,Seasonal category promotion,2,90
15957,General Customers,473.59695722201104,Medium,0.0006766875456263289,Low,Engagement / category promotion,Email,Seasonal category promotion,2,78
14450,General Customers,473.47602542480007,Medium,7.274682153723928e-05,Low,Engagement / category promotion,Email,Seasonal category promotion,2,37
14538,General Customers,471.77352917902726,Medium,0.0,Low,Engagement / category promotion,Email,Seasonal category promotion,2,74
15247,General Customers,470.9977154004851,Medium,0.0,Low,Engagement / category promotion,Email,Seasonal category promotion,2,83
14909,General Customers,470.72938908143436,Medium,0.0,Low,Engagement / category promotion,Email,Seasonal category promotion,2,45
13497,General Customers,470.4600064513712,Medium,7.274682153723928e-05,Low,Engagement / category promotion,Email,Seasonal category promotion,2,39
15855,General Customers,469.79694868818115,Medium,0.0,Low,Engagement / category promotion,Email,Seasonal category promotion,2,34
18006,General Customers,469.5876591477403,Medium,0.0,Low,Engagement / category promotion,Email,Seasonal category promotion,2,105
15584,General Customers,469.52844727794604,Medium,0.0003293962666347931,Low,Engagement / category promotion,Email,Seasonal category promotion,2,65
16900,General Customers,469.4704184251599,Medium,0.12357371058103442,Low,Engagement / category promotion,Email,Seasonal category promotion,2,9
13657,General Customers,469.1494879679198,Medium,0.16747824491616115,Low,Engagement / category promotion,Email,Seasonal category promotion,2,57
16860,General Customers,468.9204328724226,Medium,0.0013782962083657734,Low,Engagement / category promotion,Email,Seasonal category promotion,2,42
18286,General Customers,468.6922594701235,Medium,0.00042013570438835746,Low,Engagement / category promotion,Email,Seasonal category promotion,2,74
17853,General Customers,467.47419959709663,Medium,0.0012511823685206203,Low,Engagement / category promotion,Email,Seasonal category promotion,2,66
13233,General Customers,467.34597601241535,Medium,0.0,Low,Engagement / category promotion,Email,Seasonal category promotion,2,93
15425,General Customers,467.23910693064136,Medium,0.0003293962666347931,Low,Engagement / category promotion,Email,Seasonal category promotion,2,39
14512,General Customers,467.23006286984526,Medium,0.0,Low,Engagement / category promotion,Email,Seasonal category promotion,2,47
13439,General Customers,467.2250239103756,Medium,0.0006766875456263289,Low,Engagement / category promotion,Email,Seasonal category promotion,2,54
15579,General Customers,466.6068361167359,Medium,0.0006766875456263289,Low,Engagement / category promotion,Email,Seasonal category promotion,2,44
12648,General Customers,465.21534810463663,Medium,0.0,Low,Engagement / category promotion,Email,Seasonal category promotion,2,82
17496,General Customers,464.9759502283868,Medium,0.0,Low,Engagement / category promotion,Email,Seasonal category promotion,2,50
15469,General Customers,464.8607193363415,Medium,0.0,Low,Engagement / category promotion,Email,Seasonal category promotion,2,78
17987,General Customers,464.32559376119804,Medium,0.0006766875456263289,Low,Engagement / category promotion,Email,Seasonal category promotion,2,44
15022,General Customers,464.2275162198484,Medium,0.0006766875456263289,Low,Engagement / category promotion,Email,Seasonal category promotion,2,80
17955,General Customers,464.12585366189853,Medium,7.274682153723928e-05,Low,Engagement / category promotion,Email,Seasonal category promotion,2,47
12695,General Customers,463.9195577148834,Medium,0.0,Low,Engagement / category promotion,Email,Seasonal category promotion,2,56
17105,General Customers,463.39512501687364,Medium,0.2025070460617697,Low,Engagement / category promotion,Email,Seasonal category promotion,2,44
14354,Noise / Uncategorised,463.13578017127435,Medium,0.369190708938936,Medium,Standard newsletter,Email,"General newsletter, no targeted offer",2,7
13245,General Customers,462.0359988548703,Medium,0.0,Low,Engagement / category promotion,Email,Seasonal category promotion,2,114
16830,General Customers,461.9140154261757,Medium,0.0,Low,Engagement / category promotion,Email,Seasonal category promotion,2,103
17749,General Customers,461.2814027730537,Medium,0.0,Low,Engagement / category promotion,Email,Seasonal category promotion,2,74
14272,General Customers,461.1010856330386,Medium,0.0,Low,Engagement / category promotion,Email,Seasonal category promotion,2,76
13723,General Customers,460.5871886367475,Medium,7.274682153723928e-05,Low,Engagement / category promotion,Email,Seasonal category promotion,2,39
14660,Noise / Uncategorised,459.25167851839257,Medium,0.39725939855143205,Medium,Standard newsletter,Email,"General newsletter, no targeted offer",2,4
15167,General Customers,457.6865397950945,Medium,0.0006766875456263289,Low,Engagement / category promotion,Email,Seasonal category promotion,2,42
16048,General Customers,457.13482614260386,Medium,0.2112824783396009,Low,Engagement / category promotion,Email,Seasonal category promotion,2,26
14966,General Customers,455.1842804695481,Medium,0.0003293962666347931,Low,Engagement / category promotion,Email,Seasonal category promotion,2,71
13058,Noise / Uncategorised,455.1477561666254,Medium,0.2778840272286863,Medium,Standard newsletter,Email,"General newsletter, no targeted offer",2,25
15590,General Customers,454.8807610489482,Medium,0.0034847185486010556,Low,Engagement / category promotion,Email,Seasonal category promotion,2,27
16071,General Customers,454.10064903200987,Medium,0.0,Low,Engagement / category promotion,Email,Seasonal category promotion,2,92
16961,General Customers,453.1305686723587,Medium,0.0,Low,Engagement / category promotion,Email,Seasonal category promotion,2,83
14690,General Customers,452.7292253366479,Medium,0.0,Low,Engagement / category promotion,Email,Seasonal category promotion,2,55
17239,General Customers,451.6810686317683,Medium,0.0025749015913653327,Low,Engagement / category promotion,Email,Seasonal category promotion,2,32
16593,General Customers,451.6178916698899,Medium,0.0,Low,Engagement / category promotion,Email,Seasonal category promotion,2,51
13573,General Customers,451.50493642742083,Medium,0.0,Low,Engagement / category promotion,Email,Seasonal category promotion,2,59
16176,General Customers,451.4059840983618,Medium,0.005305139857252584,Low,Engagement / category promotion,Email,Seasonal category promotion,2,30
13936,General Customers,450.49127084286556,Medium,0.0,Low,Engagement / category promotion,Email,Seasonal category promotion,2,47
14902,General Customers,450.48113969373986,Medium,0.0,Low,Engagement / category promotion,Email,Seasonal category promotion,2,105
13398,General Customers,449.98531361266726,Medium,0.0,Low,Engagement / category promotion,Email,Seasonal category promotion,2,77
12926,General Customers,449.7762980979339,Medium,0.0006766875456263289,Low,Engagement / category promotion,Email,Seasonal category promotion,2,47
14157,General Customers,449.6711773836092,Medium,0.0,Low,Engagement / category promotion,Email,Seasonal category promotion,2,75
14128,General Customers,449.28189421831945,Medium,0.0,Low,Engagement / category promotion,Email,Seasonal category promotion,2,98
17298,General Customers,449.2015144523023,Medium,0.0,Low,Engagement / category promotion,Email,Seasonal category promotion,2,65
16884,General Customers,448.4752241196528,Medium,0.0,Low,Engagement / category promotion,Email,Seasonal category promotion,2,80
12890,General Customers,448.0017553711153,Medium,0.0003293962666347931,Low,Engagement / category promotion,Email,Seasonal category promotion,2,109
15441,General Customers,447.91264535516217,Medium,0.0,Low,Engagement / category promotion,Email,Seasonal category promotion,2,67
14479,General Customers,447.87411759193515,Medium,0.0006766875456263289,Low,Engagement / category promotion,Email,Seasonal category promotion,2,72
13727,General Customers,447.101704743284,Medium,0.0,Low,Engagement / category promotion,Email,Seasonal category promotion,2,53
16411,General Customers,446.8999118532691,Medium,0.0006766875456263289,Low,Engagement / category promotion,Email,Seasonal category promotion,2,61
17418,General Customers,446.30608846007374,Medium,0.0,Low,Engagement / category promotion,Email,Seasonal category promotion,2,69
14150,General Customers,445.7672443062862,Medium,0.0,Low,Engagement / category promotion,Email,Seasonal category promotion,2,97
13873,General Customers,444.36919493885955,Medium,0.0,Low,Engagement / category promotion,Email,Seasonal category promotion,2,39
16014,General Customers,444.24082761373745,Medium,0.0006766875456263289,Low,Engagement / category promotion,Email,Seasonal category promotion,2,77
14821,General Customers,444.0458836286646,Medium,0.0004255727403184507,Low,Engagement / category promotion,Email,Seasonal category promotion,2,26
13656,General Customers,443.84833836601035,Medium,0.0,Low,Engagement / category promotion,Email,Seasonal category promotion,2,64
15798,General Customers,443.8201191386958,Medium,0.1367079834728792,Low,Engagement / category promotion,Email,Seasonal category promotion,2,38
13462,General Customers,443.7003961326594,Medium,0.0,Low,Engagement / category promotion,Email,Seasonal category promotion,2,57
15573,General Customers,443.32416569731316,Medium,0.0006766875456263289,Low,Engagement / category promotion,Email,Seasonal category promotion,2,84
17984,General Customers,442.26114035470994,Medium,0.0006766875456263289,Low,Engagement / category promotion,Email,Seasonal category promotion,2,71
17878,General Customers,441.3845160103758,Medium,0.0,Low,Engagement / category promotion,Email,Seasonal category promotion,2,70
12538,General Customers,441.31753095367935,Medium,0.0,Low,Engagement / category promotion,Email,Seasonal category promotion,2,105
16471,General Customers,440.8817028939592,Medium,0.0,Low,Engagement / category promotion,Email,Seasonal category promotion,2,57
16824,General Customers,440.79919051357797,Medium,0.0,Low,Engagement / category promotion,Email,Seasonal category promotion,2,76
17308,Noise / Uncategorised,440.7943373634447,Medium,0.46414652553481944,Medium,Standard newsletter,Email,"General newsletter, no targeted offer",2,18
16441,General Customers,440.404589063757,Medium,0.0,Low,Engagement / category promotion,Email,Seasonal category promotion,2,67
17421,General Customers,440.03187435174044,Medium,0.0,Low,Engagement / category promotion,Email,Seasonal category promotion,2,70
16623,General Customers,439.79404399562316,Medium,7.274682153723928e-05,Low,Engagement / category promotion,Email,Seasonal category promotion,2,52
18217,General Customers,439.7009253664456,Medium,0.0,Low,Engagement / category promotion,Email,Seasonal category promotion,2,74
14248,General Customers,439.5887557649887,Medium,0.005386846908374396,Low,Engagement / category promotion,Email,Seasonal category promotion,2,39
16034,General Customers,438.6385391361092,Medium,0.009394923957823943,Low,Engagement / category promotion,Email,Seasonal category promotion,2,21
17081,General Customers,437.88843741624845,Medium,0.0003293962666347931,Low,Engagement / category promotion,Email,Seasonal category promotion,2,63
13892,General Customers,437.08393018483997,Medium,0.0,Low,Engagement / category promotion,Email,Seasonal category promotion,2,55
13427,General Customers,436.45040766474636,Medium,0.0,Low,Engagement / category promotion,Email,Seasonal category promotion,2,70
16469,General Customers,436.25091623219066,Medium,0.0003293962666347931,Low,Engagement / category promotion,Email,Seasonal category promotion,2,59
17854,General Customers,436.2303472108311,Medium,0.0003293962666347931,Low,Engagement / category promotion,Email,Seasonal category promotion,2,55
15254,General Customers,436.07162903943936,Medium,0.0,Low,Engagement / category promotion,Email,Seasonal category promotion,2,87
16588,General Customers,436.0708478555767,Medium,0.12406575916525092,Low,Engagement / category promotion,Email,Seasonal category promotion,2,28
16300,General Customers,435.70548345891547,Medium,0.0006766875456263289,Low,Engagement / category promotion,Email,Seasonal category promotion,2,49
18123,General Customers,434.60721188141895,Medium,0.0,Low,Engagement / category promotion,Email,Seasonal category promotion,2,98
15872,General Customers,434.5433080090193,Medium,0.0003293962666347931,Low,Engagement / category promotion,Email,Seasonal category promotion,2,80
17531,General Customers,434.23331059096176,Medium,0.0,Low,Engagement / category promotion,Email,Seasonal category promotion,2,86
16838,General Customers,433.84973925889994,Medium,0.0,Low,Engagement / category promotion,Email,Seasonal category promotion,2,70
18218,General Customers,433.2002094178977,Medium,0.0,Low,Engagement / category promotion,Email,Seasonal category promotion,2,67
17708,General Customers,431.90091061356117,Medium,0.006629245227445589,Low,Engagement / category promotion,Email,Seasonal category promotion,2,35
18057,General Customers,431.5789759209651,Medium,0.0006766875456263289,Low,Engagement / category promotion,Email,Seasonal category promotion,2,59
15406,General Customers,430.7105399730051,Medium,0.0006766875456263289,Low,Engagement / category promotion,Email,Seasonal category promotion,2,63
18026,Noise / Uncategorised,430.5107380910811,Medium,0.4758867949461692,Medium,Standard newsletter,Email,"General newsletter, no targeted offer",2,1
18181,General Customers,430.39635393195033,Medium,0.0006766875456263289,Low,Engagement / category promotion,Email,Seasonal category promotion,2,85
14136,General Customers,430.19857209185193,Medium,0.0003472912789915358,Low,Engagement / category promotion,Email,Seasonal category promotion,2,40
16689,Noise / Uncategorised,430.1029954735821,Medium,0.48067883993191096,Medium,Standard newsletter,Email,"General newsletter, no targeted offer",2,2
14034,General Customers,429.6931039869127,Medium,0.21898353264524487,Low,Engagement / category promotion,Email,Seasonal category promotion,2,27
15850,General Customers,429.3607302954176,Medium,0.0003293962666347931,Low,Engagement / category promotion,Email,Seasonal category promotion,2,71
15695,General Customers,428.69047245681753,Medium,0.0033333333333333335,Low,Engagement / category promotion,Email,Seasonal category promotion,2,62
15639,General Customers,427.9933849088062,Medium,0.0,Low,Engagement / category promotion,Email,Seasonal category promotion,2,94
18193,General Customers,427.4948435684757,Medium,0.0,Low,Engagement / category promotion,Email,Seasonal category promotion,2,55
16574,General Customers,426.8934074824696,Medium,0.0003472912789915358,Low,Engagement / category promotion,Email,Seasonal category promotion,2,117
14681,General Customers,426.2652183584539,Medium,0.0,Low,Engagement / category promotion,Email,Seasonal category promotion,2,58
13865,General Customers,425.9695299084422,Medium,0.0026165147222677425,Low,Engagement / category promotion,Email,Seasonal category promotion,2,35
16159,General Customers,425.4129375531874,Medium,0.0,Low,Engagement / category promotion,Email,Seasonal category promotion,2,68
14080,General Customers,424.85519153341335,Medium,0.0,Low,Engagement / category promotion,Email,Seasonal category promotion,2,84
14729,General Customers,424.30363639545016,Medium,0.0006766875456263289,Low,Engagement / category promotion,Email,Seasonal category promotion,2,50
14326,General Customers,424.2803455294653,Medium,0.0,Low,Engagement / category promotion,Email,Seasonal category promotion,2,58
16198,General Customers,423.89130620477306,Medium,0.0,Low,Engagement / category promotion,Email,Seasonal category promotion,2,109
17080,General Customers,422.8071355134535,Medium,7.274682153723928e-05,Low,Engagement / category promotion,Email,Seasonal category promotion,2,43
12781,General Customers,422.78772329516823,Medium,0.0,Low,Engagement / category promotion,Email,Seasonal category promotion,2,66
15876,Noise / Uncategorised,422.71509576482936,Medium,0.39887392546578787,Medium,Standard newsletter,Email,"General newsletter, no targeted offer",2,12
17770,Noise / Uncategorised,422.6950333307601,Medium,0.3333704922814703,Medium,Standard newsletter,Email,"General newsletter, no targeted offer",2,10
16510,General Customers,422.1501197989773,Medium,0.0,Low,Engagement / category promotion,Email,Seasonal category promotion,2,32
14114,General Customers,422.088630115401,Medium,0.00038025628310443203,Low,Engagement / category promotion,Email,Seasonal category promotion,2,28
17760,General Customers,421.7926727808759,Medium,0.0,Low,Engagement / category promotion,Email,Seasonal category promotion,2,63
13466,General Customers,419.25074398144454,Medium,0.0,Low,Engagement / category promotion,Email,Seasonal category promotion,2,53
15870,General Customers,418.8557673645734,Medium,0.0006766875456263289,Low,Engagement / category promotion,Email,Seasonal category promotion,2,62
13833,General Customers,418.71343761299505,Medium,0.0,Low,Engagement / category promotion,Email,Seasonal category promotion,2,73
14350,General Customers,417.79629507574367,Medium,0.16981072262082098,Low,Engagement / category promotion,Email,Seasonal category promotion,2,31
12426,General Customers,415.6714770392165,Medium,0.00042013570438835746,Low,Engagement / category promotion,Email,Seasonal category promotion,2,140
12588,General Customers,415.375834144757,Medium,0.0,Low,Engagement / category promotion,Email,Seasonal category promotion,2,84
14693,General Customers,414.34063277456704,Medium,0.01106984015789408,Low,Engagement / category promotion,Email,Seasonal category promotion,2,22
14142,General Customers,413.9209078887851,Medium,0.0,Low,Engagement / category promotion,Email,Seasonal category promotion,2,82
14214,General Customers,413.79232262894106,Medium,0.0012643451559522312,Low,Engagement / category promotion,Email,Seasonal category promotion,2,30
16254,General Customers,413.3502748757049,Medium,0.0,Low,Engagement / category promotion,Email,Seasonal category promotion,2,51
16776,General Customers,413.07690184668576,Medium,0.0003293962666347931,Low,Engagement / category promotion,Email,Seasonal category promotion,2,106
14338,General Customers,412.5167999146983,Medium,0.0,Low,Engagement / category promotion,Email,Seasonal category promotion,2,75
17374,General Customers,412.4606880313176,Medium,0.21481851597160878,Low,Engagement / category promotion,Email,Seasonal category promotion,2,35
13368,General Customers,412.22150991565826,Medium,0.20763572999418664,Low,Engagement / category promotion,Email,Seasonal category promotion,2,25
14478,General Customers,411.30117031288887,Medium,0.0,Low,Engagement / category promotion,Email,Seasonal category promotion,2,53
17714,General Customers,410.7809318323681,Medium,0.18430700080261234,Low,Engagement / category promotion,Email,Seasonal category promotion,2,23
13304,General Customers,410.381363183621,Medium,0.0,Low,Engagement / category promotion,Email,Seasonal category promotion,2,48
15466,General Customers,410.13687957441215,Medium,0.0006766875456263289,Low,Engagement / category promotion,Email,Seasonal category promotion,2,98
17464,General Customers,409.5214846143752,Medium,0.0,Low,Engagement / category promotion,Email,Seasonal category promotion,2,92
14470,General Customers,409.23911385588224,Medium,0.0,Low,Engagement / category promotion,Email,Seasonal category promotion,2,84
18112,General Customers,408.55345508572873,Medium,0.0,Low,Engagement / category promotion,Email,Seasonal category promotion,2,81
12944,General Customers,407.7196625212431,Medium,0.0009100916799972479,Low,Engagement / category promotion,Email,Seasonal category promotion,2,96
15084,General Customers,407.07046882482706,Medium,0.0,Low,Engagement / category promotion,Email,Seasonal category promotion,2,80
14714,General Customers,407.04264655698927,Medium,0.0,Low,Engagement / category promotion,Email,Seasonal category promotion,2,99
14679,General Customers,406.86492743620596,Medium,0.0,Low,Engagement / category promotion,Email,Seasonal category promotion,2,70
13333,General Customers,406.38080604459714,Medium,0.0,Low,Engagement / category promotion,Email,Seasonal category promotion,2,49
15847,General Customers,406.35088652152245,Medium,0.0,Low,Engagement / category promotion,Email,Seasonal category promotion,2,72
17871,General Customers,406.2996385798445,Medium,0.0,Low,Engagement / category promotion,Email,Seasonal category promotion,2,59
16885,General Customers,405.836588161857,Medium,0.0003293962666347931,Low,Engagement / category promotion,Email,Seasonal category promotion,2,56
12942,General Customers,405.4678946631256,Medium,0.0033333333333333335,Low,Engagement / category promotion,Email,Seasonal category promotion,2,47
16031,General Customers,405.42403890890665,Medium,0.0819220606143741,Low,Engagement / category promotion,Email,Seasonal category promotion,2,46
16781,General Customers,404.56358327023025,Medium,0.0033333333333333335,Low,Engagement / category promotion,Email,Seasonal category promotion,2,89
15879,General Customers,403.8387220186328,Medium,0.0006766875456263289,Low,Engagement / category promotion,Email,Seasonal category promotion,2,48
13589,General Customers,403.22590261361955,Medium,0.0,Low,Engagement / category promotion,Email,Seasonal category promotion,2,72
16723,General Customers,402.7744012422996,Medium,0.0006766875456263289,Low,Engagement / category promotion,Email,Seasonal category promotion,2,96
12402,General Customers,402.20930264006967,Medium,7.274682153723928e-05,Low,Engagement / category promotion,Email,Seasonal category promotion,2,35
16135,General Customers,399.4278679468202,Medium,0.0,Low,Engagement / category promotion,Email,Seasonal category promotion,2,96
14022,General Customers,399.3744820498071,Medium,0.0,Low,Engagement / category promotion,Email,Seasonal category promotion,2,78
13103,General Customers,398.9828317483678,Medium,0.0,Low,Engagement / category promotion,Email,Seasonal category promotion,2,107
14108,General Customers,398.8373932429221,Medium,0.0,Low,Engagement / category promotion,Email,Seasonal category promotion,2,106
13493,Noise / Uncategorised,398.83325177359984,Medium,0.3145710665411245,Medium,Standard newsletter,Email,"General newsletter, no targeted offer",2,3
13897,General Customers,398.6193267312162,Medium,0.0,Low,Engagement / category promotion,Email,Seasonal category promotion,2,125
13171,General Customers,396.35265663128456,Medium,0.0,Low,Engagement / category promotion,Email,Seasonal category promotion,2,55
14947,General Customers,394.8593125418679,Medium,0.0,Low,Engagement / category promotion,Email,Seasonal category promotion,2,55
16399,General Customers,394.73313813338757,Medium,0.0,Low,Engagement / category promotion,Email,Seasonal category promotion,2,74
17382,General Customers,394.625067129209,Medium,7.274682153723928e-05,Low,Engagement / category promotion,Email,Seasonal category promotion,2,38
12787,General Customers,393.9238076945727,Medium,0.0,Low,Engagement / category promotion,Email,Seasonal category promotion,2,60
16677,General Customers,393.10897943012645,Medium,0.0,Low,Engagement / category promotion,Email,Seasonal category promotion,2,72
17615,General Customers,392.83658946903927,Medium,7.274682153723928e-05,Low,Engagement / category promotion,Email,Seasonal category promotion,2,36
17537,General Customers,392.09474287222525,Medium,0.0,Low,Engagement / category promotion,Email,Seasonal category promotion,2,82
16136,General Customers,392.072515321437,Medium,0.0,Low,Engagement / category promotion,Email,Seasonal category promotion,2,90
13156,General Customers,392.05003764260084,Medium,0.001598473647512156,Low,Engagement / category promotion,Email,Seasonal category promotion,2,58
15109,General Customers,391.6229496268375,Medium,0.0,Low,Engagement / category promotion,Email,Seasonal category promotion,2,98
16230,General Customers,390.44874659012726,Medium,0.20094082223087265,Low,Engagement / category promotion,Email,Seasonal category promotion,2,9
15018,General Customers,389.75571287031136,Medium,0.0,Low,Engagement / category promotion,Email,Seasonal category promotion,2,66
17430,General Customers,389.56027747910065,Medium,0.0,Low,Engagement / category promotion,Email,Seasonal category promotion,2,67
15919,General Customers,389.35781189267243,Medium,0.0003293962666347931,Low,Engagement / category promotion,Email,Seasonal category promotion,2,105
17472,General Customers,388.5003385078006,Medium,0.0006766875456263289,Low,Engagement / category promotion,Email,Seasonal category promotion,2,66
16204,General Customers,388.1701112438964,Medium,0.0003472912789915358,Low,Engagement / category promotion,Email,Seasonal category promotion,2,141
16246,General Customers,387.9294834863705,Medium,0.0,Low,Engagement / category promotion,Email,Seasonal category promotion,2,63
16445,General Customers,387.72362798399075,Medium,0.0003293962666347931,Low,Engagement / category promotion,Email,Seasonal category promotion,2,57
17342,General Customers,387.5763836013479,Medium,7.274682153723928e-05,Low,Engagement / category promotion,Email,Seasonal category promotion,2,44
16601,General Customers,387.36051301312153,Medium,0.0,Low,Engagement / category promotion,Email,Seasonal category promotion,2,116
17223,General Customers,387.21601251984686,Medium,0.20368735264408272,Low,Engagement / category promotion,Email,Seasonal category promotion,2,13
16287,General Customers,387.131152103314,Medium,0.0,Low,Engagement / category promotion,Email,Seasonal category promotion,2,62
17201,General Customers,387.07768893779956,Medium,0.0006766875456263289,Low,Engagement / category promotion,Email,Seasonal category promotion,2,92
13744,General Customers,387.0183213083173,Medium,0.0,Low,Engagement / category promotion,Email,Seasonal category promotion,2,59
14427,General Customers,387.0129042351405,Medium,0.0,Low,Engagement / category promotion,Email,Seasonal category promotion,2,87
13594,General Customers,386.7580066343567,Medium,0.0,Low,Engagement / category promotion,Email,Seasonal category promotion,2,130
15287,General Customers,385.8192761822715,Medium,0.0,Low,Engagement / category promotion,Email,Seasonal category promotion,2,86
16784,General Customers,385.7363651184623,Medium,0.0006766875456263289,Low,Engagement / category promotion,Email,Seasonal category promotion,2,72
15713,General Customers,385.33358732783717,Medium,0.0,Low,Engagement / category promotion,Email,Seasonal category promotion,2,87
17889,General Customers,384.44481015580345,Medium,0.002223342788107994,Low,Engagement / category promotion,Email,Seasonal category promotion,2,35
17458,General Customers,384.33597787825346,Medium,0.0,Low,Engagement / category promotion,Email,Seasonal category promotion,2,110
14873,General Customers,383.9174675473964,Medium,0.0,Low,Engagement / category promotion,Email,Seasonal category promotion,2,127
17040,General Customers,383.82076400591427,Medium,0.002262983085111864,Low,Engagement / category promotion,Email,Seasonal category promotion,2,124
16780,General Customers,383.3974492194045,Medium,0.0,Low,Engagement / category promotion,Email,Seasonal category promotion,2,61
14838,General Customers,382.9318373337366,Medium,0.0,Low,Engagement / category promotion,Email,Seasonal category promotion,2,94
16451,General Customers,382.8853364614877,Medium,0.0,Low,Engagement / category promotion,Email,Seasonal category promotion,2,129
17237,General Customers,382.7670916978262,Medium,0.0,Low,Engagement / category promotion,Email,Seasonal category promotion,2,56
17150,General Customers,382.5675052789602,Medium,0.0,Low,Engagement / category promotion,Email,Seasonal category promotion,2,36
15837,General Customers,380.9894027749365,Medium,0.0,Low,Engagement / category promotion,Email,Seasonal category promotion,2,126
12414,General Customers,380.97377479610634,Medium,0.000118063278751258,Low,Engagement / category promotion,Email,Seasonal category promotion,2,25
13296,General Customers,380.64921865508813,Medium,7.274682153723928e-05,Low,Engagement / category promotion,Email,Seasonal category promotion,2,44
14551,General Customers,379.4456698090651,Medium,0.0,Low,Engagement / category promotion,Email,Seasonal category promotion,2,57
16769,General Customers,378.4422359308925,Medium,0.0,Low,Engagement / category promotion,Email,Seasonal category promotion,2,70
13045,General Customers,377.9319528444934,Medium,0.0,Low,Engagement / category promotion,Email,Seasonal category promotion,2,77
17025,General Customers,377.3709250907449,Medium,0.0,Low,Engagement / category promotion,Email,Seasonal category promotion,2,70
12811,General Customers,377.2654070255232,Medium,0.22431083381394093,Low,Engagement / category promotion,Email,Seasonal category promotion,2,20
16948,General Customers,377.1583615641609,Medium,7.274682153723928e-05,Low,Engagement / category promotion,Email,Seasonal category promotion,2,44
16343,General Customers,376.88544925293013,Medium,0.0,Low,Engagement / category promotion,Email,Seasonal category promotion,2,78
17548,General Customers,376.79585370212556,Medium,0.2128742406748114,Low,Engagement / category promotion,Email,Seasonal category promotion,2,24
15244,General Customers,376.35638557044837,Medium,0.0,Low,Engagement / category promotion,Email,Seasonal category promotion,2,120
14355,General Customers,374.82793867857845,Medium,0.0,Low,Engagement / category promotion,Email,Seasonal category promotion,2,52
17362,General Customers,374.1654790205957,Medium,0.0003293962666347931,Low,Engagement / category promotion,Email,Seasonal category promotion,2,40
15385,General Customers,373.86064982882704,Medium,0.0,Low,Engagement / category promotion,Email,Seasonal category promotion,2,127
15921,General Customers,373.6428018296765,Medium,0.0,Low,Engagement / category promotion,Email,Seasonal category promotion,2,70
12601,General Customers,372.9497556264979,Medium,0.027562463062038627,Low,Engagement / category promotion,Email,Seasonal category promotion,2,21
16727,General Customers,372.49486353558245,Medium,0.0006766875456263289,Low,Engagement / category promotion,Email,Seasonal category promotion,2,49
15127,General Customers,372.31904743860485,Medium,0.0,Low,Engagement / category promotion,Email,Seasonal category promotion,2,136
12355,General Customers,371.8482563805381,Medium,0.0,Low,Engagement / category promotion,Email,Seasonal category promotion,2,106
14998,General Customers,371.57438674449014,Medium,0.0003293962666347931,Low,Engagement / category promotion,Email,Seasonal category promotion,2,65
14048,General Customers,371.54478420693,Medium,0.24385576995744296,Low,Engagement / category promotion,Email,Seasonal category promotion,2,15
12373,General Customers,370.90178741358733,Medium,0.0,Low,Engagement / category promotion,Email,Seasonal category promotion,2,72
13927,General Customers,370.8611832475184,Medium,0.0,Low,Engagement / category promotion,Email,Seasonal category promotion,2,109
13361,General Customers,369.7252732293167,Medium,0.2469269271266957,Low,Engagement / category promotion,Email,Seasonal category promotion,2,44
16185,General Customers,369.68971981655517,Medium,0.0,Low,Engagement / category promotion,Email,Seasonal category promotion,2,109
13797,General Customers,369.5787700864272,Medium,0.0,Low,Engagement / category promotion,Email,Seasonal category promotion,2,42
14452,General Customers,369.28640467556545,Medium,0.0003293962666347931,Low,Engagement / category promotion,Email,Seasonal category promotion,2,76
17478,General Customers,367.6982017070179,Medium,0.00042013570438835746,Low,Engagement / category promotion,Email,Seasonal category promotion,2,68
17604,General Customers,367.6531641272477,Medium,0.0003293962666347931,Low,Engagement / category promotion,Email,Seasonal category promotion,2,46
15766,General Customers,367.3236330089043,Medium,0.0,Low,Engagement / category promotion,Email,Seasonal category promotion,2,124
12679,General Customers,367.10643845157944,Medium,0.003839246747317564,Low,Engagement / category promotion,Email,Seasonal category promotion,2,34
17329,General Customers,366.87207357263776,Medium,0.0,Low,Engagement / category promotion,Email,Seasonal category promotion,2,87
16139,General Customers,366.29173913110594,Medium,0.0,Low,Engagement / category promotion,Email,Seasonal category promotion,2,86
13484,General Customers,365.92651684646245,Medium,0.0,Low,Engagement / category promotion,Email,Seasonal category promotion,2,80
12450,General Customers,365.35783090763675,Medium,7.274682153723928e-05,Low,Engagement / category promotion,Email,Seasonal category promotion,2,38
17343,General Customers,364.76034409408135,Medium,0.0,Low,Engagement / category promotion,Email,Seasonal category promotion,2,38
12872,General Customers,364.5148089831523,Medium,4.531645721401871e-05,Low,Engagement / category promotion,Email,Seasonal category promotion,2,20
14645,General Customers,364.422243099725,Medium,0.0,Low,Engagement / category promotion,Email,Seasonal category promotion,2,95
15064,General Customers,364.11643217935097,Medium,0.0,Low,Engagement / category promotion,Email,Seasonal category promotion,2,46
12735,General Customers,363.7715662992051,Medium,0.21267957371715382,Low,Engagement / category promotion,Email,Seasonal category promotion,2,6
14284,General Customers,363.31626702601454,Medium,0.0,Low,Engagement / category promotion,Email,Seasonal category promotion,2,124
14924,General Customers,362.8042455255512,Medium,0.0,Low,Engagement / category promotion,Email,Seasonal category promotion,2,79
18001,General Customers,362.2573731971625,Medium,0.0003293962666347931,Low,Engagement / category promotion,Email,Seasonal category promotion,2,72
17908,General Customers,361.858465029756,Medium,0.0006766875456263289,Low,Engagement / category promotion,Email,Seasonal category promotion,2,42
16608,General Customers,361.0533674956413,Medium,0.0,Low,Engagement / category promotion,Email,Seasonal category promotion,2,63
13487,General Customers,359.30209732325255,Medium,0.0,Low,Engagement / category promotion,Email,Seasonal category promotion,2,81
14656,General Customers,358.7766429947522,Medium,0.0003293962666347931,Low,Engagement / category promotion,Email,Seasonal category promotion,2,52
17433,General Customers,357.8362734647144,Medium,0.0,Low,Engagement / category promotion,Email,Seasonal category promotion,2,89
14510,General Customers,357.6182036648798,Medium,0.21111427940856337,Low,Engagement / category promotion,Email,Seasonal category promotion,2,12
16589,General Customers,357.4416652256735,Medium,0.0,Low,Engagement / category promotion,Email,Seasonal category promotion,2,57
12785,General Customers,357.3390830891731,Medium,0.0,Low,Engagement / category promotion,Email,Seasonal category promotion,2,73
16392,General Customers,356.5776624669376,Medium,0.0003293962666347931,Low,Engagement / category promotion,Email,Seasonal category promotion,2,58
13809,General Customers,356.14148237057566,Medium,0.22381262694681092,Low,Engagement / category promotion,Email,Seasonal category promotion,2,31
14508,General Customers,356.0301128719834,Medium,0.0003293962666347931,Low,Engagement / category promotion,Email,Seasonal category promotion,2,62
16836,General Customers,355.3870549065088,Medium,0.0,Low,Engagement / category promotion,Email,Seasonal category promotion,2,80
17045,General Customers,354.5771691725494,Medium,0.003406080154870573,Low,Engagement / category promotion,Email,Seasonal category promotion,2,38
15264,General Customers,354.5248810671172,Medium,0.0,Low,Engagement / category promotion,Email,Seasonal category promotion,2,140
15424,General Customers,353.31476780124154,Medium,0.004289079403394278,Low,Engagement / category promotion,Email,Seasonal category promotion,2,42
16306,General Customers,352.9262137650948,Medium,0.012121906578379645,Low,Engagement / category promotion,Email,Seasonal category promotion,2,19
17176,General Customers,350.28030774692866,Medium,0.0,Low,Engagement / category promotion,Email,Seasonal category promotion,2,95
17134,General Customers,350.08476192860564,Medium,0.0,Low,Engagement / category promotion,Email,Seasonal category promotion,2,67
16167,General Customers,349.63018465048293,Medium,7.274682153723928e-05,Low,Engagement / category promotion,Email,Seasonal category promotion,2,39
13295,General Customers,349.5200898414901,Medium,0.005655415560972041,Low,Engagement / category promotion,Email,Seasonal category promotion,2,33
15092,General Customers,348.5924083140157,Medium,0.0010171668715873961,Low,Engagement / category promotion,Email,Seasonal category promotion,2,49
15091,General Customers,348.41961013180463,Medium,0.0,Low,Engagement / category promotion,Email,Seasonal category promotion,2,121
14104,General Customers,348.3137064196235,Medium,0.0003293962666347931,Low,Engagement / category promotion,Email,Seasonal category promotion,2,49
17221,General Customers,348.2091139628721,Medium,0.0006766875456263289,Low,Engagement / category promotion,Email,Seasonal category promotion,2,72
17155,General Customers,347.82373212550664,Medium,0.0,Low,Engagement / category promotion,Email,Seasonal category promotion,2,62
14686,General Customers,347.78700304950667,Medium,0.010066844250523125,Low,Engagement / category promotion,Email,Seasonal category promotion,2,29
14958,General Customers,347.1865030025621,Medium,0.0,Low,Engagement / category promotion,Email,Seasonal category promotion,2,59
17483,General Customers,347.1548880790077,Medium,7.274682153723928e-05,Low,Engagement / category promotion,Email,Seasonal category promotion,2,52
14448,General Customers,346.8133392028161,Medium,0.00016878162063531553,Low,Engagement / category promotion,Email,Seasonal category promotion,2,106
15393,General Customers,346.6416724372786,Medium,0.0,Low,Engagement / category promotion,Email,Seasonal category promotion,2,85
17189,General Customers,346.5014310534956,Medium,0.0006766875456263289,Low,Engagement / category promotion,Email,Seasonal category promotion,2,76
12790,General Customers,344.90138517189024,Medium,0.0009100916799972479,Low,Engagement / category promotion,Email,Seasonal category promotion,2,65
17510,General Customers,344.70594398505807,Medium,0.0,Low,Engagement / category promotion,Email,Seasonal category promotion,2,118
16702,General Customers,344.5686669777709,Medium,0.0,Low,Engagement / category promotion,Email,Seasonal category promotion,2,47
14605,General Customers,344.2684597543303,Medium,0.0003472912789915358,Low,Engagement / category promotion,Email,Seasonal category promotion,2,54
12960,General Customers,344.01820105670714,Medium,0.001804775104894582,Low,Engagement / category promotion,Email,Seasonal category promotion,2,37
13974,General Customers,343.7187504232842,Medium,0.0,Low,Engagement / category promotion,Email,Seasonal category promotion,2,160
14316,General Customers,342.0280110655707,Medium,0.000118063278751258,Low,Engagement / category promotion,Email,Seasonal category promotion,2,25
14933,Noise / Uncategorised,341.3522133348942,Medium,0.28136527675635487,Medium,Standard newsletter,Email,"General newsletter, no targeted offer",2,30
17172,General Customers,341.3334666150728,Medium,0.0,Low,Engagement / category promotion,Email,Seasonal category promotion,2,129
12573,General Customers,340.76865726910205,Medium,0.001973997705691456,Low,Engagement / category promotion,Email,Seasonal category promotion,2,28
16344,General Customers,340.26110428916746,Medium,0.0,Low,Engagement / category promotion,Email,Seasonal category promotion,2,76
17860,General Customers,339.3797603081868,Medium,0.0006766875456263289,Low,Engagement / category promotion,Email,Seasonal category promotion,2,54
15243,General Customers,338.9384313668871,Medium,0.003158146059032441,Low,Engagement / category promotion,Email,Seasonal category promotion,2,108
17349,General Customers,338.66151357065024,Medium,0.0,Low,Engagement / category promotion,Email,Seasonal category promotion,2,54
17070,General Customers,337.80738160563726,Medium,0.010329396266634793,Low,Engagement / category promotion,Email,Seasonal category promotion,2,89
13780,General Customers,337.32295061513196,Medium,0.0,Low,Engagement / category promotion,Email,Seasonal category promotion,2,80
16109,General Customers,337.17096353409835,Medium,0.0,Low,Engagement / category promotion,Email,Seasonal category promotion,2,96
15246,General Customers,336.7058085714855,Medium,0.0,Low,Engagement / category promotion,Email,Seasonal category promotion,2,63
17977,General Customers,335.9801072947789,Medium,0.0033333333333333335,Low,Engagement / category promotion,Email,Seasonal category promotion,2,111
16117,General Customers,334.08527446560765,Medium,0.0,Low,Engagement / category promotion,Email,Seasonal category promotion,2,80
17358,General Customers,334.0418225491352,Medium,0.0006766875456263289,Low,Engagement / category promotion,Email,Seasonal category promotion,2,42
16720,General Customers,333.9791269345498,Medium,0.0003293962666347931,Low,Engagement / category promotion,Email,Seasonal category promotion,2,139
15448,General Customers,333.50644501931987,Medium,0.0,Low,Engagement / category promotion,Email,Seasonal category promotion,2,108
12792,General Customers,333.34661142079705,Medium,0.0,Low,Engagement / category promotion,Email,Seasonal category promotion,2,83
13817,General Customers,332.220343532582,Medium,0.00016878162063531553,Low,Engagement / category promotion,Email,Seasonal category promotion,2,97
15629,Noise / Uncategorised,331.5095119464918,Medium,0.3664552593215871,Medium,Standard newsletter,Email,"General newsletter, no targeted offer",2,12
14695,General Customers,330.6082147876717,Medium,0.0,Low,Engagement / category promotion,Email,Seasonal category promotion,2,43
17003,General Customers,330.44123473079094,Medium,0.16852157903652926,Low,Engagement / category promotion,Email,Seasonal category promotion,2,26
17713,General Customers,329.27842685653786,Medium,0.152712647142715,Low,Engagement / category promotion,Email,Seasonal category promotion,2,25
12519,General Customers,328.5742525855172,Medium,0.0,Low,Engagement / category promotion,Email,Seasonal category promotion,2,124
17122,General Customers,328.44274684489005,Medium,0.0,Low,Engagement / category promotion,Email,Seasonal category promotion,2,57
12580,General Customers,328.28534204825047,Medium,0.0,Low,Engagement / category promotion,Email,Seasonal category promotion,2,99
17462,General Customers,327.8955491151293,Medium,0.0,Low,Engagement / category promotion,Email,Seasonal category promotion,2,67
14133,General Customers,327.88777540241455,Medium,0.0,Low,Engagement / category promotion,Email,Seasonal category promotion,2,90
12871,General Customers,327.63900102730946,Medium,0.0,Low,Engagement / category promotion,Email,Seasonal category promotion,2,71
18127,General Customers,327.5272939708169,Medium,0.0,Low,Engagement / category promotion,Email,Seasonal category promotion,2,58
14619,General Customers,327.44246936937907,Medium,0.00042013570438835746,Low,Engagement / category promotion,Email,Seasonal category promotion,2,88
16307,General Customers,326.96792118801676,Medium,0.2101092912578411,Low,Engagement / category promotion,Email,Seasonal category promotion,2,29
16447,General Customers,326.77949273364425,Medium,0.0,Low,Engagement / category promotion,Email,Seasonal category promotion,2,105
14484,General Customers,326.48655105659407,Medium,0.0,Low,Engagement / category promotion,Email,Seasonal category promotion,2,101
17635,General Customers,326.34010252323105,Medium,0.11629509786399052,Low,Engagement / category promotion,Email,Seasonal category promotion,2,33
15857,General Customers,326.19253836893046,Medium,0.0,Low,Engagement / category promotion,Email,Seasonal category promotion,2,123
17255,General Customers,326.0260596350691,Medium,0.0003293962666347931,Low,Engagement / category promotion,Email,Seasonal category promotion,2,61
12874,General Customers,325.4470086192705,Medium,0.18874502382496594,Low,Engagement / category promotion,Email,Seasonal category promotion,2,51
12592,General Customers,324.99439852236816,Medium,7.274682153723928e-05,Low,Engagement / category promotion,Email,Seasonal category promotion,2,51
12844,General Customers,324.12077985292177,Medium,0.0,Low,Engagement / category promotion,Email,Seasonal category promotion,2,85
15714,General Customers,323.97018188095063,Medium,0.0,Low,Engagement / category promotion,Email,Seasonal category promotion,2,65
14851,General Customers,323.5985032211824,Medium,0.0,Low,Engagement / category promotion,Email,Seasonal category promotion,2,121
16231,General Customers,323.4153290156231,Medium,0.005655415560972041,Low,Engagement / category promotion,Email,Seasonal category promotion,2,33
16810,General Customers,323.3979936921728,Medium,0.0,Low,Engagement / category promotion,Email,Seasonal category promotion,2,68
14186,General Customers,323.1907931442922,Medium,0.0034847185486010556,Low,Engagement / category promotion,Email,Seasonal category promotion,2,26
12945,General Customers,322.96305692892804,Medium,0.0,Low,Engagement / category promotion,Email,Seasonal category promotion,2,110
14497,General Customers,321.66244077871943,Medium,0.0,Low,Engagement / category promotion,Email,Seasonal category promotion,2,109
16413,General Customers,321.4812700054645,Medium,0.0,Low,Engagement / category promotion,Email,Seasonal category promotion,2,95
14765,Noise / Uncategorised,321.3223026732921,Medium,0.34682603484806906,Medium,Standard newsletter,Email,"General newsletter, no targeted offer",2,29
14813,General Customers,319.92669600534714,Medium,0.003335729667288796,Low,Engagement / category promotion,Email,Seasonal category promotion,2,36
13648,General Customers,319.65364319748596,Medium,4.531645721401871e-05,Low,Engagement / category promotion,Email,Seasonal category promotion,2,25
16387,General Customers,319.60978648594073,Medium,0.0,Low,Engagement / category promotion,Email,Seasonal category promotion,2,38
17186,Noise / Uncategorised,319.54230376683876,Medium,0.259842134047479,Medium,Standard newsletter,Email,"General newsletter, no targeted offer",2,4
17880,General Customers,319.15512056309,Medium,0.0,Low,Engagement / category promotion,Email,Seasonal category promotion,2,73
13441,General Customers,319.0715027757081,Medium,0.0,Low,Engagement / category promotion,Email,Seasonal category promotion,2,102
16816,General Customers,317.7186976527182,Medium,0.014865853206634477,Low,Engagement / category promotion,Email,Seasonal category promotion,2,38
13479,General Customers,317.45399955982003,Medium,7.274682153723928e-05,Low,Engagement / category promotion,Email,Seasonal category promotion,2,41
14624,General Customers,317.4084948724109,Medium,0.0,Low,Engagement / category promotion,Email,Seasonal category promotion,2,55
16936,General Customers,316.85564390049944,Medium,0.0003293962666347931,Low,Engagement / category promotion,Email,Seasonal category promotion,2,108
13453,General Customers,316.1815072815414,Medium,0.0010171668715873961,Low,Engagement / category promotion,Email,Seasonal category promotion,2,47
14960,Noise / Uncategorised,316.0124687102676,Medium,0.3364142756836309,Medium,Standard newsletter,Email,"General newsletter, no targeted offer",2,49
13513,General Customers,314.830158100083,Medium,0.0,Low,Engagement / category promotion,Email,Seasonal category promotion,2,106
16787,General Customers,314.70394207888853,Medium,0.0006766875456263289,Low,Engagement / category promotion,Email,Seasonal category promotion,2,45
13642,General Customers,314.1627394509418,Medium,0.0033807099521528604,Low,Engagement / category promotion,Email,Seasonal category promotion,2,33
18155,General Customers,314.07361599033226,Medium,0.011922431474170615,Low,Engagement / category promotion,Email,Seasonal category promotion,2,43
14454,General Customers,313.9065026239502,Medium,0.0003472912789915358,Low,Engagement / category promotion,Email,Seasonal category promotion,2,43
13512,General Customers,312.6376793986968,Medium,7.274682153723928e-05,Low,Engagement / category promotion,Email,Seasonal category promotion,2,48
14343,General Customers,312.09678843772497,Medium,0.0006766875456263289,Low,Engagement / category promotion,Email,Seasonal category promotion,2,40
12791,General Customers,311.5269385318725,Medium,0.000118063278751258,Low,Engagement / category promotion,Email,Seasonal category promotion,2,25
17767,General Customers,311.45746717600014,Medium,0.00016878162063531553,Low,Engagement / category promotion,Email,Seasonal category promotion,2,118
14202,General Customers,311.175308275316,Medium,7.274682153723928e-05,Low,Engagement / category promotion,Email,Seasonal category promotion,2,49
13360,General Customers,311.13180555493864,Medium,0.0,Low,Engagement / category promotion,Email,Seasonal category promotion,2,40
14975,General Customers,310.83884049328896,Medium,0.0,Low,Engagement / category promotion,Email,Seasonal category promotion,2,109
18247,General Customers,310.8273265066886,Medium,0.006677992686677454,Low,Engagement / category promotion,Email,Seasonal category promotion,2,43
17674,General Customers,310.54683589449536,Medium,0.0,Low,Engagement / category promotion,Email,Seasonal category promotion,2,88
16223,General Customers,310.30705611814767,Medium,0.240159016721005,Low,Engagement / category promotion,Email,Seasonal category promotion,2,6
17952,General Customers,309.98877495585265,Medium,0.12811514585632758,Low,Engagement / category promotion,Email,Seasonal category promotion,2,24
17248,General Customers,309.1255748317377,Medium,0.0,Low,Engagement / category promotion,Email,Seasonal category promotion,2,108
13920,General Customers,308.99005744370106,Medium,0.23521099641604498,Low,Engagement / category promotion,Email,Seasonal category promotion,2,20
17127,General Customers,308.15525780775573,Medium,7.274682153723928e-05,Low,Engagement / category promotion,Email,Seasonal category promotion,2,37
15259,General Customers,307.63192895279565,Medium,0.17799741096322858,Low,Engagement / category promotion,Email,Seasonal category promotion,2,25
14785,Noise / Uncategorised,307.56918753752285,Medium,0.42865908018260884,Medium,Standard newsletter,Email,"General newsletter, no targeted offer",2,1
13177,General Customers,307.417662833015,Medium,0.0,Low,Engagement / category promotion,Email,Seasonal category promotion,2,110
17023,General Customers,307.414404095197,Medium,0.0,Low,Engagement / category promotion,Email,Seasonal category promotion,2,56
14997,General Customers,307.28280903153893,Medium,0.0,Low,Engagement / category promotion,Email,Seasonal category promotion,2,91
14024,General Customers,307.0979006225671,Medium,0.0,Low,Engagement / category promotion,Email,Seasonal category promotion,2,54
17163,General Customers,306.79663566494656,Medium,0.0,Low,Engagement / category promotion,Email,Seasonal category promotion,2,98
16415,General Customers,306.53898667347113,Medium,0.0003293962666347931,Low,Engagement / category promotion,Email,Seasonal category promotion,2,126
15016,General Customers,306.020173070825,Medium,0.0,Low,Engagement / category promotion,Email,Seasonal category promotion,2,44
14339,General Customers,305.81522917497216,Medium,0.15329472028128643,Low,Engagement / category promotion,Email,Seasonal category promotion,2,56
15224,General Customers,305.20148456630335,Medium,7.274682153723928e-05,Low,Engagement / category promotion,Email,Seasonal category promotion,2,40
17746,General Customers,304.7761725550584,Medium,0.0,Low,Engagement / category promotion,Email,Seasonal category promotion,2,56
13955,General Customers,304.70597830621125,Medium,0.0021057858315113288,Low,Engagement / category promotion,Email,Seasonal category promotion,2,44
15792,General Customers,304.5444952148622,Medium,0.0033333333333333335,Low,Engagement / category promotion,Email,Seasonal category promotion,2,65
16583,General Customers,303.90199645626416,Medium,0.0,Low,Engagement / category promotion,Email,Seasonal category promotion,2,90
14513,General Customers,303.67726657838796,Medium,7.274682153723928e-05,Low,Engagement / category promotion,Email,Seasonal category promotion,2,47
16846,General Customers,303.1708669887287,Medium,0.0,Low,Engagement / category promotion,Email,Seasonal category promotion,2,118
13019,General Customers,302.4597702360387,Medium,7.274682153723928e-05,Low,Engagement / category promotion,Email,Seasonal category promotion,2,35
17051,General Customers,301.1013242152267,Medium,0.0003293962666347931,Low,Engagement / category promotion,Email,Seasonal category promotion,2,65
13502,General Customers,301.04111381296394,Medium,0.0,Low,Engagement / category promotion,Email,Seasonal category promotion,2,64
18025,General Customers,300.1089787741828,Medium,0.002600629675753256,Low,Engagement / category promotion,Email,Seasonal category promotion,2,24
15945,General Customers,299.9441652660002,Medium,0.0,Low,Engagement / category promotion,Email,Seasonal category promotion,2,56
15428,General Customers,298.94130478444134,Medium,0.0,Low,Engagement / category promotion,Email,Seasonal category promotion,2,106
16391,General Customers,298.7913069284451,Medium,0.19650798502876005,Low,Engagement / category promotion,Email,Seasonal category promotion,2,24
15723,General Customers,298.6117839527651,Medium,0.004962008510915033,Low,Engagement / category promotion,Email,Seasonal category promotion,2,31
17366,General Customers,298.3785941179758,Medium,0.22351408474633472,Low,Engagement / category promotion,Email,Seasonal category promotion,2,7
16736,General Customers,298.3583234059522,Medium,0.0015794160740722554,Low,Engagement / category promotion,Email,Seasonal category promotion,2,28
17322,General Customers,298.22802081204026,Medium,0.0006766875456263289,Low,Engagement / category promotion,Email,Seasonal category promotion,2,43
15634,General Customers,297.4588498128917,Medium,0.0,Low,Engagement / category promotion,Email,Seasonal category promotion,2,110
16342,Noise / Uncategorised,297.426228685972,Medium,0.3789176201241365,Medium,Standard newsletter,Email,"General newsletter, no targeted offer",2,16
13980,General Customers,296.6011435477772,Medium,0.0,Low,Engagement / category promotion,Email,Seasonal category promotion,2,71
16386,General Customers,296.22559178820984,Medium,0.0006766875456263289,Low,Engagement / category promotion,Email,Seasonal category promotion,2,72
17851,General Customers,296.17074349874184,Medium,0.0023904826664931994,Low,Engagement / category promotion,Email,Seasonal category promotion,2,31
13242,General Customers,295.83363298755614,Medium,7.274682153723928e-05,Low,Engagement / category promotion,Email,Seasonal category promotion,2,48
14890,General Customers,293.9344455038934,Medium,0.0,Low,Engagement / category promotion,Email,Seasonal category promotion,2,81
17375,General Customers,292.97745863793756,Medium,0.005006893958032227,Low,Engagement / category promotion,Email,Seasonal category promotion,2,35
15912,General Customers,292.7427877328588,Medium,0.0,Low,Engagement / category promotion,Email,Seasonal category promotion,2,37
17852,General Customers,291.44985785181285,Medium,0.0,Low,Engagement / category promotion,Email,Seasonal category promotion,2,86
14699,General Customers,290.7697689913288,Medium,7.274682153723928e-05,Low,Engagement / category promotion,Email,Seasonal category promotion,2,47
17325,General Customers,290.76168283275535,Medium,0.0,Low,Engagement / category promotion,Email,Seasonal category promotion,2,72
15184,General Customers,289.93398442324195,Medium,0.0,Low,Engagement / category promotion,Email,Seasonal category promotion,2,104
16834,General Customers,289.9100778909079,Medium,0.0,Low,Engagement / category promotion,Email,Seasonal category promotion,2,134
16024,General Customers,288.8392425452301,Medium,0.0,Low,Engagement / category promotion,Email,Seasonal category promotion,2,80
18141,General Customers,287.9593709582907,Medium,0.1079166338063145,Low,Engagement / category promotion,Email,Seasonal category promotion,2,56
13311,Noise / Uncategorised,287.91672447532176,Medium,0.35201138614969174,Medium,Standard newsletter,Email,"General newsletter, no targeted offer",2,44
15988,General Customers,287.63712916947935,Medium,0.0036627295999681264,Low,Engagement / category promotion,Email,Seasonal category promotion,2,127
15334,Noise / Uncategorised,286.9290933951854,Medium,0.3975752976874149,Medium,Standard newsletter,Email,"General newsletter, no targeted offer",2,3
15314,General Customers,285.6409579983778,Medium,0.002178532653048568,Low,Engagement / category promotion,Email,Seasonal category promotion,2,46
14247,General Customers,284.21766666525264,Medium,0.0020065351267306696,Low,Engagement / category promotion,Email,Seasonal category promotion,2,33
15717,General Customers,283.9250881319756,Medium,0.003406080154870573,Low,Engagement / category promotion,Email,Seasonal category promotion,2,43
15405,General Customers,283.91666712556474,Medium,0.0,Low,Engagement / category promotion,Email,Seasonal category promotion,2,116
15277,General Customers,283.7585491568985,Medium,0.0020942014644765483,Low,Engagement / category promotion,Email,Seasonal category promotion,2,113
13065,General Customers,283.6249664296755,Medium,0.22184153274543736,Low,Engagement / category promotion,Email,Seasonal category promotion,2,21
14908,General Customers,283.5194228440139,Medium,0.00016878162063531553,Low,Engagement / category promotion,Email,Seasonal category promotion,2,116
14784,General Customers,283.2761618449198,Medium,0.00016878162063531553,Low,Engagement / category promotion,Email,Seasonal category promotion,2,73
14302,General Customers,283.21670074103685,Medium,0.0,Low,Engagement / category promotion,Email,Seasonal category promotion,2,61
12745,General Customers,283.1475646845836,Medium,0.005386846908374396,Low,Engagement / category promotion,Email,Seasonal category promotion,2,39
14037,General Customers,282.9416200992742,Medium,0.0,Low,Engagement / category promotion,Email,Seasonal category promotion,2,56
14413,General Customers,282.5501511167758,Medium,0.0,Low,Engagement / category promotion,Email,Seasonal category promotion,2,49
16648,General Customers,282.2538979636011,Medium,0.0,Low,Engagement / category promotion,Email,Seasonal category promotion,2,109
15780,General Customers,281.96062756664384,Medium,0.2354909983556504,Low,Engagement / category promotion,Email,Seasonal category promotion,2,35
12527,General Customers,281.50180991625894,Medium,0.0,Low,Engagement / category promotion,Email,Seasonal category promotion,2,54
15934,Noise / Uncategorised,281.3042069050372,Medium,0.28937152900503077,Medium,Standard newsletter,Email,"General newsletter, no targeted offer",2,3
16739,General Customers,280.7765269130117,Medium,0.0,Low,Engagement / category promotion,Email,Seasonal category promotion,2,108
17356,General Customers,280.6035814774798,Medium,0.0,Low,Engagement / category promotion,Email,Seasonal category promotion,2,45
17384,General Customers,280.23981302810733,Medium,0.002728022686259345,Low,Engagement / category promotion,Email,Seasonal category promotion,2,89
13598,General Customers,279.78654167760055,Medium,0.0,Low,Engagement / category promotion,Email,Seasonal category promotion,2,72
12986,General Customers,279.368164008778,Medium,4.531645721401871e-05,Low,Engagement / category promotion,Email,Seasonal category promotion,2,16
14537,General Customers,279.12808952510557,Medium,0.0,Low,Engagement / category promotion,Email,Seasonal category promotion,2,170
17403,General Customers,279.0852210021799,Medium,0.00016878162063531553,Low,Engagement / category promotion,Email,Seasonal category promotion,2,124
13386,General Customers,278.9959217371173,Medium,0.2284221606060875,Low,Engagement / category promotion,Email,Seasonal category promotion,2,7
15675,General Customers,277.3986785177014,Medium,7.274682153723928e-05,Low,Engagement / category promotion,Email,Seasonal category promotion,2,48
13855,General Customers,277.17991916535465,Medium,0.004232973641648135,Low,Engagement / category promotion,Email,Seasonal category promotion,2,34
16952,General Customers,276.8383317192473,Medium,0.0,Low,Engagement / category promotion,Email,Seasonal category promotion,2,74
17557,General Customers,276.8290896418503,Medium,0.0,Low,Engagement / category promotion,Email,Seasonal category promotion,2,108
13202,General Customers,276.3879442710234,Medium,0.0,Low,Engagement / category promotion,Email,Seasonal category promotion,2,29
16412,General Customers,276.3674719061244,Medium,0.0,Low,Engagement / category promotion,Email,Seasonal category promotion,2,74
17765,General Customers,276.0005426616026,Medium,0.0,Low,Engagement / category promotion,Email,Seasonal category promotion,2,43
13916,General Customers,275.57259131348775,Medium,0.0012643451559522312,Low,Engagement / category promotion,Email,Seasonal category promotion,2,32
15597,General Customers,275.35010354107345,Medium,0.0,Low,Engagement / category promotion,Email,Seasonal category promotion,2,162
16475,General Customers,274.55197246930635,Medium,0.18555350737968598,Low,Engagement / category promotion,Email,Seasonal category promotion,2,28
14549,General Customers,273.92628845536905,Medium,0.0006766875456263289,Low,Engagement / category promotion,Email,Seasonal category promotion,2,64
13000,General Customers,272.1031652798839,Medium,0.0,Low,Engagement / category promotion,Email,Seasonal category promotion,2,93
14052,General Customers,271.9728571626613,Medium,0.0003293962666347931,Low,Engagement / category promotion,Email,Seasonal category promotion,2,111
15607,General Customers,271.1750050335347,Medium,4.531645721401871e-05,Low,Engagement / category promotion,Email,Seasonal category promotion,2,24
13101,General Customers,270.17421534414433,Medium,0.0,Low,Engagement / category promotion,Email,Seasonal category promotion,2,67
13074,General Customers,270.0387534258391,Medium,0.0025749015913653327,Low,Engagement / category promotion,Email,Seasonal category promotion,2,32
17392,General Customers,269.7068829014327,Medium,0.1902598635285302,Low,Engagement / category promotion,Email,Seasonal category promotion,2,29
18101,General Customers,269.6372846060408,Medium,0.0,Low,Engagement / category promotion,Email,Seasonal category promotion,2,79
16473,General Customers,268.3431944290868,Medium,0.0037287469646002567,Low,Engagement / category promotion,Email,Seasonal category promotion,2,31
17035,General Customers,267.77007770477934,Medium,0.0,Low,Engagement / category promotion,Email,Seasonal category promotion,2,74
17361,General Customers,267.55750037234066,Medium,0.0,Low,Engagement / category promotion,Email,Seasonal category promotion,2,75
18056,General Customers,267.2676968712789,Medium,0.0,Low,Engagement / category promotion,Email,Seasonal category promotion,2,99
15540,General Customers,267.24237899445905,Medium,0.00016878162063531553,Low,Engagement / category promotion,Email,Seasonal category promotion,2,109
14716,General Customers,267.0176708549135,Medium,0.0,Low,Engagement / category promotion,Email,Seasonal category promotion,2,80
15598,General Customers,266.0908376676232,Medium,0.0,Low,Engagement / category promotion,Email,Seasonal category promotion,2,112
13699,General Customers,264.93926891172026,Medium,0.0,Low,Engagement / category promotion,Email,Seasonal category promotion,2,118
13559,Noise / Uncategorised,264.6366222895579,Medium,0.27053711551733833,Medium,Standard newsletter,Email,"General newsletter, no targeted offer",2,9
18190,General Customers,264.33404565420744,Medium,0.0,Low,Engagement / category promotion,Email,Seasonal category promotion,2,63
16130,General Customers,263.8144587191935,Medium,0.00981158205398423,Low,Engagement / category promotion,Email,Seasonal category promotion,2,29
17181,General Customers,263.5662487508103,Medium,0.00016878162063531553,Low,Engagement / category promotion,Email,Seasonal category promotion,2,108
12972,General Customers,262.9902970682575,Medium,0.0017320282833573426,Low,Engagement / category promotion,Email,Seasonal category promotion,2,37
17561,General Customers,262.2728575211182,Medium,0.0003293962666347931,Low,Engagement / category promotion,Email,Seasonal category promotion,2,107
13693,General Customers,262.16786390278446,Medium,4.531645721401871e-05,Low,Engagement / category promotion,Email,Seasonal category promotion,2,24
15266,General Customers,262.09614245918056,Medium,7.274682153723928e-05,Low,Engagement / category promotion,Email,Seasonal category promotion,2,44
15958,General Customers,261.8024458043018,Medium,0.00016878162063531553,Low,Engagement / category promotion,Email,Seasonal category promotion,2,71
15600,General Customers,261.1025061370108,Medium,0.152712647142715,Low,Engagement / category promotion,Email,Seasonal category promotion,2,25
15143,General Customers,260.75351572451945,Medium,0.0,Low,Engagement / category promotion,Email,Seasonal category promotion,2,62
17691,General Customers,260.1999082079798,Medium,0.20493257321103628,Low,Engagement / category promotion,Email,Seasonal category promotion,2,28
17226,General Customers,259.78176061202475,Medium,0.0,Low,Engagement / category promotion,Email,Seasonal category promotion,2,71
16715,General Customers,259.6980926784994,Medium,0.0,Low,Engagement / category promotion,Email,Seasonal category promotion,2,145
18078,General Customers,259.5890108920926,Medium,0.0,Low,Engagement / category promotion,Email,Seasonal category promotion,2,62
17711,General Customers,259.0903869590947,Medium,0.00016878162063531553,Low,Engagement / category promotion,Email,Seasonal category promotion,2,84
13745,General Customers,258.8503604343516,Medium,0.0,Low,Engagement / category promotion,Email,Seasonal category promotion,2,115
17111,General Customers,257.9357394271945,Medium,0.00016878162063531553,Low,Engagement / category promotion,Email,Seasonal category promotion,2,113
15888,General Customers,257.5777620254467,Medium,0.00016878162063531553,Low,Engagement / category promotion,Email,Seasonal category promotion,2,89
16018,General Customers,256.4853550126921,Medium,0.0,Low,Engagement / category promotion,Email,Seasonal category promotion,2,104
12897,General Customers,256.2434365638417,Medium,7.274682153723928e-05,Low,Engagement / category promotion,Email,Seasonal category promotion,2,51
16647,General Customers,254.6251978947116,Medium,0.0,Low,Engagement / category promotion,Email,Seasonal category promotion,2,56
16978,General Customers,254.17936895630328,Medium,0.0,Low,Engagement / category promotion,Email,Seasonal category promotion,2,118
15070,General Customers,253.74474509699712,Medium,0.0,Low,Engagement / category promotion,Email,Seasonal category promotion,2,70
16951,General Customers,253.67169302165962,Medium,0.11194964776621345,Low,Engagement / category promotion,Email,Seasonal category promotion,2,34
15439,General Customers,253.6457943323128,Medium,0.001804775104894582,Low,Engagement / category promotion,Email,Seasonal category promotion,2,37
17964,General Customers,253.6211740447768,Medium,0.0,Low,Engagement / category promotion,Email,Seasonal category promotion,2,102
15154,General Customers,253.4698558106952,Medium,0.0006766875456263289,Low,Engagement / category promotion,Email,Seasonal category promotion,2,80
15121,General Customers,253.40451751259863,Medium,0.00016878162063531553,Low,Engagement / category promotion,Email,Seasonal category promotion,2,71
14670,General Customers,253.09978645258377,Medium,0.0003293962666347931,Low,Engagement / category promotion,Email,Seasonal category promotion,2,90
18270,General Customers,252.7349933875254,Medium,0.00016878162063531553,Low,Engagement / category promotion,Email,Seasonal category promotion,2,79
14929,General Customers,252.65170209030177,Medium,0.0,Low,Engagement / category promotion,Email,Seasonal category promotion,2,117
13795,General Customers,252.46382693988187,Medium,0.007784476059450438,Low,Engagement / category promotion,Email,Seasonal category promotion,2,37
13921,General Customers,252.35126450236865,Medium,7.274682153723928e-05,Low,Engagement / category promotion,Email,Seasonal category promotion,2,48
16527,General Customers,252.28632149959424,Medium,0.00042013570438835746,Low,Engagement / category promotion,Email,Seasonal category promotion,2,103
15972,General Customers,251.8494178812961,Medium,0.22074006053787792,Low,Engagement / category promotion,Email,Seasonal category promotion,2,17
15198,General Customers,251.43409277617224,Medium,0.0,Low,Engagement / category promotion,Email,Seasonal category promotion,2,72
15637,General Customers,251.0510685983319,Medium,0.0,Low,Engagement / category promotion,Email,Seasonal category promotion,2,81
14491,General Customers,251.01203711100436,Medium,0.0020942014644765483,Low,Engagement / category promotion,Email,Seasonal category promotion,2,59
14311,General Customers,250.8339673396954,Medium,0.0,Low,Engagement / category promotion,Email,Seasonal category promotion,2,97
18043,General Customers,250.13583669168963,Medium,0.0003293962666347931,Low,Engagement / category promotion,Email,Seasonal category promotion,2,68
16596,General Customers,249.00985488896958,Medium,0.0,Low,Engagement / category promotion,Email,Seasonal category promotion,2,107
16228,General Customers,248.63364541303972,Medium,0.13523558231598617,Low,Engagement / category promotion,Email,Seasonal category promotion,2,3
13605,General Customers,248.60461384351478,Medium,0.10565492234909334,Low,Engagement / category promotion,Email,Seasonal category promotion,2,55
12492,General Customers,248.1543803892451,Medium,0.0,Low,Engagement / category promotion,Email,Seasonal category promotion,2,68
14994,General Customers,247.65972933517645,Medium,0.004837477612657548,Low,Engagement / category promotion,Email,Seasonal category promotion,2,29
13781,General Customers,247.5257558542756,Medium,0.0,Low,Engagement / category promotion,Email,Seasonal category promotion,2,94
13613,General Customers,247.32542840252052,Medium,0.0013824084347034893,Low,Engagement / category promotion,Email,Seasonal category promotion,2,25
14171,General Customers,246.17798109698515,Medium,0.0,Low,Engagement / category promotion,Email,Seasonal category promotion,2,190
17212,General Customers,246.11263655476796,Medium,0.0010171668715873961,Low,Engagement / category promotion,Email,Seasonal category promotion,2,47
16778,General Customers,245.8204219802443,Medium,0.002935451102923049,Low,Engagement / category promotion,Email,Seasonal category promotion,2,60
18053,General Customers,245.16950771680615,Medium,0.006666666666666667,Low,Engagement / category promotion,Email,Seasonal category promotion,2,91
17251,General Customers,243.66295315270858,Medium,0.0,Low,Engagement / category promotion,Email,Seasonal category promotion,2,72
18262,General Customers,243.39189258235905,Medium,0.0,Low,Engagement / category promotion,Email,Seasonal category promotion,2,92
12703,General Customers,243.13334953821982,Medium,0.0,Low,Engagement / category promotion,Email,Seasonal category promotion,2,92
15180,General Customers,242.72899203334228,Medium,0.0021832935718829496,Low,Engagement / category promotion,Email,Seasonal category promotion,2,44
13891,General Customers,241.5224012333486,Medium,0.0003472912789915358,Low,Engagement / category promotion,Email,Seasonal category promotion,2,41
16887,General Customers,241.152183190127,Medium,0.0,Low,Engagement / category promotion,Email,Seasonal category promotion,2,141
13706,General Customers,239.64660177541754,Medium,0.0,Low,Engagement / category promotion,Email,Seasonal category promotion,2,97
13754,General Customers,239.40220848958776,Medium,0.003502114953968649,Low,Engagement / category promotion,Email,Seasonal category promotion,2,57
16658,General Customers,239.36556771834958,Medium,0.0025970180167090994,Low,Engagement / category promotion,Email,Seasonal category promotion,2,25
16947,General Customers,239.32847965107516,Medium,7.274682153723928e-05,Low,Engagement / category promotion,Email,Seasonal category promotion,2,49
15396,General Customers,238.87974028767684,Medium,0.0,Low,Engagement / category promotion,Email,Seasonal category promotion,2,141
13293,General Customers,238.77970264245775,Medium,0.00049831956185569,Low,Engagement / category promotion,Email,Seasonal category promotion,2,28
16021,General Customers,238.73824799051727,Medium,0.13161345747311085,Low,Engagement / category promotion,Email,Seasonal category promotion,2,45
13585,General Customers,238.59501076884638,Medium,0.004289079403394278,Low,Engagement / category promotion,Email,Seasonal category promotion,2,41
17167,General Customers,237.92446887196425,Medium,0.2075947705879048,Low,Engagement / category promotion,Email,Seasonal category promotion,2,13
13152,General Customers,237.90592677864285,Medium,0.005242145674040383,Low,Engagement / category promotion,Email,Seasonal category promotion,2,24
12923,General Customers,237.11898510413076,Medium,0.0,Low,Engagement / category promotion,Email,Seasonal category promotion,2,102
16926,General Customers,237.10686406119254,Medium,0.17177600104765642,Low,Engagement / category promotion,Email,Seasonal category promotion,2,19
16526,General Customers,236.40903952238264,Medium,0.0,Low,Engagement / category promotion,Email,Seasonal category promotion,2,124
13872,General Customers,235.83335730451847,Medium,0.005165215793220402,Low,Engagement / category promotion,Email,Seasonal category promotion,2,40
15970,General Customers,235.4763060938108,Medium,0.0,Low,Engagement / category promotion,Email,Seasonal category promotion,2,88
13713,General Customers,235.44879652789695,Medium,0.16969378575825483,Low,Engagement / category promotion,Email,Seasonal category promotion,2,35
17709,General Customers,235.09559699434436,Medium,7.274682153723928e-05,Low,Engagement / category promotion,Email,Seasonal category promotion,2,52
14722,General Customers,233.89876814967982,Medium,0.0,Low,Engagement / category promotion,Email,Seasonal category promotion,2,68
13770,General Customers,233.88456975005633,Medium,7.274682153723928e-05,Low,Engagement / category promotion,Email,Seasonal category promotion,2,46
17413,General Customers,233.7177709128826,Medium,0.18479216610392687,Low,Engagement / category promotion,Email,Seasonal category promotion,2,50
16226,General Customers,233.33488439353314,Medium,0.004467867928294933,Low,Engagement / category promotion,Email,Seasonal category promotion,2,25
16080,General Customers,232.7000250370697,Medium,0.0,Low,Engagement / category promotion,Email,Seasonal category promotion,2,55
15908,General Customers,232.4204333862613,Medium,0.2110579751539482,Low,Engagement / category promotion,Email,Seasonal category promotion,2,6
17339,General Customers,231.5726529910202,Medium,0.00016878162063531553,Low,Engagement / category promotion,Email,Seasonal category promotion,2,83
17771,General Customers,231.43727932229893,Medium,0.0,Low,Engagement / category promotion,Email,Seasonal category promotion,2,80
18110,General Customers,231.064950157258,Medium,0.0,Low,Engagement / category promotion,Email,Seasonal category promotion,2,117
15137,General Customers,230.1397412578591,Medium,0.23808011916239447,Low,Engagement / category promotion,Email,Seasonal category promotion,2,48
14839,General Customers,229.44575987139382,Medium,0.0,Low,Engagement / category promotion,Email,Seasonal category promotion,2,57
14237,General Customers,228.6218156109486,Medium,0.0,Low,Engagement / category promotion,Email,Seasonal category promotion,2,65
16829,General Customers,228.4828574272785,Medium,0.0,Low,Engagement / category promotion,Email,Seasonal category promotion,2,69
17678,General Customers,227.7303550648159,Medium,0.0009100916799972479,Low,Engagement / category promotion,Email,Seasonal category promotion,2,102
17335,General Customers,227.60802363368282,Medium,0.0,Low,Engagement / category promotion,Email,Seasonal category promotion,2,90
15219,General Customers,227.19361077546782,Medium,0.0,Low,Engagement / category promotion,Email,Seasonal category promotion,2,142
12998,General Customers,226.70798779564132,Medium,0.17011749003011845,Low,Engagement / category promotion,Email,Seasonal category promotion,2,32
15784,General Customers,226.3782385166184,Medium,0.0,Low,Engagement / category promotion,Email,Seasonal category promotion,2,61
13565,General Customers,226.18212862110656,Medium,0.00016878162063531553,Low,Engagement / category promotion,Email,Seasonal category promotion,2,78
16178,General Customers,225.67787299748645,Medium,0.0033333333333333335,Low,Engagement / category promotion,Email,Seasonal category promotion,2,79
13996,General Customers,225.4143828844547,Medium,0.19939926706884706,Low,Engagement / category promotion,Email,Seasonal category promotion,2,4
16555,General Customers,223.2417242875373,Medium,0.0,Low,Engagement / category promotion,Email,Seasonal category promotion,2,47
14761,General Customers,223.02524364005276,Medium,0.00016878162063531553,Low,Engagement / category promotion,Email,Seasonal category promotion,2,77
14762,General Customers,222.91560590296888,Medium,0.00016878162063531553,Low,Engagement / category promotion,Email,Seasonal category promotion,2,109
14819,General Customers,221.75113658785742,Medium,0.00016878162063531553,Low,Engagement / category promotion,Email,Seasonal category promotion,2,98
13067,General Customers,221.66940874237642,Medium,0.0,Low,Engagement / category promotion,Email,Seasonal category promotion,2,73
12605,General Customers,221.29031278599166,Medium,0.21945777023952387,Low,Engagement / category promotion,Email,Seasonal category promotion,2,12
16506,Noise / Uncategorised,220.7482337926875,Medium,0.28713258350435383,Medium,Standard newsletter,Email,"General newsletter, no targeted offer",2,6
14727,General Customers,220.36714193260815,Medium,0.00016878162063531553,Low,Engagement / category promotion,Email,Seasonal category promotion,2,54
14552,General Customers,219.80631920841722,Medium,0.0003293962666347931,Low,Engagement / category promotion,Email,Seasonal category promotion,2,88
12956,General Customers,218.58936818858018,Medium,0.0,Low,Engagement / category promotion,Email,Seasonal category promotion,2,63
16414,General Customers,218.32746388360144,Medium,0.0,Low,Engagement / category promotion,Email,Seasonal category promotion,2,81
16519,General Customers,217.71740704428512,Medium,0.0,Low,Engagement / category promotion,Email,Seasonal category promotion,2,93
17783,General Customers,217.09919462458518,Medium,0.0,Low,Engagement / category promotion,Email,Seasonal category promotion,2,88
17376,General Customers,216.83281085079676,Medium,0.00016878162063531553,Low,Engagement / category promotion,Email,Seasonal category promotion,2,68
13008,General Customers,216.73820439770384,Medium,0.0,Low,Engagement / category promotion,Email,Seasonal category promotion,2,80
18040,General Customers,216.6778043033624,Medium,0.00016878162063531553,Low,Engagement / category promotion,Email,Seasonal category promotion,2,68
12880,General Customers,216.0511739902666,Medium,0.07711973379538817,Low,Engagement / category promotion,Email,Seasonal category promotion,2,58
16433,General Customers,215.99583487041485,Medium,0.00016878162063531553,Low,Engagement / category promotion,Email,Seasonal category promotion,2,114
14381,General Customers,215.8640703130143,Medium,0.0003293962666347931,Low,Engagement / category promotion,Email,Seasonal category promotion,2,120
12977,General Customers,215.38892697719717,Medium,0.0,Low,Engagement / category promotion,Email,Seasonal category promotion,2,53
16699,General Customers,214.6299953898092,Medium,0.0004530031046416713,Low,Engagement / category promotion,Email,Seasonal category promotion,2,30
17233,General Customers,214.36755460124593,Medium,0.0,Low,Engagement / category promotion,Email,Seasonal category promotion,2,138
17547,General Customers,214.01800723098563,Medium,0.0,Low,Engagement / category promotion,Email,Seasonal category promotion,2,87
13474,General Customers,213.5764444963379,Medium,0.0012738163166849498,Low,Engagement / category promotion,Email,Seasonal category promotion,2,52
12763,General Customers,213.29315002434691,Medium,0.0033333333333333335,Low,Engagement / category promotion,Email,Seasonal category promotion,2,69
16351,General Customers,213.05943906785535,Medium,4.531645721401871e-05,Low,Engagement / category promotion,Email,Seasonal category promotion,2,19
14324,General Customers,212.97554701698073,Medium,0.0,Low,Engagement / category promotion,Email,Seasonal category promotion,2,85
13684,General Customers,212.4782564546283,Medium,0.0,Low,Engagement / category promotion,Email,Seasonal category promotion,2,50
17680,General Customers,210.65530064630525,Medium,0.0033333333333333335,Low,Engagement / category promotion,Email,Seasonal category promotion,2,97
17011,General Customers,210.606521065635,Medium,0.0,Low,Engagement / category promotion,Email,Seasonal category promotion,2,124
14793,General Customers,210.46750715805467,Medium,0.0,Low,Engagement / category promotion,Email,Seasonal category promotion,2,154
17892,Noise / Uncategorised,210.25446891175523,Medium,0.48727146041046426,Medium,Standard newsletter,Email,"General newsletter, no targeted offer",2,20
14940,General Customers,210.23362298126284,Medium,0.0,Low,Engagement / category promotion,Email,Seasonal category promotion,2,94
14806,General Customers,209.99957472704992,Medium,0.00016878162063531553,Low,Engagement / category promotion,Email,Seasonal category promotion,2,109
13584,General Customers,209.812491724186,Medium,0.0,Low,Engagement / category promotion,Email,Seasonal category promotion,2,74
15986,General Customers,209.80343396147927,Medium,0.00016878162063531553,Low,Engagement / category promotion,Email,Seasonal category promotion,2,105
14647,General Customers,209.76604744915716,Medium,0.0,Low,Engagement / category promotion,Email,Seasonal category promotion,2,97
17256,General Customers,209.75123794685348,Medium,0.0,Low,Engagement / category promotion,Email,Seasonal category promotion,2,59
13262,General Customers,209.59881971147666,Medium,0.0,Low,Engagement / category promotion,Email,Seasonal category promotion,2,67
13807,General Customers,209.03208634950587,Medium,0.0,Low,Engagement / category promotion,Email,Seasonal category promotion,2,74
16680,General Customers,208.99440418570939,Medium,0.0,Low,Engagement / category promotion,Email,Seasonal category promotion,2,98
14061,General Customers,208.78137774280546,Medium,0.006189143345828987,Low,Engagement / category promotion,Email,Seasonal category promotion,2,46
16832,General Customers,208.32391189561017,Medium,0.013354104307201995,Low,Engagement / category promotion,Email,Seasonal category promotion,2,33
16138,General Customers,207.32719881338517,Medium,0.0021832935718829496,Low,Engagement / category promotion,Email,Seasonal category promotion,2,42
12958,General Customers,207.2306141252219,Medium,0.11881451212782887,Low,Engagement / category promotion,Email,Seasonal category promotion,2,55
13669,General Customers,206.9062302693625,Medium,0.00016878162063531553,Low,Engagement / category promotion,Email,Seasonal category promotion,2,71
16155,General Customers,206.31371614358713,Medium,0.23146382052833825,Low,Engagement / category promotion,Email,Seasonal category promotion,2,19
13904,General Customers,205.88547819754618,Medium,0.003502114953968649,Low,Engagement / category promotion,Email,Seasonal category promotion,2,77
17137,General Customers,205.82715325613376,Medium,0.0040838692761418546,Low,Engagement / category promotion,Email,Seasonal category promotion,2,26
14985,General Customers,205.80666522851493,Medium,0.12027453875704386,Low,Engagement / category promotion,Email,Seasonal category promotion,2,48
15918,General Customers,205.52483596060316,Medium,0.0,Low,Engagement / category promotion,Email,Seasonal category promotion,2,88
17141,General Customers,205.03073717171895,Medium,0.0003293962666347931,Low,Engagement / category promotion,Email,Seasonal category promotion,2,40
14370,General Customers,204.93124233371802,Medium,0.011565856528789694,Low,Engagement / category promotion,Email,Seasonal category promotion,2,23
14570,General Customers,204.84332928643067,Medium,0.14280205900864645,Low,Engagement / category promotion,Email,Seasonal category promotion,2,32
13733,General Customers,204.20248457596057,Medium,0.0,Low,Engagement / category promotion,Email,Seasonal category promotion,2,97
18278,General Customers,203.77946699007572,Medium,0.00016878162063531553,Low,Engagement / category promotion,Email,Seasonal category promotion,2,99
13420,Noise / Uncategorised,203.50446486270414,Medium,0.309888439777861,Medium,Standard newsletter,Email,"General newsletter, no targeted offer",2,6
17785,General Customers,203.26576238152336,Medium,0.00016878162063531553,Low,Engagement / category promotion,Email,Seasonal category promotion,2,102
16039,General Customers,203.09726392514216,Medium,0.00016878162063531553,Low,Engagement / category promotion,Email,Seasonal category promotion,2,61
13496,General Customers,202.05567455873367,Medium,0.0,Low,Engagement / category promotion,Email,Seasonal category promotion,2,105
16406,General Customers,201.51240296998557,Medium,0.0003293962666347931,Low,Engagement / category promotion,Email,Seasonal category promotion,2,127
13820,General Customers,201.50267975732748,Medium,0.0009444200500501569,Low,Engagement / category promotion,Email,Seasonal category promotion,2,52
17278,General Customers,201.45042230120438,Medium,0.002935451102923049,Low,Engagement / category promotion,Email,Seasonal category promotion,2,97
14599,General Customers,201.3664675659575,Medium,0.19416530523013772,Low,Engagement / category promotion,Email,Seasonal category promotion,2,35
12831,General Customers,201.23363151916982,Medium,0.021996221899447277,Low,Engagement / category promotion,Email,Seasonal category promotion,2,40
16792,General Customers,200.604019150525,Medium,0.0,Low,Engagement / category promotion,Email,Seasonal category promotion,2,51
14365,General Customers,199.56332424551354,Medium,0.0,Low,Engagement / category promotion,Email,Seasonal category promotion,2,86
12361,General Customers,199.15701202265663,Medium,0.0,Low,Engagement / category promotion,Email,Seasonal category promotion,2,59
17110,General Customers,198.02166798966405,Medium,0.0,Low,Engagement / category promotion,Email,Seasonal category promotion,2,89
14425,General Customers,197.93911619063152,Medium,0.0,Low,Engagement / category promotion,Email,Seasonal category promotion,2,60
17998,General Customers,197.92013034235958,Medium,0.0,Low,Engagement / category promotion,Email,Seasonal category promotion,2,72
15349,General Customers,197.70642880436054,Medium,0.18835927503332195,Low,Engagement / category promotion,Email,Seasonal category promotion,2,9
15691,General Customers,197.5002310030234,Medium,0.0,Low,Engagement / category promotion,Email,Seasonal category promotion,2,72
16808,General Customers,196.7678134381253,Medium,0.2404296611133822,Low,Engagement / category promotion,Email,Seasonal category promotion,2,52
12920,General Customers,196.1465217771144,Medium,0.0,Low,Engagement / category promotion,Email,Seasonal category promotion,2,106
15545,General Customers,195.89160020712308,Medium,0.0,Low,Engagement / category promotion,Email,Seasonal category promotion,2,95
15683,General Customers,195.13708089548084,Medium,0.0,Low,Engagement / category promotion,Email,Seasonal category promotion,2,107
12810,General Customers,194.1089725437316,Medium,0.23461501080850122,Low,Engagement / category promotion,Email,Seasonal category promotion,2,43
16565,General Customers,193.86347440349513,Medium,0.12277039945584635,Low,Engagement / category promotion,Email,Seasonal category promotion,2,29
15458,General Customers,193.59396881002468,Low,0.00016878162063531553,Low,Engagement / category promotion,Email,Seasonal category promotion,2,113
13677,General Customers,193.07702187746045,Low,0.2165232004067429,Low,Engagement / category promotion,Email,Seasonal category promotion,2,34
18203,General Customers,192.95279065973742,Low,0.0,Low,Engagement / category promotion,Email,Seasonal category promotion,2,86
18191,General Customers,191.27311586230795,Low,0.0,Low,Engagement / category promotion,Email,Seasonal category promotion,2,64
17536,General Customers,191.00914596744101,Low,0.00016878162063531553,Low,Engagement / category promotion,Email,Seasonal category promotion,2,101
15447,General Customers,190.7947102186907,Low,0.0008844864389104,Low,Engagement / category promotion,Email,Seasonal category promotion,2,35
16946,General Customers,190.73367944161546,Low,0.0012643451559522312,Low,Engagement / category promotion,Email,Seasonal category promotion,2,32
15724,General Customers,190.40283584895894,Low,0.011462603526017917,Low,Engagement / category promotion,Email,Seasonal category promotion,2,40
14437,General Customers,189.58317456051176,Low,0.0013824084347034893,Low,Engagement / category promotion,Email,Seasonal category promotion,2,26
16050,General Customers,189.1909769427687,Low,0.005777462822963173,Low,Engagement / category promotion,Email,Seasonal category promotion,2,45
13857,General Customers,188.8854052055718,Low,0.1606053947795716,Low,Engagement / category promotion,Email,Seasonal category promotion,2,18
17310,Noise / Uncategorised,188.8602173426817,Low,0.3153166498636348,Medium,Standard newsletter,Email,"General newsletter, no targeted offer",2,44
14768,Noise / Uncategorised,188.7711249835413,Low,0.44309893087529045,Medium,Standard newsletter,Email,"General newsletter, no targeted offer",2,33
15542,General Customers,188.11500248695302,Low,0.0006766875456263289,Low,Engagement / category promotion,Email,Seasonal category promotion,2,45
15041,General Customers,187.4096167437305,Low,0.001876241134751773,Low,Engagement / category promotion,Email,Seasonal category promotion,2,82
18108,General Customers,187.25936872374191,Low,0.0,Low,Engagement / category promotion,Email,Seasonal category promotion,2,97
15462,General Customers,187.13833806715218,Low,7.274682153723928e-05,Low,Engagement / category promotion,Email,Seasonal category promotion,2,53
13987,General Customers,187.0252779915655,Low,0.24638686894370043,Low,Engagement / category promotion,Email,Seasonal category promotion,2,6
13710,General Customers,185.9312922437489,Low,0.002728022686259345,Low,Engagement / category promotion,Email,Seasonal category promotion,2,116
18039,General Customers,185.70453889262342,Low,0.0003293962666347931,Low,Engagement / category promotion,Email,Seasonal category promotion,2,40
13533,Noise / Uncategorised,184.13609008350753,Low,0.30336228526284126,Medium,Standard newsletter,Email,"General newsletter, no targeted offer",2,17
16644,General Customers,183.36228109267978,Low,0.22804338993919487,Low,Engagement / category promotion,Email,Seasonal category promotion,2,10
17286,General Customers,183.05748160411923,Low,0.0,Low,Engagement / category promotion,Email,Seasonal category promotion,2,76
15124,General Customers,182.53969529332196,Low,0.00016878162063531553,Low,Engagement / category promotion,Email,Seasonal category promotion,2,94
17391,Noise / Uncategorised,181.96202241165668,Low,0.450490086787817,Medium,Standard newsletter,Email,"General newsletter, no targeted offer",2,30
15580,General Customers,181.74148317830625,Low,0.006209883180689743,Low,Engagement / category promotion,Email,Seasonal category promotion,2,22
15262,General Customers,181.0319561384912,Low,0.23402405822950462,Low,Engagement / category promotion,Email,Seasonal category promotion,2,33
14399,General Customers,180.2341539893441,Low,0.019670843523312435,Low,Engagement / category promotion,Email,Seasonal category promotion,2,21
16315,General Customers,180.168176939611,Low,0.003502114953968649,Low,Engagement / category promotion,Email,Seasonal category promotion,2,62
13937,General Customers,180.11609215522225,Low,0.0,Low,Engagement / category promotion,Email,Seasonal category promotion,2,70
13792,General Customers,179.86754538682882,Low,0.00016878162063531553,Low,Engagement / category promotion,Email,Seasonal category promotion,2,71
14823,Noise / Uncategorised,179.85483013193357,Low,0.37243681865527617,Medium,Standard newsletter,Email,"General newsletter, no targeted offer",2,3
15280,General Customers,179.5609354828852,Low,0.00016878162063531553,Low,Engagement / category promotion,Email,Seasonal category promotion,2,80
17187,General Customers,179.51264240131783,Low,0.002262983085111864,Low,Engagement / category promotion,Email,Seasonal category promotion,2,90
16977,General Customers,179.4395681873911,Low,0.0026165147222677425,Low,Engagement / category promotion,Email,Seasonal category promotion,2,35
16921,General Customers,179.37926140150464,Low,0.0,Low,Engagement / category promotion,Email,Seasonal category promotion,2,108
16448,General Customers,179.14932180417634,Low,0.00016878162063531553,Low,Engagement / category promotion,Email,Seasonal category promotion,2,82
15661,General Customers,177.5737188417668,Low,0.018343169945237006,Low,Engagement / category promotion,Email,Seasonal category promotion,2,20
15362,General Customers,177.5010184531425,Low,0.004243425013330581,Low,Engagement / category promotion,Email,Seasonal category promotion,2,87
13712,General Customers,176.62555559111803,Low,0.0,Low,Engagement / category promotion,Email,Seasonal category promotion,2,109
16310,General Customers,176.51573093336663,Low,0.00016878162063531553,Low,Engagement / category promotion,Email,Seasonal category promotion,2,68
17726,General Customers,175.59956866869254,Low,0.00049831956185569,Low,Engagement / category promotion,Email,Seasonal category promotion,2,25
17194,General Customers,175.08652762582042,Low,0.0009444200500501569,Low,Engagement / category promotion,Email,Seasonal category promotion,2,51
16893,General Customers,175.00651735592803,Low,0.1273870889069478,Low,Engagement / category promotion,Email,Seasonal category promotion,2,3
14065,General Customers,174.0172875931861,Low,0.1986277311459285,Low,Engagement / category promotion,Email,Seasonal category promotion,2,8
17962,General Customers,173.39444429542834,Low,0.0003293962666347931,Low,Engagement / category promotion,Email,Seasonal category promotion,2,83
12829,General Customers,172.99448395792814,Low,0.014032978224516324,Low,Engagement / category promotion,Email,Seasonal category promotion,2,43
15347,General Customers,172.93076413710432,Low,0.2125141912646983,Low,Engagement / category promotion,Email,Seasonal category promotion,2,11
14372,General Customers,171.9614195448341,Low,0.2094382114180163,Low,Engagement / category promotion,Email,Seasonal category promotion,2,47
13948,General Customers,171.55031716200313,Low,0.0,Low,Engagement / category promotion,Email,Seasonal category promotion,2,56
17801,General Customers,171.38251274306765,Low,0.0009444200500501569,Low,Engagement / category promotion,Email,Seasonal category promotion,2,48
12440,General Customers,170.96964776743755,Low,0.0,Low,Engagement / category promotion,Email,Seasonal category promotion,2,76
13957,General Customers,170.24562070443577,Low,0.005472906395872704,Low,Engagement / category promotion,Email,Seasonal category promotion,2,48
13187,General Customers,169.77940438576675,Low,0.0058484232427062285,Low,Engagement / category promotion,Email,Seasonal category promotion,2,43
13965,General Customers,169.53583521217195,Low,0.005516626905216283,Low,Engagement / category promotion,Email,Seasonal category promotion,2,45
12672,General Customers,169.06867942985738,Low,0.00016878162063531553,Low,Engagement / category promotion,Email,Seasonal category promotion,2,80
13729,General Customers,168.46436759188296,Low,0.0010171668715873961,Low,Engagement / category promotion,Email,Seasonal category promotion,2,50
14148,General Customers,165.78271091214808,Low,0.1756141388856823,Low,Engagement / category promotion,Email,Seasonal category promotion,2,54
13885,General Customers,165.76034171751127,Low,0.24112420914802304,Low,Engagement / category promotion,Email,Seasonal category promotion,2,3
13686,General Customers,165.10624574712136,Low,0.015971250479932836,Low,Engagement / category promotion,Email,Seasonal category promotion,2,44
16997,General Customers,165.04616972539262,Low,0.22461151975688046,Low,Engagement / category promotion,Email,Seasonal category promotion,2,7
16641,General Customers,164.8245842769781,Low,0.0,Low,Engagement / category promotion,Email,Seasonal category promotion,2,179
15689,General Customers,164.51848622934466,Low,0.0,Low,Engagement / category promotion,Email,Seasonal category promotion,2,99
14836,Noise / Uncategorised,164.04313275368432,Low,0.29294409056817716,Medium,Standard newsletter,Email,"General newsletter, no targeted offer",2,4
18048,General Customers,163.00455719265904,Low,0.00016878162063531553,Low,Engagement / category promotion,Email,Seasonal category promotion,2,58
13859,General Customers,162.9859467961194,Low,0.0,Low,Engagement / category promotion,Email,Seasonal category promotion,2,61
17946,Noise / Uncategorised,162.34408813108266,Low,0.4179231673666196,Medium,Standard newsletter,Email,"General newsletter, no targeted offer",2,8
17996,General Customers,162.0822883413549,Low,0.12029123913944716,Low,Engagement / category promotion,Email,Seasonal category promotion,2,33
15418,General Customers,161.66697250984518,Low,0.16247061242026306,Low,Engagement / category promotion,Email,Seasonal category promotion,2,48
17789,General Customers,161.22904248340976,Low,0.003502114953968649,Low,Engagement / category promotion,Email,Seasonal category promotion,2,114
17683,General Customers,161.18824539798968,Low,0.20395278820336335,Low,Engagement / category promotion,Email,Seasonal category promotion,2,34
13537,General Customers,160.6101024483713,Low,0.219592825995028,Low,Engagement / category promotion,Email,Seasonal category promotion,2,8
15173,General Customers,160.59064198327223,Low,0.0170204998934451,Low,Engagement / category promotion,Email,Seasonal category promotion,2,20
17171,General Customers,159.96907296623294,Low,0.00016878162063531553,Low,Engagement / category promotion,Email,Seasonal category promotion,2,112
13600,General Customers,159.34876670585828,Low,0.0,Low,Engagement / category promotion,Email,Seasonal category promotion,2,96
14968,General Customers,159.0787760065817,Low,0.0,Low,Engagement / category promotion,Email,Seasonal category promotion,2,128
15512,General Customers,159.04153298896662,Low,0.0,Low,Engagement / category promotion,Email,Seasonal category promotion,2,78
16773,General Customers,158.68215909878666,Low,0.00016878162063531553,Low,Engagement / category promotion,Email,Seasonal category promotion,2,135
15432,General Customers,158.3118621251107,Low,0.00016878162063531553,Low,Engagement / category promotion,Email,Seasonal category promotion,2,155
17834,General Customers,158.20842193770503,Low,0.19361414840473737,Low,Engagement / category promotion,Email,Seasonal category promotion,2,9
15748,General Customers,158.17191763097912,Low,0.0,Low,Engagement / category promotion,Email,Seasonal category promotion,2,82
15562,General Customers,158.06407499190382,Low,0.0,Low,Engagement / category promotion,Email,Seasonal category promotion,2,75
14353,General Customers,157.7588411556097,Low,0.011922431474170615,Low,Engagement / category promotion,Email,Seasonal category promotion,2,43
14986,General Customers,157.6207225498134,Low,0.0,Low,Engagement / category promotion,Email,Seasonal category promotion,2,92
16856,General Customers,157.47003386424132,Low,0.00016878162063531553,Low,Engagement / category promotion,Email,Seasonal category promotion,2,85
16847,General Customers,157.39005149124907,Low,0.0033333333333333335,Low,Engagement / category promotion,Email,Seasonal category promotion,2,172
16424,General Customers,156.63818944344501,Low,0.15517833459901909,Low,Engagement / category promotion,Email,Seasonal category promotion,2,57
12547,General Customers,156.33979748262152,Low,0.00016878162063531553,Low,Engagement / category promotion,Email,Seasonal category promotion,2,60
12445,General Customers,156.27208704199208,Low,0.00016878162063531553,Low,Engagement / category promotion,Email,Seasonal category promotion,2,119
13899,General Customers,155.67418175887872,Low,0.00016878162063531553,Low,Engagement / category promotion,Email,Seasonal category promotion,2,77
16465,General Customers,155.1191644316746,Low,0.21804207237952572,Low,Engagement / category promotion,Email,Seasonal category promotion,2,7
13962,General Customers,155.0043736216612,Low,0.00016878162063531553,Low,Engagement / category promotion,Email,Seasonal category promotion,2,83
18049,General Customers,154.98593189650848,Low,0.11894028352385627,Low,Engagement / category promotion,Email,Seasonal category promotion,2,46
18042,General Customers,152.15412958240213,Low,0.00016878162063531553,Low,Engagement / category promotion,Email,Seasonal category promotion,2,146
16472,General Customers,152.01545477877212,Low,0.22440539773945337,Low,Engagement / category promotion,Email,Seasonal category promotion,2,49
18011,General Customers,151.61703747589834,Low,0.0,Low,Engagement / category promotion,Email,Seasonal category promotion,2,58
14241,General Customers,151.446646450399,Low,0.00016878162063531553,Low,Engagement / category promotion,Email,Seasonal category promotion,2,154
17098,General Customers,151.38278370091973,Low,0.2451545905321881,Low,Engagement / category promotion,Email,Seasonal category promotion,2,32
17753,General Customers,151.3436484432999,Low,0.006895642930418472,Low,Engagement / category promotion,Email,Seasonal category promotion,2,36
17928,General Customers,150.8317562381729,Low,0.00016878162063531553,Low,Engagement / category promotion,Email,Seasonal category promotion,2,105
13470,Noise / Uncategorised,150.38058368547797,Low,0.307057987129426,Medium,Standard newsletter,Email,"General newsletter, no targeted offer",2,4
15437,General Customers,148.70874135085052,Low,0.00016878162063531553,Low,Engagement / category promotion,Email,Seasonal category promotion,2,113
18212,General Customers,148.41848835027508,Low,0.0,Low,Engagement / category promotion,Email,Seasonal category promotion,2,105
15191,General Customers,147.50377147659407,Low,0.004289079403394278,Low,Engagement / category promotion,Email,Seasonal category promotion,2,45
16866,Noise / Uncategorised,147.299317644785,Low,0.3826226900631486,Medium,Standard newsletter,Email,"General newsletter, no targeted offer",2,4
16542,General Customers,145.92458729088935,Low,0.002935451102923049,Low,Engagement / category promotion,Email,Seasonal category promotion,2,104
16707,General Customers,145.63155170912586,Low,0.0017320282833573426,Low,Engagement / category promotion,Email,Seasonal category promotion,2,36
13443,General Customers,144.41393902655233,Low,0.010400749254660837,Low,Engagement / category promotion,Email,Seasonal category promotion,2,23
13283,General Customers,144.33428894303484,Low,0.0,Low,Engagement / category promotion,Email,Seasonal category promotion,2,87
14877,General Customers,144.10953393156262,Low,0.0,Low,Engagement / category promotion,Email,Seasonal category promotion,2,67
15504,General Customers,144.04664797689188,Low,0.00016878162063531553,Low,Engagement / category promotion,Email,Seasonal category promotion,2,88
14594,General Customers,143.32224408971632,Low,0.0033333333333333335,Low,Engagement / category promotion,Email,Seasonal category promotion,2,110
13003,Noise / Uncategorised,143.11082911230162,Low,0.35503909488458374,Medium,Standard newsletter,Email,"General newsletter, no targeted offer",2,22
15989,General Customers,142.98623266206488,Low,0.0,Low,Engagement / category promotion,Email,Seasonal category promotion,2,108
17963,General Customers,142.42025297718644,Low,0.002335931393365463,Low,Engagement / category promotion,Email,Seasonal category promotion,2,33
17476,General Customers,142.0538107207575,Low,0.0,Low,Engagement / category promotion,Email,Seasonal category promotion,2,102
13482,General Customers,141.83374040579085,Low,0.00016878162063531553,Low,Engagement / category promotion,Email,Seasonal category promotion,2,118
17024,Noise / Uncategorised,141.4298946137602,Low,0.28791754411354975,Medium,Standard newsletter,Email,"General newsletter, no targeted offer",2,22
14238,General Customers,141.26409319004446,Low,0.00016878162063531553,Low,Engagement / category promotion,Email,Seasonal category promotion,2,82
15670,General Customers,141.14161004737994,Low,0.00016878162063531553,Low,Engagement / category promotion,Email,Seasonal category promotion,2,78
13433,General Customers,141.04000258683772,Low,0.004417814987258853,Low,Engagement / category promotion,Email,Seasonal category promotion,2,29
15420,General Customers,141.02346671547508,Low,0.0004530031046416713,Low,Engagement / category promotion,Email,Seasonal category promotion,2,30
13773,General Customers,139.94560300228738,Low,0.00016878162063531553,Low,Engagement / category promotion,Email,Seasonal category promotion,2,79
14949,General Customers,139.23207653115378,Low,0.012386953313613237,Low,Engagement / category promotion,Email,Seasonal category promotion,2,38
14962,General Customers,138.5001193080766,Low,0.008271664896042315,Low,Engagement / category promotion,Email,Seasonal category promotion,2,47
14208,General Customers,137.2650167324487,Low,0.0,Low,Engagement / category promotion,Email,Seasonal category promotion,2,137
15446,General Customers,137.088089805284,Low,0.0,Low,Engagement / category promotion,Email,Seasonal category promotion,2,70
13519,General Customers,136.76107714896108,Low,0.00016878162063531553,Low,Engagement / category promotion,Email,Seasonal category promotion,2,109
17219,General Customers,136.4477935084163,Low,0.00016878162063531553,Low,Engagement / category promotion,Email,Seasonal category promotion,2,115
14314,General Customers,135.8466746632625,Low,0.0027666694822877334,Low,Engagement / category promotion,Email,Seasonal category promotion,2,97
17274,General Customers,135.1327247992997,Low,0.0,Low,Engagement / category promotion,Email,Seasonal category promotion,2,108
12604,General Customers,135.0912443253535,Low,0.19245692358474661,Low,Engagement / category promotion,Email,Seasonal category promotion,2,55
13415,General Customers,135.02229901888208,Low,0.0,Low,Engagement / category promotion,Email,Seasonal category promotion,2,38
15169,General Customers,134.83361156252766,Low,0.0,Low,Engagement / category promotion,Email,Seasonal category promotion,2,103
17038,General Customers,134.7694762729184,Low,0.0,Low,Engagement / category promotion,Email,Seasonal category promotion,2,115
16499,General Customers,132.79242291443336,Low,0.22187771133823816,Low,Engagement / category promotion,Email,Seasonal category promotion,2,14
17601,General Customers,130.89468394329313,Low,0.23855897147798752,Low,Engagement / category promotion,Email,Seasonal category promotion,2,42
14500,Noise / Uncategorised,130.72497895527073,Low,0.4121223111876067,Medium,Standard newsletter,Email,"General newsletter, no targeted offer",2,20
16405,Noise / Uncategorised,130.59713199664523,Low,0.3831763242020349,Medium,Standard newsletter,Email,"General newsletter, no targeted offer",2,2
17200,General Customers,130.13897994721088,Low,0.006518536442797385,Low,Engagement / category promotion,Email,Seasonal category promotion,2,40
14122,General Customers,129.96025417792035,Low,0.00016878162063531553,Low,Engagement / category promotion,Email,Seasonal category promotion,2,66
17756,General Customers,129.61795783892072,Low,0.1749651972120853,Low,Engagement / category promotion,Email,Seasonal category promotion,2,4
15055,General Customers,129.17861511944156,Low,0.0009444200500501569,Low,Engagement / category promotion,Email,Seasonal category promotion,2,50
15454,General Customers,128.89577889786415,Low,0.00016878162063531553,Low,Engagement / category promotion,Email,Seasonal category promotion,2,77
14322,General Customers,127.8949609805895,Low,0.0037287469646002567,Low,Engagement / category promotion,Email,Seasonal category promotion,2,34
17804,General Customers,127.56655121521915,Low,0.0,Low,Engagement / category promotion,Email,Seasonal category promotion,2,72
17542,General Customers,127.51031139802942,Low,0.0,Low,Engagement / category promotion,Email,Seasonal category promotion,2,74
16524,General Customers,126.70158726198463,Low,0.0020450227553870885,Low,Engagement / category promotion,Email,Seasonal category promotion,2,74
16259,General Customers,125.78227967969852,Low,0.010565099844151238,Low,Engagement / category promotion,Email,Seasonal category promotion,2,39
12974,General Customers,124.7327642527263,Low,0.00016878162063531553,Low,Engagement / category promotion,Email,Seasonal category promotion,2,110
17270,General Customers,124.28033478570877,Low,0.0009100916799972479,Low,Engagement / category promotion,Email,Seasonal category promotion,2,79
16166,General Customers,123.83899170213954,Low,0.00016878162063531553,Low,Engagement / category promotion,Email,Seasonal category promotion,2,79
14271,General Customers,123.69846699753326,Low,0.22111860533357666,Low,Engagement / category promotion,Email,Seasonal category promotion,2,55
17245,General Customers,123.43850037384024,Low,0.00016878162063531553,Low,Engagement / category promotion,Email,Seasonal category promotion,2,145
17807,General Customers,122.87150623545858,Low,0.0033333333333333335,Low,Engagement / category promotion,Email,Seasonal category promotion,2,62
17898,General Customers,121.6303601485132,Low,0.0,Low,Engagement / category promotion,Email,Seasonal category promotion,2,72
15135,General Customers,119.41382254654586,Low,0.00016878162063531553,Low,Engagement / category promotion,Email,Seasonal category promotion,2,95
15852,General Customers,118.89510839282762,Low,0.001035562601530542,Low,Engagement / category promotion,Email,Seasonal category promotion,2,68
16006,General Customers,118.63261735112721,Low,0.11241839390870514,Low,Engagement / category promotion,Email,Seasonal category promotion,2,53
17518,General Customers,117.45537419409642,Low,0.001876241134751773,Low,Engagement / category promotion,Email,Seasonal category promotion,2,58
16264,General Customers,116.98446340875907,Low,0.18198816647621596,Low,Engagement / category promotion,Email,Seasonal category promotion,2,2
12837,General Customers,116.53563082857897,Low,0.0,Low,Engagement / category promotion,Email,Seasonal category promotion,2,119
17773,General Customers,116.52571080779782,Low,0.22478084994480588,Low,Engagement / category promotion,Email,Seasonal category promotion,2,52
13582,General Customers,115.70814633387556,Low,0.002935451102923049,Low,Engagement / category promotion,Email,Seasonal category promotion,2,68
16888,General Customers,115.62470320168622,Low,0.00016878162063531553,Low,Engagement / category promotion,Email,Seasonal category promotion,2,60
12419,General Customers,115.0563704141139,Low,0.2318188344031835,Low,Engagement / category promotion,Email,Seasonal category promotion,2,8
15869,General Customers,114.41575113254956,Low,0.00016878162063531553,Low,Engagement / category promotion,Email,Seasonal category promotion,2,70
18255,General Customers,113.59304185585714,Low,0.00016878162063531553,Low,Engagement / category promotion,Email,Seasonal category promotion,2,110
15042,General Customers,112.68921404945209,Low,0.00016878162063531553,Low,Engagement / category promotion,Email,Seasonal category promotion,2,119
12800,General Customers,110.04562318565074,Low,0.004289079403394278,Low,Engagement / category promotion,Email,Seasonal category promotion,2,41
14981,General Customers,108.67320790623398,Low,0.18037925944148583,Low,Engagement / category promotion,Email,Seasonal category promotion,2,53
16799,General Customers,108.10262004770726,Low,0.17870579868379868,Low,Engagement / category promotion,Email,Seasonal category promotion,2,6
17890,General Customers,107.63872049703164,Low,0.20750231311893064,Low,Engagement / category promotion,Email,Seasonal category promotion,2,11
15709,General Customers,107.2567329943551,Low,0.00016878162063531553,Low,Engagement / category promotion,Email,Seasonal category promotion,2,92
13010,General Customers,107.00277181080573,Low,0.00016878162063531553,Low,Engagement / category promotion,Email,Seasonal category promotion,2,82
17718,General Customers,106.75625189186229,Low,0.00016878162063531553,Low,Engagement / category promotion,Email,Seasonal category promotion,2,124
14807,General Customers,106.3440826849295,Low,0.0,Low,Engagement / category promotion,Email,Seasonal category promotion,2,78
17326,General Customers,105.50717136774306,Low,0.22673346751332044,Low,Engagement / category promotion,Email,Seasonal category promotion,2,36
17327,General Customers,105.34291768798379,Low,0.2309303261919292,Low,Engagement / category promotion,Email,Seasonal category promotion,2,46
15729,General Customers,105.02188660796494,Low,0.19468979611717643,Low,Engagement / category promotion,Email,Seasonal category promotion,2,38
16868,General Customers,104.07320391586575,Low,0.017444015262804365,Low,Engagement / category promotion,Email,Seasonal category promotion,2,40
17363,Noise / Uncategorised,103.93242934840349,Low,0.26120062203987243,Medium,Standard newsletter,Email,"General newsletter, no targeted offer",2,1
13261,Noise / Uncategorised,103.4194887423947,Low,0.25064476297713595,Medium,Standard newsletter,Email,"General newsletter, no targeted offer",2,5
12353,General Customers,102.55535656924943,Low,0.00016878162063531553,Low,Engagement / category promotion,Email,Seasonal category promotion,2,61
15196,General Customers,101.62316431865811,Low,0.00016878162063531553,Low,Engagement / category promotion,Email,Seasonal category promotion,2,88
15666,General Customers,101.22601381079357,Low,0.19637246550623177,Low,Engagement / category promotion,Email,Seasonal category promotion,2,7
13161,General Customers,99.73600590342342,Low,0.10767273824278002,Low,Engagement / category promotion,Email,Seasonal category promotion,2,56
13672,General Customers,99.47056548350716,Low,0.00016878162063531553,Low,Engagement / category promotion,Email,Seasonal category promotion,2,86
12898,General Customers,95.49180909336043,Low,0.00016878162063531553,Low,Engagement / category promotion,Email,Seasonal category promotion,2,58
18227,General Customers,93.9808342406492,Low,0.00016878162063531553,Low,Engagement / category promotion,Email,Seasonal category promotion,2,80
15445,General Customers,93.52360522288235,Low,0.00016878162063531553,Low,Engagement / category promotion,Email,Seasonal category promotion,2,98
14492,General Customers,93.34692258944911,Low,0.17451760768200972,Low,Engagement / category promotion,Email,Seasonal category promotion,2,16
16852,Noise / Uncategorised,93.09740125652044,Low,0.29405361870256397,Medium,Standard newsletter,Email,"General newsletter, no targeted offer",2,50
13106,General Customers,92.98164120299373,Low,0.0,Low,Engagement / category promotion,Email,Seasonal category promotion,2,84
15503,General Customers,92.7150437177185,Low,0.001876241134751773,Low,Engagement / category promotion,Email,Seasonal category promotion,2,109
14483,General Customers,92.63811626531394,Low,0.002935451102923049,Low,Engagement / category promotion,Email,Seasonal category promotion,2,136
17217,General Customers,91.31265558111694,Low,0.0038022320838182757,Low,Engagement / category promotion,Email,Seasonal category promotion,2,116
17258,General Customers,91.09400892216365,Low,0.00016878162063531553,Low,Engagement / category promotion,Email,Seasonal category promotion,2,80
17182,General Customers,90.69220449609506,Low,0.00016878162063531553,Low,Engagement / category promotion,Email,Seasonal category promotion,2,88
16631,General Customers,90.42583558496284,Low,0.21347793114175712,Low,Engagement / category promotion,Email,Seasonal category promotion,2,15
13480,General Customers,88.63838108121682,Low,0.0,Low,Engagement / category promotion,Email,Seasonal category promotion,2,79
15501,General Customers,88.25727032555868,Low,0.17568490277919163,Low,Engagement / category promotion,Email,Seasonal category promotion,2,3
17022,General Customers,86.78205362933645,Low,0.002935451102923049,Low,Engagement / category promotion,Email,Seasonal category promotion,2,120
13508,General Customers,86.556810014742,Low,0.00016878162063531553,Low,Engagement / category promotion,Email,Seasonal category promotion,2,120
15516,Noise / Uncategorised,86.40039659819968,Low,0.4294617252751717,Medium,Standard newsletter,Email,"General newsletter, no targeted offer",2,1
16913,General Customers,85.55940191230712,Low,0.00016878162063531553,Low,Engagement / category promotion,Email,Seasonal category promotion,2,72
14436,General Customers,84.27362173700995,Low,0.00016878162063531553,Low,Engagement / category promotion,Email,Seasonal category promotion,2,136
17638,Noise / Uncategorised,83.70558102068281,Low,0.4974352096664533,Medium,Standard newsletter,Email,"General newsletter, no targeted offer",2,22
15451,General Customers,83.22702427534429,Low,0.21225343408316083,Low,Engagement / category promotion,Email,Seasonal category promotion,2,49
15216,General Customers,82.43306437469481,Low,0.0020942014644765483,Low,Engagement / category promotion,Email,Seasonal category promotion,2,159
12665,General Customers,82.176210119291,Low,0.00016878162063531553,Low,Engagement / category promotion,Email,Seasonal category promotion,2,69
14043,General Customers,81.40835172986402,Low,0.00016878162063531553,Low,Engagement / category promotion,Email,Seasonal category promotion,2,71
16854,General Customers,81.26275578505289,Low,0.00042013570438835746,Low,Engagement / category promotion,Email,Seasonal category promotion,2,67
17446,Noise / Uncategorised,81.15169667513373,Low,0.32979616913429394,Medium,Standard newsletter,Email,"General newsletter, no targeted offer",2,40
17776,General Customers,80.71422647585688,Low,0.001876241134751773,Low,Engagement / category promotion,Email,Seasonal category promotion,2,101
12765,General Customers,79.44120450080574,Low,0.19740876380574165,Low,Engagement / category promotion,Email,Seasonal category promotion,2,17
14563,General Customers,78.18200649279868,Low,0.23503996552439005,Low,Engagement / category promotion,Email,Seasonal category promotion,2,25
14119,General Customers,78.07061148433321,Low,0.001035562601530542,Low,Engagement / category promotion,Email,Seasonal category promotion,2,103
12855,General Customers,77.94771415979676,Low,0.20862438232756508,Low,Engagement / category promotion,Email,Seasonal category promotion,2,4
12821,General Customers,77.55798526283915,Low,0.0038022320838182757,Low,Engagement / category promotion,Email,Seasonal category promotion,2,119
13194,General Customers,75.09348839033113,Low,0.0020942014644765483,Low,Engagement / category promotion,Email,Seasonal category promotion,2,86
15141,General Customers,74.39744116980842,Low,0.19203215140888066,Low,Engagement / category promotion,Email,Seasonal category promotion,2,14
15552,General Customers,74.3464005957135,Low,0.002935451102923049,Low,Engagement / category promotion,Email,Seasonal category promotion,2,122
18281,General Customers,72.91750798703258,Low,0.007135565417151609,Low,Engagement / category promotion,Email,Seasonal category promotion,2,119
12542,General Customers,72.09261862450276,Low,0.1889527946565118,Low,Engagement / category promotion,Email,Seasonal category promotion,2,47
17309,General Customers,70.45339306629991,Low,0.00016878162063531553,Low,Engagement / category promotion,Email,Seasonal category promotion,2,115
13832,General Customers,68.57614259223153,Low,0.0009100916799972479,Low,Engagement / category promotion,Email,Seasonal category promotion,2,121
17170,Noise / Uncategorised,68.26076577668279,Low,0.2563764265695746,Medium,Standard newsletter,Email,"General newsletter, no targeted offer",2,4
12845,Noise / Uncategorised,68.21557733098986,Low,0.4181047379872308,Medium,Standard newsletter,Email,"General newsletter, no targeted offer",2,3
16828,Noise / Uncategorised,67.76115727182281,Low,0.4020944106115752,Medium,Standard newsletter,Email,"General newsletter, no targeted offer",2,6
13679,General Customers,64.90884754654964,Low,0.008339695345852036,Low,Engagement / category promotion,Email,Seasonal category promotion,2,48
17991,General Customers,64.71262214031705,Low,0.00016878162063531553,Low,Engagement / category promotion,Email,Seasonal category promotion,2,73
17497,General Customers,62.336102028077086,Low,0.00016878162063531553,Low,Engagement / category promotion,Email,Seasonal category promotion,2,66
14617,Noise / Uncategorised,61.4332591885091,Low,0.2674809247050208,Medium,Standard newsletter,Email,"General newsletter, no targeted offer",2,4
16078,General Customers,61.0401642634358,Low,0.00016878162063531553,Low,Engagement / category promotion,Email,Seasonal category promotion,2,116
15566,General Customers,60.517585963419975,Low,0.0027666694822877334,Low,Engagement / category promotion,Email,Seasonal category promotion,2,99
14746,Noise / Uncategorised,59.443506180703174,Low,0.32375140103801814,Medium,Standard newsletter,Email,"General newsletter, no targeted offer",2,3
14840,General Customers,59.42999565310291,Low,0.00016878162063531553,Low,Engagement / category promotion,Email,Seasonal category promotion,2,81
16125,General Customers,57.541001443020875,Low,0.00040508323097436673,Low,Engagement / category promotion,Email,Seasonal category promotion,2,15
14957,General Customers,49.20031662822278,Low,0.002935451102923049,Low,Engagement / category promotion,Email,Seasonal category promotion,2,117
12376,General Customers,48.629875306723356,Low,0.22029913266113121,Low,Engagement / category promotion,Email,Seasonal category promotion,2,8
13275,General Customers,47.8494145719782,Low,0.001876241134751773,Low,Engagement / category promotion,Email,Seasonal category promotion,2,74
15403,General Customers,47.09630115819107,Low,0.0033333333333333335,Low,Engagement / category promotion,Email,Seasonal category promotion,2,71
14455,General Customers,46.41603049145233,Low,0.2202603845812015,Low,Engagement / category promotion,Email,Seasonal category promotion,2,9
15873,Noise / Uncategorised,45.808700748301625,Low,0.4599868788283606,Medium,Standard newsletter,Email,"General newsletter, no targeted offer",2,1
13556,Noise / Uncategorised,44.99661002347014,Low,0.4764366325650987,Medium,Standard newsletter,Email,"General newsletter, no targeted offer",2,2
17241,General Customers,44.85422498306864,Low,0.00040508323097436673,Low,Engagement / category promotion,Email,Seasonal category promotion,2,14
17912,Noise / Uncategorised,44.274043176333485,Low,0.42720131325878546,Medium,Standard newsletter,Email,"General newsletter, no targeted offer",2,6
17252,Noise / Uncategorised,44.09043012561371,Low,0.2539976149083384,Medium,Standard newsletter,Email,"General newsletter, no targeted offer",2,21
13252,General Customers,41.65980540607976,Low,0.003502114953968649,Low,Engagement / category promotion,Email,Seasonal category promotion,2,69
17408,General Customers,40.57287546204448,Low,0.00016878162063531553,Low,Engagement / category promotion,Email,Seasonal category promotion,2,70
13307,General Customers,36.73642182583161,Low,0.001035562601530542,Low,Engagement / category promotion,Email,Seasonal category promotion,2,94
16197,General Customers,36.08720019914392,Low,0.0036022450948487604,Low,Engagement / category promotion,Email,Seasonal category promotion,2,17
15094,Noise / Uncategorised,26.07773261353178,Low,0.26031808243114773,Medium,Standard newsletter,Email,"General newsletter, no targeted offer",2,54
14610,Noise / Uncategorised,15.444599525079083,Low,0.4858835770147574,Medium,Standard newsletter,Email,"General newsletter, no targeted offer",2,35
16032,General Customers,13.97471253253216,Low,0.09297544611802404,Low,Engagement / category promotion,Email,Seasonal category promotion,2,7
14025,Noise / Uncategorised,12.850806093327241,Low,0.3211557523884462,Medium,Standard newsletter,Email,"General newsletter, no targeted offer",2,9
15884,General Customers,11.237443821763971,Low,0.002935451102923049,Low,Engagement / category promotion,Email,Seasonal category promotion,2,91
13963,General Customers,8.838528562240011,Low,0.00035976677376034803,Low,Engagement / category promotion,Email,Seasonal category promotion,2,10
12398,Noise / Uncategorised,0.0,Low,0.4663313106768745,Medium,Standard newsletter,Email,"General newsletter, no targeted offer",2,30
12478,Noise / Uncategorised,0.0,Low,0.4928122486929068,Medium,Standard newsletter,Email,"General newsletter, no targeted offer",2,30
12501,Noise / Uncategorised,0.0,Low,0.2991406043924015,Medium,Standard newsletter,Email,"General newsletter, no targeted offer",2,30
12590,Noise / Uncategorised,0.0,Low,0.43820089981810423,Medium,Standard newsletter,Email,"General newsletter, no targeted offer",2,30
12607,Noise / Uncategorised,0.0,Low,0.38360116296417446,Medium,Standard newsletter,Email,"General newsletter, no targeted offer",2,30
12687,Noise / Uncategorised,0.0,Low,0.2584178751513619,Medium,Standard newsletter,Email,"General newsletter, no targeted offer",2,30
12713,Noise / Uncategorised,0.0,Low,0.45727164384063995,Medium,Standard newsletter,Email,"General newsletter, no targeted offer",2,30
13153,Noise / Uncategorised,0.0,Low,0.4812366994063862,Medium,Standard newsletter,Email,"General newsletter, no targeted offer",2,30
13271,Lost Customers,0.0,Low,0.14212668299035014,Low,Reactivation campaign,Email,Aggressive reactivation discount,2,30
13387,Lost Customers,0.0,Low,0.15575010993349322,Low,Reactivation campaign,Email,Aggressive reactivation discount,2,30
13574,Lost Customers,0.0,Low,0.11435119899120554,Low,Reactivation campaign,Email,Aggressive reactivation discount,2,30
13667,Lost Customers,0.0,Low,0.13100444773799727,Low,Reactivation campaign,Email,Aggressive reactivation discount,2,30
13738,Lost Customers,0.0,Low,0.16101053574590907,Low,Reactivation campaign,Email,Aggressive reactivation discount,2,30
13776,Noise / Uncategorised,0.0,Low,0.46892381279397094,Medium,Standard newsletter,Email,"General newsletter, no targeted offer",2,30
14093,Lost Customers,0.0,Low,0.16008159472128225,Low,Reactivation campaign,Email,Aggressive reactivation discount,2,30
14433,Lost Customers,0.0,Low,0.13711226555373177,Low,Reactivation campaign,Email,Aggressive reactivation discount,2,30
14575,Lost Customers,0.0,Low,0.1253732360554592,Low,Reactivation campaign,Email,Aggressive reactivation discount,2,30
14736,General Customers,0.0,Low,0.15527659410192426,Low,Engagement / category promotion,Email,Seasonal category promotion,2,30
15004,Noise / Uncategorised,0.0,Low,0.3087028138428518,Medium,Standard newsletter,Email,"General newsletter, no targeted offer",2,30
15098,Noise / Uncategorised,0.0,Low,0.34043106514048266,Medium,Standard newsletter,Email,"General newsletter, no targeted offer",2,30
15202,Noise / Uncategorised,0.0,Low,0.43397597871777244,Medium,Standard newsletter,Email,"General newsletter, no targeted offer",2,30
15721,Lost Customers,0.0,Low,0.19260737254771035,Low,Reactivation campaign,Email,Aggressive reactivation discount,2,30
15736,Noise / Uncategorised,0.0,Low,0.27634553179027604,Medium,Standard newsletter,Email,"General newsletter, no targeted offer",2,30
15915,Lost Customers,0.0,Low,0.12124276567458377,Low,Reactivation campaign,Email,Aggressive reactivation discount,2,30
15947,Noise / Uncategorised,0.0,Low,0.41658794782941544,Medium,Standard newsletter,Email,"General newsletter, no targeted offer",2,30
15968,Lost Customers,0.0,Low,0.12076595027573592,Low,Reactivation campaign,Email,Aggressive reactivation discount,2,30
16268,Noise / Uncategorised,0.0,Low,0.46702629986867106,Medium,Standard newsletter,Email,"General newsletter, no targeted offer",2,30
16380,Noise / Uncategorised,0.0,Low,0.40465015833401646,Medium,Standard newsletter,Email,"General newsletter, no targeted offer",2,30
16504,Lost Customers,0.0,Low,0.17623053718185125,Low,Reactivation campaign,Email,Aggressive reactivation discount,2,30
16685,Noise / Uncategorised,0.0,Low,0.4758801687600869,Medium,Standard newsletter,Email,"General newsletter, no targeted offer",2,30
16751,Noise / Uncategorised,0.0,Low,0.4047730054813527,Medium,Standard newsletter,Email,"General newsletter, no targeted offer",2,30
16800,Noise / Uncategorised,0.0,Low,0.3214865196883701,Medium,Standard newsletter,Email,"General newsletter, no targeted offer",2,30
17052,Lost Customers,0.0,Low,0.1207412000748343,Low,Reactivation campaign,Email,Aggressive reactivation discount,2,30
17100,Noise / Uncategorised,0.0,Low,0.48826291972211666,Medium,Standard newsletter,Email,"General newsletter, no targeted offer",2,30
17196,Lost Customers,0.0,Low,0.13096806864013455,Low,Reactivation campaign,Email,Aggressive reactivation discount,2,30
17264,Lost Customers,0.0,Low,0.14401743695511976,Low,Reactivation campaign,Email,Aggressive reactivation discount,2,30
17379,Lost Customers,0.0,Low,0.13522016296789338,Low,Reactivation campaign,Email,Aggressive reactivation discount,2,30
17614,Lost Customers,0.0,Low,0.11294158291932237,Low,Reactivation campaign,Email,Aggressive reactivation discount,2,30
17619,Lost Customers,0.0,Low,0.15494223894820144,Low,Reactivation campaign,Email,Aggressive reactivation discount,2,30
17823,General Customers,0.0,Low,0.1685794625076333,Low,Engagement / category promotion,Email,Seasonal category promotion,2,30
17936,Lost Customers,0.0,Low,0.1608403498494723,Low,Reactivation campaign,Email,Aggressive reactivation discount,2,30
18047,General Customers,0.0,Low,0.14764526860163846,Low,Engagement / category promotion,Email,Seasonal category promotion,2,30
18117,Lost Customers,0.0,Low,0.1667956006961502,Low,Reactivation campaign,Email,Aggressive reactivation discount,2,30
15827,Noise / Uncategorised,1561.7158583123332,Medium,0.00035976677376034803,Low,Standard newsletter,Email,"General newsletter, no targeted offer",1,13
12653,Noise / Uncategorised,1559.8320415058963,Medium,0.005004651406242311,Low,Standard newsletter,Email,"General newsletter, no targeted offer",1,76
12423,Noise / Uncategorised,1559.5583168389735,Medium,4.531645721401871e-05,Low,Standard newsletter,Email,"General newsletter, no targeted offer",1,28
15199,Noise / Uncategorised,1551.717152325631,Medium,7.274682153723928e-05,Low,Standard newsletter,Email,"General newsletter, no targeted offer",1,31
13615,Noise / Uncategorised,1547.8372647582546,Medium,4.531645721401871e-05,Low,Standard newsletter,Email,"General newsletter, no targeted offer",1,27
17090,Noise / Uncategorised,1546.7209942826937,Medium,0.002457040050261302,Low,Standard newsletter,Email,"General newsletter, no targeted offer",1,23
14759,Noise / Uncategorised,1523.8690407804681,Medium,0.004859450399724763,Low,Standard newsletter,Email,"General newsletter, no targeted offer",1,46
16281,Noise / Uncategorised,1518.685344388732,Medium,0.00042013570438835746,Low,Standard newsletter,Email,"General newsletter, no targeted offer",1,122
16015,Noise / Uncategorised,1511.6195558462205,Medium,0.12712890185133463,Low,Standard newsletter,Email,"General newsletter, no targeted offer",1,9
17317,Noise / Uncategorised,1511.2199731038936,Medium,0.2477445150404443,Low,Standard newsletter,Email,"General newsletter, no targeted offer",1,9
16072,Noise / Uncategorised,1501.7116147573643,Medium,0.0,Low,Standard newsletter,Email,"General newsletter, no targeted offer",1,39
14081,Noise / Uncategorised,1481.939253780784,Medium,4.531645721401871e-05,Low,Standard newsletter,Email,"General newsletter, no targeted offer",1,26
14216,Noise / Uncategorised,1469.8988954909428,Medium,0.0,Low,Standard newsletter,Email,"General newsletter, no targeted offer",1,49
17790,Noise / Uncategorised,1454.3796935906998,Medium,0.0033786497905473525,Low,Standard newsletter,Email,"General newsletter, no targeted offer",1,16
15380,Noise / Uncategorised,1419.8044970874769,Medium,7.274682153723928e-05,Low,Standard newsletter,Email,"General newsletter, no targeted offer",1,40
17894,Noise / Uncategorised,1414.4489120432631,Medium,0.003260976752212608,Low,Standard newsletter,Email,"General newsletter, no targeted offer",1,13
14708,Noise / Uncategorised,1405.4359008443819,Medium,0.0,Low,Standard newsletter,Email,"General newsletter, no targeted offer",1,54
14608,Noise / Uncategorised,1404.9734918785412,Medium,7.274682153723928e-05,Low,Standard newsletter,Email,"General newsletter, no targeted offer",1,40
18241,Noise / Uncategorised,1397.7999924322505,Medium,4.531645721401871e-05,Low,Standard newsletter,Email,"General newsletter, no targeted offer",1,17
17848,Noise / Uncategorised,1382.4189768481144,Medium,0.00035976677376034803,Low,Standard newsletter,Email,"General newsletter, no targeted offer",1,13
17490,Noise / Uncategorised,1371.8732660222404,Medium,0.0,Low,Standard newsletter,Email,"General newsletter, no targeted offer",1,38
17152,Noise / Uncategorised,1365.398438709743,Medium,0.0025749015913653327,Low,Standard newsletter,Email,"General newsletter, no targeted offer",1,34
15494,Noise / Uncategorised,1357.8751154933218,Medium,0.0,Low,Standard newsletter,Email,"General newsletter, no targeted offer",1,85
18116,Noise / Uncategorised,1355.5923590384425,Medium,4.531645721401871e-05,Low,Standard newsletter,Email,"General newsletter, no targeted offer",1,16
13743,Noise / Uncategorised,1352.683160490148,Medium,0.009652002668355274,Low,Standard newsletter,Email,"General newsletter, no targeted offer",1,22
15214,Noise / Uncategorised,1346.2500461624797,Medium,0.0194907686821782,Low,Standard newsletter,Email,"General newsletter, no targeted offer",1,18
14071,Noise / Uncategorised,1345.6927065173488,Medium,0.004675783563831507,Low,Standard newsletter,Email,"General newsletter, no targeted offer",1,20
17919,Noise / Uncategorised,1344.7497677197534,Medium,0.00042013570438835746,Low,Standard newsletter,Email,"General newsletter, no targeted offer",1,105
15473,Noise / Uncategorised,1331.0988391257788,Medium,7.274682153723928e-05,Low,Standard newsletter,Email,"General newsletter, no targeted offer",1,32
13396,Noise / Uncategorised,1330.6242917183324,Medium,0.00042013570438835746,Low,Standard newsletter,Email,"General newsletter, no targeted offer",1,87
14459,Noise / Uncategorised,1325.7598129455894,Medium,0.01,Low,Standard newsletter,Email,"General newsletter, no targeted offer",1,149
15611,Noise / Uncategorised,1292.186113943654,Medium,0.002457040050261302,Low,Standard newsletter,Email,"General newsletter, no targeted offer",1,16
17162,Noise / Uncategorised,1290.0189881380588,Medium,0.0011905215018014766,Low,Standard newsletter,Email,"General newsletter, no targeted offer",1,17
16996,Noise / Uncategorised,1286.133406029518,Medium,0.000118063278751258,Low,Standard newsletter,Email,"General newsletter, no targeted offer",1,26
13848,Noise / Uncategorised,1284.9594637183811,Medium,7.274682153723928e-05,Low,Standard newsletter,Email,"General newsletter, no targeted offer",1,48
12770,Noise / Uncategorised,1275.9069033603628,Medium,0.00042013570438835746,Low,Standard newsletter,Email,"General newsletter, no targeted offer",1,74
17405,Noise / Uncategorised,1275.8661851650447,Medium,0.21559616666804018,Low,Standard newsletter,Email,"General newsletter, no targeted offer",1,30
14935,Noise / Uncategorised,1271.1668936474625,Medium,0.00042013570438835746,Low,Standard newsletter,Email,"General newsletter, no targeted offer",1,97
17876,Noise / Uncategorised,1269.007522081993,Medium,0.0020012103332198647,Low,Standard newsletter,Email,"General newsletter, no targeted offer",1,55
16772,Noise / Uncategorised,1266.787683820634,Medium,0.00042013570438835746,Low,Standard newsletter,Email,"General newsletter, no targeted offer",1,60
17530,Noise / Uncategorised,1266.1894619505003,Medium,0.0,Low,Standard newsletter,Email,"General newsletter, no targeted offer",1,37
13117,Noise / Uncategorised,1262.639304840318,Medium,4.531645721401871e-05,Low,Standard newsletter,Email,"General newsletter, no targeted offer",1,20
17884,Noise / Uncategorised,1250.0000763399744,Medium,4.531645721401871e-05,Low,Standard newsletter,Email,"General newsletter, no targeted offer",1,22
17961,Noise / Uncategorised,1248.1571762303731,Medium,0.0,Low,Standard newsletter,Email,"General newsletter, no targeted offer",1,4
17522,Noise / Uncategorised,1245.270897454666,Medium,0.00130966161316625,Low,Standard newsletter,Email,"General newsletter, no targeted offer",1,26
15797,Noise / Uncategorised,1239.5563566854942,Medium,0.0,Low,Standard newsletter,Email,"General newsletter, no targeted offer",1,57
14344,Noise / Uncategorised,1233.355802026838,Medium,0.00040508323097436673,Low,Standard newsletter,Email,"General newsletter, no targeted offer",1,15
14129,Noise / Uncategorised,1229.6006722022348,Medium,7.274682153723928e-05,Low,Standard newsletter,Email,"General newsletter, no targeted offer",1,38
18283,Noise / Uncategorised,1228.230629469794,Medium,4.531645721401871e-05,Low,Standard newsletter,Email,"General newsletter, no targeted offer",1,18
12877,Noise / Uncategorised,1208.7646116455146,Medium,4.531645721401871e-05,Low,Standard newsletter,Email,"General newsletter, no targeted offer",1,21
14931,Noise / Uncategorised,1207.4406692593448,Medium,7.274682153723928e-05,Low,Standard newsletter,Email,"General newsletter, no targeted offer",1,28
17929,Noise / Uncategorised,1199.8508186282202,Medium,7.274682153723928e-05,Low,Standard newsletter,Email,"General newsletter, no targeted offer",1,36
13558,Noise / Uncategorised,1196.799186155481,Medium,0.18081904782843106,Low,Standard newsletter,Email,"General newsletter, no targeted offer",1,9
13890,Noise / Uncategorised,1196.0072786389076,Medium,0.0,Low,Standard newsletter,Email,"General newsletter, no targeted offer",1,31
13357,Noise / Uncategorised,1192.1312535160414,Medium,0.0,Low,Standard newsletter,Email,"General newsletter, no targeted offer",1,44
15910,Noise / Uncategorised,1188.7420072597615,Medium,0.0005723032402141879,Low,Standard newsletter,Email,"General newsletter, no targeted offer",1,27
12358,Noise / Uncategorised,1188.174058458344,Medium,0.00042013570438835746,Low,Standard newsletter,Email,"General newsletter, no targeted offer",1,88
17262,Noise / Uncategorised,1172.6689356285892,Medium,7.274682153723928e-05,Low,Standard newsletter,Email,"General newsletter, no targeted offer",1,37
16833,Noise / Uncategorised,1171.6494478596646,Medium,0.0,Low,Standard newsletter,Email,"General newsletter, no targeted offer",1,62
17827,Noise / Uncategorised,1161.3119164187776,Medium,0.0003293962666347931,Low,Standard newsletter,Email,"General newsletter, no targeted offer",1,62
16711,Noise / Uncategorised,1135.0355832122696,Medium,7.274682153723928e-05,Low,Standard newsletter,Email,"General newsletter, no targeted offer",1,49
17666,Noise / Uncategorised,1126.7463928711,Medium,0.0,Low,Standard newsletter,Email,"General newsletter, no targeted offer",1,63
14756,Noise / Uncategorised,1120.0180000209277,Medium,0.0012511823685206203,Low,Standard newsletter,Email,"General newsletter, no targeted offer",1,82
17705,Noise / Uncategorised,1103.6721103874497,Medium,0.0,Low,Standard newsletter,Email,"General newsletter, no targeted offer",1,31
15134,Noise / Uncategorised,1103.631644888155,Medium,0.000118063278751258,Low,Standard newsletter,Email,"General newsletter, no targeted offer",1,24
14212,Noise / Uncategorised,1091.1732527455324,Medium,0.00042013570438835746,Low,Standard newsletter,Email,"General newsletter, no targeted offer",1,107
12886,Noise / Uncategorised,1089.9384567170364,Medium,0.22249688001750087,Low,Standard newsletter,Email,"General newsletter, no targeted offer",1,45
17856,Noise / Uncategorised,1079.6014636906675,Medium,7.274682153723928e-05,Low,Standard newsletter,Email,"General newsletter, no targeted offer",1,42
15157,Noise / Uncategorised,1069.6609468628465,Medium,0.0003293962666347931,Low,Standard newsletter,Email,"General newsletter, no targeted offer",1,87
16877,Noise / Uncategorised,1045.4857537723442,Medium,0.011877580042148294,Low,Standard newsletter,Email,"General newsletter, no targeted offer",1,20
15267,Noise / Uncategorised,1045.4610622189584,Medium,0.15856403705824304,Low,Standard newsletter,Email,"General newsletter, no targeted offer",1,19
17193,Noise / Uncategorised,1036.8748539190608,Medium,7.274682153723928e-05,Low,Standard newsletter,Email,"General newsletter, no targeted offer",1,47
15907,Noise / Uncategorised,1035.6225057039176,Medium,0.0006766875456263289,Low,Standard newsletter,Email,"General newsletter, no targeted offer",1,41
14904,Noise / Uncategorised,1028.45656779784,Medium,0.0006766875456263289,Low,Standard newsletter,Email,"General newsletter, no targeted offer",1,64
13029,Noise / Uncategorised,1028.1073907020136,Medium,0.0,Low,Standard newsletter,Email,"General newsletter, no targeted offer",1,59
13956,Noise / Uncategorised,1026.5680355371235,Medium,0.003475132318436797,Low,Standard newsletter,Email,"General newsletter, no targeted offer",1,32
14529,Noise / Uncategorised,1023.8917407607743,Medium,0.16374102622943454,Low,Standard newsletter,Email,"General newsletter, no targeted offer",1,10
14737,Noise / Uncategorised,1002.6601712057432,Medium,0.00042013570438835746,Low,Standard newsletter,Email,"General newsletter, no targeted offer",1,59
13044,Noise / Uncategorised,988.3574620308523,Medium,4.531645721401871e-05,Low,Standard newsletter,Email,"General newsletter, no targeted offer",1,22
12847,Noise / Uncategorised,987.0438102145876,Medium,0.0,Low,Standard newsletter,Email,"General newsletter, no targeted offer",1,110
16728,Noise / Uncategorised,984.783764399615,Medium,0.0074965197343200155,Low,Standard newsletter,Email,"General newsletter, no targeted offer",1,33
13838,Noise / Uncategorised,977.6579838867825,Medium,0.0005269867830001692,Low,Standard newsletter,Email,"General newsletter, no targeted offer",1,34
12464,Noise / Uncategorised,977.465320009677,Medium,0.013393018871304285,Low,Standard newsletter,Email,"General newsletter, no targeted offer",1,22
16276,Noise / Uncategorised,976.9208020114067,Medium,0.00042013570438835746,Low,Standard newsletter,Email,"General newsletter, no targeted offer",1,86
13321,Noise / Uncategorised,974.3392595671102,Medium,0.24006478788765787,Low,Standard newsletter,Email,"General newsletter, no targeted offer",1,4
14867,Noise / Uncategorised,967.6947461955408,Medium,4.531645721401871e-05,Low,Standard newsletter,Email,"General newsletter, no targeted offer",1,21
13736,Noise / Uncategorised,960.0052778908054,Medium,0.0003293962666347931,Low,Standard newsletter,Email,"General newsletter, no targeted offer",1,62
13762,Noise / Uncategorised,959.484550472928,Medium,0.0,Low,Standard newsletter,Email,"General newsletter, no targeted offer",1,57
13410,Noise / Uncategorised,957.7668011481398,Medium,7.274682153723928e-05,Low,Standard newsletter,Email,"General newsletter, no targeted offer",1,47
15793,Noise / Uncategorised,954.2618375788611,Medium,0.0,Low,Standard newsletter,Email,"General newsletter, no targeted offer",1,54
17042,Noise / Uncategorised,947.3649699332157,Medium,0.0012643451559522312,Low,Standard newsletter,Email,"General newsletter, no targeted offer",1,29
17337,Noise / Uncategorised,938.381944491113,Medium,0.15250467955632588,Low,Standard newsletter,Email,"General newsletter, no targeted offer",1,24
13689,Noise / Uncategorised,937.935725902121,Medium,0.00042013570438835746,Low,Standard newsletter,Email,"General newsletter, no targeted offer",1,114
17414,Noise / Uncategorised,937.3327447422528,Medium,0.0,Low,Standard newsletter,Email,"General newsletter, no targeted offer",1,69
16795,Noise / Uncategorised,936.3785023796956,Medium,0.0,Low,Standard newsletter,Email,"General newsletter, no targeted offer",1,64
14195,Noise / Uncategorised,934.031721685047,Medium,7.274682153723928e-05,Low,Standard newsletter,Email,"General newsletter, no targeted offer",1,43
14564,Noise / Uncategorised,933.6052179395298,Medium,0.0,Low,Standard newsletter,Email,"General newsletter, no targeted offer",1,90
15221,Noise / Uncategorised,932.2436833736554,Medium,0.0004928825259255967,Low,Standard newsletter,Email,"General newsletter, no targeted offer",1,41
15389,Noise / Uncategorised,931.9214671917445,Medium,0.0,Low,Standard newsletter,Email,"General newsletter, no targeted offer",1,61
16794,Noise / Uncategorised,926.9137063401893,Medium,4.531645721401871e-05,Low,Standard newsletter,Email,"General newsletter, no targeted offer",1,25
17018,Noise / Uncategorised,905.7440325463307,Medium,0.0,Low,Standard newsletter,Email,"General newsletter, no targeted offer",1,69
15525,Noise / Uncategorised,904.9442959096968,Medium,0.0006766875456263289,Low,Standard newsletter,Email,"General newsletter, no targeted offer",1,57
15038,Noise / Uncategorised,899.8172974438992,Medium,0.0012464787991514064,Low,Standard newsletter,Email,"General newsletter, no targeted offer",1,24
16110,Noise / Uncategorised,896.6625874377982,Medium,0.0003293962666347931,Low,Standard newsletter,Email,"General newsletter, no targeted offer",1,72
16070,Noise / Uncategorised,894.938558377344,Medium,0.17686519259152675,Low,Standard newsletter,Email,"General newsletter, no targeted offer",1,3
13151,Noise / Uncategorised,882.692269237546,Medium,0.0012511823685206203,Low,Standard newsletter,Email,"General newsletter, no targeted offer",1,66
15587,Noise / Uncategorised,878.5257000169312,Medium,7.274682153723928e-05,Low,Standard newsletter,Email,"General newsletter, no targeted offer",1,38
14477,Noise / Uncategorised,863.9418762431028,Medium,0.0,Low,Standard newsletter,Email,"General newsletter, no targeted offer",1,59
16239,Noise / Uncategorised,862.3684498298979,Medium,7.274682153723928e-05,Low,Standard newsletter,Email,"General newsletter, no targeted offer",1,41
14446,Noise / Uncategorised,861.6316227144251,Medium,0.0006766875456263289,Low,Standard newsletter,Email,"General newsletter, no targeted offer",1,46
16027,Noise / Uncategorised,860.1983417901429,Medium,0.000118063278751258,Low,Standard newsletter,Email,"General newsletter, no targeted offer",1,24
15100,Noise / Uncategorised,848.0058213228306,Medium,0.003406080154870573,Low,Standard newsletter,Email,"General newsletter, no targeted offer",1,31
15948,Noise / Uncategorised,847.368685868888,Medium,0.0,Low,Standard newsletter,Email,"General newsletter, no targeted offer",1,83
15077,Noise / Uncategorised,846.5747222865318,Medium,0.00042013570438835746,Low,Standard newsletter,Email,"General newsletter, no targeted offer",1,70
15436,Noise / Uncategorised,843.8071875818937,Medium,0.0006766875456263289,Low,Standard newsletter,Email,"General newsletter, no targeted offer",1,44
13822,Noise / Uncategorised,841.9631201723189,Medium,0.20031212744858526,Low,Standard newsletter,Email,"General newsletter, no targeted offer",1,10
15381,Noise / Uncategorised,837.6334269308526,Medium,7.274682153723928e-05,Low,Standard newsletter,Email,"General newsletter, no targeted offer",1,44
16692,Noise / Uncategorised,832.8996928989236,Medium,0.10443140479262353,Low,Standard newsletter,Email,"General newsletter, no targeted offer",1,28
17097,Noise / Uncategorised,829.0284588173829,Medium,0.0005269867830001692,Low,Standard newsletter,Email,"General newsletter, no targeted offer",1,29
16657,Noise / Uncategorised,826.2674142463046,Medium,0.003697663354962802,Low,Standard newsletter,Email,"General newsletter, no targeted offer",1,37
14921,Noise / Uncategorised,818.0129022282681,Medium,0.13864302964611316,Low,Standard newsletter,Email,"General newsletter, no targeted offer",1,51
12994,Noise / Uncategorised,810.0984402608445,Medium,0.0,Low,Standard newsletter,Email,"General newsletter, no targeted offer",1,53
13104,Noise / Uncategorised,809.6656206932619,Medium,7.274682153723928e-05,Low,Standard newsletter,Email,"General newsletter, no targeted offer",1,43
14893,Noise / Uncategorised,789.0883615863828,Medium,0.0012511823685206203,Low,Standard newsletter,Email,"General newsletter, no targeted offer",1,122
14111,Noise / Uncategorised,781.884161074716,Medium,0.0055300472295913665,Low,Standard newsletter,Email,"General newsletter, no targeted offer",1,34
16340,Noise / Uncategorised,781.6086128918035,Medium,0.0006766875456263289,Low,Standard newsletter,Email,"General newsletter, no targeted offer",1,89
15817,Noise / Uncategorised,774.7811044856978,Medium,0.23858419842518405,Low,Standard newsletter,Email,"General newsletter, no targeted offer",1,24
12908,Noise / Uncategorised,770.4290521261236,Medium,0.0,Low,Standard newsletter,Email,"General newsletter, no targeted offer",1,54
16682,Noise / Uncategorised,766.4491922373048,Medium,0.2327506542422528,Low,Standard newsletter,Email,"General newsletter, no targeted offer",1,22
17888,Noise / Uncategorised,765.2943922195225,Medium,4.531645721401871e-05,Low,Standard newsletter,Email,"General newsletter, no targeted offer",1,17
16872,Noise / Uncategorised,764.8626995134321,Medium,7.274682153723928e-05,Low,Standard newsletter,Email,"General newsletter, no targeted offer",1,38
16376,Noise / Uncategorised,756.0128353592588,Medium,0.17508210512469677,Low,Standard newsletter,Email,"General newsletter, no targeted offer",1,2
14583,Noise / Uncategorised,754.4993535208827,Medium,0.0010537216828478962,Low,Standard newsletter,Email,"General newsletter, no targeted offer",1,46
16891,Noise / Uncategorised,733.1654495166787,Medium,0.0,Low,Standard newsletter,Email,"General newsletter, no targeted offer",1,40
13145,Noise / Uncategorised,730.4927234387735,Medium,7.274682153723928e-05,Low,Standard newsletter,Email,"General newsletter, no targeted offer",1,48
17145,Noise / Uncategorised,727.8554982132281,Medium,0.17093609191997303,Low,Standard newsletter,Email,"General newsletter, no targeted offer",1,22
15471,Noise / Uncategorised,724.0741576136938,Medium,0.0006766875456263289,Low,Standard newsletter,Email,"General newsletter, no targeted offer",1,110
13258,Noise / Uncategorised,722.4536952181768,Medium,7.274682153723928e-05,Low,Standard newsletter,Email,"General newsletter, no targeted offer",1,47
14382,Noise / Uncategorised,718.4059824176403,Medium,0.0,Low,Standard newsletter,Email,"General newsletter, no targeted offer",1,109
14179,Noise / Uncategorised,717.8724377033654,Medium,0.11758724945428685,Low,Standard newsletter,Email,"General newsletter, no targeted offer",1,3
16119,Noise / Uncategorised,710.9734131236085,Medium,0.0,Low,Standard newsletter,Email,"General newsletter, no targeted offer",1,54
17969,Noise / Uncategorised,710.4952681373875,Medium,4.531645721401871e-05,Low,Standard newsletter,Email,"General newsletter, no targeted offer",1,17
14675,Noise / Uncategorised,701.1455524394952,Medium,0.0003293962666347931,Low,Standard newsletter,Email,"General newsletter, no targeted offer",1,112
16915,Noise / Uncategorised,697.2009090888566,Medium,0.0,Low,Standard newsletter,Email,"General newsletter, no targeted offer",1,31
14987,Noise / Uncategorised,693.359447441372,Medium,0.0,Low,Standard newsletter,Email,"General newsletter, no targeted offer",1,54
14609,Noise / Uncategorised,691.0078745609031,Medium,7.274682153723928e-05,Low,Standard newsletter,Email,"General newsletter, no targeted offer",1,36
17268,Noise / Uncategorised,688.0195900670976,Medium,7.274682153723928e-05,Low,Standard newsletter,Email,"General newsletter, no targeted offer",1,34
18080,Noise / Uncategorised,676.7288819090405,Medium,0.0020012103332198647,Low,Standard newsletter,Email,"General newsletter, no targeted offer",1,67
15969,Noise / Uncategorised,672.7996324424763,Medium,0.0,Low,Standard newsletter,Email,"General newsletter, no targeted offer",1,62
15208,Noise / Uncategorised,670.1501178771772,Medium,7.274682153723928e-05,Low,Standard newsletter,Email,"General newsletter, no targeted offer",1,42
16883,Noise / Uncategorised,668.4733212732274,Medium,4.531645721401871e-05,Low,Standard newsletter,Email,"General newsletter, no targeted offer",1,17
17867,Noise / Uncategorised,658.8819298098224,Medium,0.0,Low,Standard newsletter,Email,"General newsletter, no targeted offer",1,28
15237,Noise / Uncategorised,653.1619679727497,Medium,0.0016116364349437668,Low,Standard newsletter,Email,"General newsletter, no targeted offer",1,34
15638,Noise / Uncategorised,651.09787530071,Medium,0.014929883009506234,Low,Standard newsletter,Email,"General newsletter, no targeted offer",1,23
17616,Noise / Uncategorised,649.4221854916319,Medium,7.274682153723928e-05,Low,Standard newsletter,Email,"General newsletter, no targeted offer",1,42
16750,Noise / Uncategorised,644.4692023834931,Medium,0.15206592774256236,Low,Standard newsletter,Email,"General newsletter, no targeted offer",1,22
15822,Noise / Uncategorised,644.1308560837972,Medium,0.0,Low,Standard newsletter,Email,"General newsletter, no targeted offer",1,73
13026,Noise / Uncategorised,638.3290219159518,Medium,7.274682153723928e-05,Low,Standard newsletter,Email,"General newsletter, no targeted offer",1,48
16495,Noise / Uncategorised,631.6696956158762,Medium,0.0,Low,Standard newsletter,Email,"General newsletter, no targeted offer",1,54
14289,Noise / Uncategorised,624.9021249324393,Medium,0.0004346805092112457,Low,Standard newsletter,Email,"General newsletter, no targeted offer",1,28
13509,Noise / Uncategorised,624.2118415084653,Medium,7.274682153723928e-05,Low,Standard newsletter,Email,"General newsletter, no targeted offer",1,37
12462,Noise / Uncategorised,620.1363737886884,Medium,0.00042013570438835746,Low,Standard newsletter,Email,"General newsletter, no targeted offer",1,85
14976,Noise / Uncategorised,615.7721887151822,Medium,0.020369144034990815,Low,Standard newsletter,Email,"General newsletter, no targeted offer",1,23
17114,Noise / Uncategorised,603.5509357697571,Medium,0.004699328130606666,Low,Standard newsletter,Email,"General newsletter, no targeted offer",1,25
18231,Noise / Uncategorised,599.5183074492703,Medium,0.0,Low,Standard newsletter,Email,"General newsletter, no targeted offer",1,11
14083,Noise / Uncategorised,598.7487913808103,Medium,0.0,Low,Standard newsletter,Email,"General newsletter, no targeted offer",1,39
15304,Noise / Uncategorised,596.4745889095313,Medium,0.000118063278751258,Low,Standard newsletter,Email,"General newsletter, no targeted offer",1,24
13525,Noise / Uncategorised,592.0139831357792,Medium,0.0,Low,Standard newsletter,Email,"General newsletter, no targeted offer",1,70
13811,Noise / Uncategorised,588.5156976504849,Medium,0.22357147718290876,Low,Standard newsletter,Email,"General newsletter, no targeted offer",1,11
16566,Noise / Uncategorised,561.6251706428853,Medium,0.0019967186812429134,Low,Standard newsletter,Email,"General newsletter, no targeted offer",1,33
16535,Noise / Uncategorised,558.0580825999688,Medium,0.0,Low,Standard newsletter,Email,"General newsletter, no targeted offer",1,135
14201,Noise / Uncategorised,549.4540398500844,Medium,7.274682153723928e-05,Low,Standard newsletter,Email,"General newsletter, no targeted offer",1,32
17817,Noise / Uncategorised,543.4268870185863,Medium,0.0003293962666347931,Low,Standard newsletter,Email,"General newsletter, no targeted offer",1,42
18135,Noise / Uncategorised,541.7621807265471,Medium,7.274682153723928e-05,Low,Standard newsletter,Email,"General newsletter, no targeted offer",1,36
13548,Noise / Uncategorised,541.0881998822522,Medium,0.0006766875456263289,Low,Standard newsletter,Email,"General newsletter, no targeted offer",1,75
14199,Noise / Uncategorised,538.259067398769,Medium,7.274682153723928e-05,Low,Standard newsletter,Email,"General newsletter, no targeted offer",1,47
17031,Noise / Uncategorised,534.461460044286,Medium,0.0,Low,Standard newsletter,Email,"General newsletter, no targeted offer",1,57
17866,Noise / Uncategorised,533.3170329446091,Medium,0.0,Low,Standard newsletter,Email,"General newsletter, no targeted offer",1,116
14023,Noise / Uncategorised,532.0313573203233,Medium,0.0009100916799972479,Low,Standard newsletter,Email,"General newsletter, no targeted offer",1,73
17941,Noise / Uncategorised,524.9023276952946,Medium,0.0,Low,Standard newsletter,Email,"General newsletter, no targeted offer",1,86
16716,Noise / Uncategorised,522.5491363439571,Medium,0.00042013570438835746,Low,Standard newsletter,Email,"General newsletter, no targeted offer",1,73
15368,Noise / Uncategorised,521.4785004900081,Medium,0.0,Low,Standard newsletter,Email,"General newsletter, no targeted offer",1,112
15720,Noise / Uncategorised,520.7537241551747,Medium,0.0003293962666347931,Low,Standard newsletter,Email,"General newsletter, no targeted offer",1,158
12875,Noise / Uncategorised,519.7874215760779,Medium,0.0,Low,Standard newsletter,Email,"General newsletter, no targeted offer",1,66
14134,Noise / Uncategorised,519.2849853496512,Medium,0.0019527294398115399,Low,Standard newsletter,Email,"General newsletter, no targeted offer",1,14
18154,Noise / Uncategorised,518.600154175204,Medium,0.0,Low,Standard newsletter,Email,"General newsletter, no targeted offer",1,58
16244,Noise / Uncategorised,514.1891747781323,Medium,0.06772100777203999,Low,Standard newsletter,Email,"General newsletter, no targeted offer",1,48
12638,Noise / Uncategorised,509.8078798021788,Medium,0.0,Low,Standard newsletter,Email,"General newsletter, no targeted offer",1,182
15756,Noise / Uncategorised,508.13423369405683,Medium,0.12396390376138913,Low,Standard newsletter,Email,"General newsletter, no targeted offer",1,28
16569,Noise / Uncategorised,507.73666746316445,Medium,0.0,Low,Standard newsletter,Email,"General newsletter, no targeted offer",1,86
15181,Noise / Uncategorised,500.69304116363867,Medium,0.0,Low,Standard newsletter,Email,"General newsletter, no targeted offer",1,80
16430,Noise / Uncategorised,499.24164750975206,Medium,0.0,Low,Standard newsletter,Email,"General newsletter, no targeted offer",1,53
16377,Noise / Uncategorised,495.79517941256734,Medium,0.00042013570438835746,Low,Standard newsletter,Email,"General newsletter, no targeted offer",1,105
15508,Noise / Uncategorised,493.0447233696885,Medium,0.12778361694778334,Low,Standard newsletter,Email,"General newsletter, no targeted offer",1,5
16222,Noise / Uncategorised,489.7926234379811,Medium,0.0,Low,Standard newsletter,Email,"General newsletter, no targeted offer",1,121
12654,Noise / Uncategorised,489.17390777459076,Medium,0.0019967186812429134,Low,Standard newsletter,Email,"General newsletter, no targeted offer",1,34
14871,Noise / Uncategorised,488.6546335147267,Medium,0.0,Low,Standard newsletter,Email,"General newsletter, no targeted offer",1,49
15206,Noise / Uncategorised,479.3906642541212,Medium,0.008152910566131074,Low,Standard newsletter,Email,"General newsletter, no targeted offer",1,40
16087,Noise / Uncategorised,477.8388137692716,Medium,7.274682153723928e-05,Low,Standard newsletter,Email,"General newsletter, no targeted offer",1,36
16919,Noise / Uncategorised,477.13582435851197,Medium,0.0,Low,Standard newsletter,Email,"General newsletter, no targeted offer",1,8
13255,Noise / Uncategorised,474.22370817885485,Medium,0.0,Low,Standard newsletter,Email,"General newsletter, no targeted offer",1,100
13856,Noise / Uncategorised,474.13125701801323,Medium,0.000118063278751258,Low,Standard newsletter,Email,"General newsletter, no targeted offer",1,25
16461,Noise / Uncategorised,469.64070414238313,Medium,0.0006766875456263289,Low,Standard newsletter,Email,"General newsletter, no targeted offer",1,94
12925,Noise / Uncategorised,462.7015691990868,Medium,0.0,Low,Standard newsletter,Email,"General newsletter, no targeted offer",1,118
15158,Noise / Uncategorised,460.0804374469649,Medium,0.0,Low,Standard newsletter,Email,"General newsletter, no targeted offer",1,107
14474,Noise / Uncategorised,454.3802856586136,Medium,0.0,Low,Standard newsletter,Email,"General newsletter, no targeted offer",1,160
12990,Noise / Uncategorised,453.0868671736566,Medium,7.274682153723928e-05,Low,Standard newsletter,Email,"General newsletter, no targeted offer",1,50
14788,Noise / Uncategorised,450.2379118507027,Medium,0.0,Low,Standard newsletter,Email,"General newsletter, no targeted offer",1,118
16127,Noise / Uncategorised,444.0127713246944,Medium,0.0,Low,Standard newsletter,Email,"General newsletter, no targeted offer",1,206
16620,Noise / Uncategorised,440.7004516220986,Medium,0.0,Low,Standard newsletter,Email,"General newsletter, no targeted offer",1,73
16858,Noise / Uncategorised,440.4854844164616,Medium,4.531645721401871e-05,Low,Standard newsletter,Email,"General newsletter, no targeted offer",1,21
17631,Noise / Uncategorised,436.6112581581887,Medium,0.0,Low,Standard newsletter,Email,"General newsletter, no targeted offer",1,62
13030,Noise / Uncategorised,436.52277206479386,Medium,0.00042013570438835746,Low,Standard newsletter,Email,"General newsletter, no targeted offer",1,107
17883,Noise / Uncategorised,432.29358777630836,Medium,0.0003293962666347931,Low,Standard newsletter,Email,"General newsletter, no targeted offer",1,56
14249,Noise / Uncategorised,428.4138932546626,Medium,0.00035976677376034803,Low,Standard newsletter,Email,"General newsletter, no targeted offer",1,13
16368,Noise / Uncategorised,421.9397809651646,Medium,0.0,Low,Standard newsletter,Email,"General newsletter, no targeted offer",1,87
14460,Noise / Uncategorised,421.4796662115715,Medium,7.274682153723928e-05,Low,Standard newsletter,Email,"General newsletter, no targeted offer",1,41
16500,Noise / Uncategorised,420.0052141354015,Medium,7.274682153723928e-05,Low,Standard newsletter,Email,"General newsletter, no targeted offer",1,36
18017,Noise / Uncategorised,419.29503931185,Medium,7.274682153723928e-05,Low,Standard newsletter,Email,"General newsletter, no targeted offer",1,52
13452,Noise / Uncategorised,417.1674313645033,Medium,0.005597036903211154,Low,Standard newsletter,Email,"General newsletter, no targeted offer",1,43
17849,Noise / Uncategorised,409.48099151584324,Medium,7.274682153723928e-05,Low,Standard newsletter,Email,"General newsletter, no targeted offer",1,31
15440,Noise / Uncategorised,408.67867321544367,Medium,0.24281897850159603,Low,Standard newsletter,Email,"General newsletter, no targeted offer",1,31
14077,Noise / Uncategorised,407.9296879092797,Medium,0.001437602623012759,Low,Standard newsletter,Email,"General newsletter, no targeted offer",1,35
13031,Noise / Uncategorised,405.35763098468914,Medium,0.1764692818237685,Low,Standard newsletter,Email,"General newsletter, no targeted offer",1,18
17805,Noise / Uncategorised,404.5853073063039,Medium,0.0,Low,Standard newsletter,Email,"General newsletter, no targeted offer",1,161
15012,Noise / Uncategorised,403.48745416788717,Medium,0.0003293962666347931,Low,Standard newsletter,Email,"General newsletter, no targeted offer",1,105
13489,Noise / Uncategorised,399.30375201923937,Medium,0.1421774780529843,Low,Standard newsletter,Email,"General newsletter, no targeted offer",1,28
16763,Noise / Uncategorised,396.8666001863886,Medium,0.0,Low,Standard newsletter,Email,"General newsletter, no targeted offer",1,162
12504,Noise / Uncategorised,394.82931724742446,Medium,0.0,Low,Standard newsletter,Email,"General newsletter, no targeted offer",1,87
15973,Noise / Uncategorised,394.3340296222097,Medium,0.24682220333551333,Low,Standard newsletter,Email,"General newsletter, no targeted offer",1,12
12784,Noise / Uncategorised,394.0041290539127,Medium,0.0012511823685206203,Low,Standard newsletter,Email,"General newsletter, no targeted offer",1,104
16545,Noise / Uncategorised,391.75999470644575,Medium,0.0,Low,Standard newsletter,Email,"General newsletter, no targeted offer",1,63
12403,Noise / Uncategorised,391.1781675825623,Medium,0.0,Low,Standard newsletter,Email,"General newsletter, no targeted offer",1,141
13416,Noise / Uncategorised,388.61510298947485,Medium,0.0,Low,Standard newsletter,Email,"General newsletter, no targeted offer",1,138
18246,Noise / Uncategorised,387.56024200501724,Medium,0.0,Low,Standard newsletter,Email,"General newsletter, no targeted offer",1,117
14463,Noise / Uncategorised,373.27250924964386,Medium,0.0,Low,Standard newsletter,Email,"General newsletter, no targeted offer",1,60
14423,Noise / Uncategorised,371.3429940531914,Medium,0.0,Low,Standard newsletter,Email,"General newsletter, no targeted offer",1,95
12469,Noise / Uncategorised,370.8565996848072,Medium,0.23520818889060416,Low,Standard newsletter,Email,"General newsletter, no targeted offer",1,4
16668,Noise / Uncategorised,370.4566014505998,Medium,7.274682153723928e-05,Low,Standard newsletter,Email,"General newsletter, no targeted offer",1,28
17250,Noise / Uncategorised,368.8307557722177,Medium,0.00016878162063531553,Low,Standard newsletter,Email,"General newsletter, no targeted offer",1,77
13223,Noise / Uncategorised,364.28571773706204,Medium,7.274682153723928e-05,Low,Standard newsletter,Email,"General newsletter, no targeted offer",1,46
16442,Noise / Uncategorised,362.51776458968624,Medium,0.0006766875456263289,Low,Standard newsletter,Email,"General newsletter, no targeted offer",1,87
15524,Noise / Uncategorised,353.723341545386,Medium,0.0,Low,Standard newsletter,Email,"General newsletter, no targeted offer",1,175
15938,Noise / Uncategorised,350.66541229490826,Medium,7.274682153723928e-05,Low,Standard newsletter,Email,"General newsletter, no targeted offer",1,30
12891,Noise / Uncategorised,349.3672315865584,Medium,7.274682153723928e-05,Low,Standard newsletter,Email,"General newsletter, no targeted offer",1,26
16737,Noise / Uncategorised,349.3467429160322,Medium,0.0,Low,Standard newsletter,Email,"General newsletter, no targeted offer",1,157
16568,Noise / Uncategorised,342.9369313931528,Medium,0.0,Low,Standard newsletter,Email,"General newsletter, no targeted offer",1,64
17958,Noise / Uncategorised,340.8077363219489,Medium,0.0,Low,Standard newsletter,Email,"General newsletter, no targeted offer",1,183
13544,Noise / Uncategorised,333.15869676740897,Medium,0.0003293962666347931,Low,Standard newsletter,Email,"General newsletter, no targeted offer",1,60
17265,Noise / Uncategorised,331.62592496130674,Medium,0.21806258694007183,Low,Standard newsletter,Email,"General newsletter, no targeted offer",1,12
14204,Noise / Uncategorised,331.30641151931866,Medium,0.0006766875456263289,Low,Standard newsletter,Email,"General newsletter, no targeted offer",1,110
15649,Noise / Uncategorised,329.0356657902156,Medium,0.20577279359337758,Low,Standard newsletter,Email,"General newsletter, no targeted offer",1,8
14087,Noise / Uncategorised,327.0229638013899,Medium,0.0003293962666347931,Low,Standard newsletter,Email,"General newsletter, no targeted offer",1,146
16927,Noise / Uncategorised,324.6438914319629,Medium,0.0037451895578467405,Low,Standard newsletter,Email,"General newsletter, no targeted offer",1,49
15483,Noise / Uncategorised,320.2559433824434,Medium,0.0038603201163335027,Low,Standard newsletter,Email,"General newsletter, no targeted offer",1,31
13277,Noise / Uncategorised,318.8782528602848,Medium,7.274682153723928e-05,Low,Standard newsletter,Email,"General newsletter, no targeted offer",1,45
15781,Noise / Uncategorised,313.99353813494395,Medium,0.0019347440384451342,Low,Standard newsletter,Email,"General newsletter, no targeted offer",1,56
16892,Noise / Uncategorised,313.63252253618924,Medium,0.0003293962666347931,Low,Standard newsletter,Email,"General newsletter, no targeted offer",1,62
15025,Noise / Uncategorised,309.39028346365023,Medium,0.0003293962666347931,Low,Standard newsletter,Email,"General newsletter, no targeted offer",1,160
16330,Noise / Uncategorised,307.68468645390357,Medium,0.0003293962666347931,Low,Standard newsletter,Email,"General newsletter, no targeted offer",1,55
12953,Noise / Uncategorised,305.7925868351415,Medium,0.0,Low,Standard newsletter,Email,"General newsletter, no targeted offer",1,154
15901,Noise / Uncategorised,304.71771185503275,Medium,0.0003293962666347931,Low,Standard newsletter,Email,"General newsletter, no targeted offer",1,45
15759,Noise / Uncategorised,301.9823665500621,Medium,7.274682153723928e-05,Low,Standard newsletter,Email,"General newsletter, no targeted offer",1,44
17572,Noise / Uncategorised,299.5768892678326,Medium,7.274682153723928e-05,Low,Standard newsletter,Email,"General newsletter, no targeted offer",1,39
13217,Noise / Uncategorised,295.9417457448356,Medium,0.0,Low,Standard newsletter,Email,"General newsletter, no targeted offer",1,80
13070,Noise / Uncategorised,293.8597267127559,Medium,0.0,Low,Standard newsletter,Email,"General newsletter, no targeted offer",1,81
14053,Noise / Uncategorised,288.1803172293131,Medium,0.0,Low,Standard newsletter,Email,"General newsletter, no targeted offer",1,54
18058,Noise / Uncategorised,285.3629701087301,Medium,0.0,Low,Standard newsletter,Email,"General newsletter, no targeted offer",1,131
17579,Noise / Uncategorised,285.2572603864003,Medium,0.0,Low,Standard newsletter,Email,"General newsletter, no targeted offer",1,86
16917,Noise / Uncategorised,284.0123672701834,Medium,0.00042013570438835746,Low,Standard newsletter,Email,"General newsletter, no targeted offer",1,106
14275,Noise / Uncategorised,281.29160146851086,Medium,0.009652002668355274,Low,Standard newsletter,Email,"General newsletter, no targeted offer",1,21
14173,Noise / Uncategorised,276.3612253487629,Medium,0.0,Low,Standard newsletter,Email,"General newsletter, no targeted offer",1,72
13083,Noise / Uncategorised,276.0767420697907,Medium,0.00016878162063531553,Low,Standard newsletter,Email,"General newsletter, no targeted offer",1,84
14798,Noise / Uncategorised,276.00532938360766,Medium,7.274682153723928e-05,Low,Standard newsletter,Email,"General newsletter, no targeted offer",1,45
13406,Noise / Uncategorised,273.57348204034224,Medium,0.0,Low,Standard newsletter,Email,"General newsletter, no targeted offer",1,61
17935,Noise / Uncategorised,268.83956306900376,Medium,0.0,Low,Standard newsletter,Email,"General newsletter, no targeted offer",1,51
17830,Noise / Uncategorised,268.17157687428823,Medium,0.005268077371778467,Low,Standard newsletter,Email,"General newsletter, no targeted offer",1,57
14079,Noise / Uncategorised,268.06559009772775,Medium,0.0033333333333333335,Low,Standard newsletter,Email,"General newsletter, no targeted offer",1,167
13783,Noise / Uncategorised,266.8127141102862,Medium,0.1371471118304436,Low,Standard newsletter,Email,"General newsletter, no targeted offer",1,28
14616,Noise / Uncategorised,266.3519007673985,Medium,7.274682153723928e-05,Low,Standard newsletter,Email,"General newsletter, no targeted offer",1,37
16038,Noise / Uncategorised,264.9947509571547,Medium,0.0064416278672642015,Low,Standard newsletter,Email,"General newsletter, no targeted offer",1,39
15048,Noise / Uncategorised,264.13068607270037,Medium,0.0,Low,Standard newsletter,Email,"General newsletter, no targeted offer",1,45
15659,Noise / Uncategorised,260.3483092338429,Medium,0.002728022686259345,Low,Standard newsletter,Email,"General newsletter, no targeted offer",1,122
17254,Noise / Uncategorised,260.11204575504803,Medium,0.0003293962666347931,Low,Standard newsletter,Email,"General newsletter, no targeted offer",1,79
17715,Noise / Uncategorised,259.0830977163546,Medium,0.0020942014644765483,Low,Standard newsletter,Email,"General newsletter, no targeted offer",1,118
13068,Noise / Uncategorised,258.86488468471754,Medium,0.00016878162063531553,Low,Standard newsletter,Email,"General newsletter, no targeted offer",1,93
17371,Noise / Uncategorised,256.85182375506935,Medium,0.0003293962666347931,Low,Standard newsletter,Email,"General newsletter, no targeted offer",1,71
16725,Noise / Uncategorised,256.7128226244102,Medium,4.531645721401871e-05,Low,Standard newsletter,Email,"General newsletter, no targeted offer",1,18
14942,Noise / Uncategorised,256.35509369858937,Medium,0.0030080600843525357,Low,Standard newsletter,Email,"General newsletter, no targeted offer",1,49
14569,Noise / Uncategorised,254.91149776877347,Medium,0.0,Low,Standard newsletter,Email,"General newsletter, no targeted offer",1,90
13514,Noise / Uncategorised,254.58050839849057,Medium,0.0,Low,Standard newsletter,Email,"General newsletter, no targeted offer",1,91
17639,Noise / Uncategorised,254.5093455002297,Medium,0.007591581475234426,Low,Standard newsletter,Email,"General newsletter, no targeted offer",1,21
16149,Noise / Uncategorised,253.7079083645463,Medium,0.00016878162063531553,Low,Standard newsletter,Email,"General newsletter, no targeted offer",1,85
15377,Noise / Uncategorised,251.62637772509075,Medium,0.17955947531329816,Low,Standard newsletter,Email,"General newsletter, no targeted offer",1,5
13606,Noise / Uncategorised,246.29329155166914,Medium,0.0037116166993376083,Low,Standard newsletter,Email,"General newsletter, no targeted offer",1,56
17707,Noise / Uncategorised,242.7273388883861,Medium,7.274682153723928e-05,Low,Standard newsletter,Email,"General newsletter, no targeted offer",1,41
16690,Noise / Uncategorised,241.5342995089764,Medium,0.0,Low,Standard newsletter,Email,"General newsletter, no targeted offer",1,57
13715,Noise / Uncategorised,239.6488721016873,Medium,0.0,Low,Standard newsletter,Email,"General newsletter, no targeted offer",1,13
17917,Noise / Uncategorised,237.59156721377232,Medium,0.0033333333333333335,Low,Standard newsletter,Email,"General newsletter, no targeted offer",1,63
13091,Noise / Uncategorised,237.11473665103884,Medium,0.00042013570438835746,Low,Standard newsletter,Email,"General newsletter, no targeted offer",1,140
14473,Noise / Uncategorised,235.47736803724305,Medium,0.0027666694822877334,Low,Standard newsletter,Email,"General newsletter, no targeted offer",1,62
15488,Noise / Uncategorised,235.02695137123737,Medium,0.0,Low,Standard newsletter,Email,"General newsletter, no targeted offer",1,59
17786,Noise / Uncategorised,232.76547388940213,Medium,0.001876241134751773,Low,Standard newsletter,Email,"General newsletter, no targeted offer",1,69
15115,Noise / Uncategorised,232.75944044466561,Medium,0.0,Low,Standard newsletter,Email,"General newsletter, no targeted offer",1,214
16998,Noise / Uncategorised,226.29671906615508,Medium,0.012012471090441741,Low,Standard newsletter,Email,"General newsletter, no targeted offer",1,35
17436,Noise / Uncategorised,225.542882180828,Medium,0.0,Low,Standard newsletter,Email,"General newsletter, no targeted offer",1,88
17608,Noise / Uncategorised,219.58464503144074,Medium,0.0003293962666347931,Low,Standard newsletter,Email,"General newsletter, no targeted offer",1,86
13592,Noise / Uncategorised,216.69678876727582,Medium,0.018258188747919124,Low,Standard newsletter,Email,"General newsletter, no targeted offer",1,34
17266,Noise / Uncategorised,216.29788229910892,Medium,0.0,Low,Standard newsletter,Email,"General newsletter, no targeted offer",1,77
15920,Noise / Uncategorised,216.19660920288612,Medium,0.0,Low,Standard newsletter,Email,"General newsletter, no targeted offer",1,38
17330,Noise / Uncategorised,215.43508539283573,Medium,0.00016878162063531553,Low,Standard newsletter,Email,"General newsletter, no targeted offer",1,94
15276,Noise / Uncategorised,214.52045032100338,Medium,0.0003293962666347931,Low,Standard newsletter,Email,"General newsletter, no targeted offer",1,55
17772,Noise / Uncategorised,211.93098019433816,Medium,0.0,Low,Standard newsletter,Email,"General newsletter, no targeted offer",1,76
15097,Noise / Uncategorised,211.16777696267914,Medium,0.0,Low,Standard newsletter,Email,"General newsletter, no targeted offer",1,116
14954,Noise / Uncategorised,210.5229467601633,Medium,0.0003293962666347931,Low,Standard newsletter,Email,"General newsletter, no targeted offer",1,207
17383,Noise / Uncategorised,207.82765429913803,Medium,0.0020450227553870885,Low,Standard newsletter,Email,"General newsletter, no targeted offer",1,135
16932,Noise / Uncategorised,207.56555886014849,Medium,0.0003293962666347931,Low,Standard newsletter,Email,"General newsletter, no targeted offer",1,103
14287,Noise / Uncategorised,206.48247792153776,Medium,0.24088199550172532,Low,Standard newsletter,Email,"General newsletter, no targeted offer",1,38
17580,Noise / Uncategorised,205.35454676328806,Medium,0.10716451542059559,Low,Standard newsletter,Email,"General newsletter, no targeted offer",1,20
15917,Noise / Uncategorised,203.75966523218034,Medium,0.0003293962666347931,Low,Standard newsletter,Email,"General newsletter, no targeted offer",1,59
13739,Noise / Uncategorised,202.65223960094798,Medium,0.00016878162063531553,Low,Standard newsletter,Email,"General newsletter, no targeted offer",1,153
17281,Noise / Uncategorised,200.42016587515695,Medium,7.274682153723928e-05,Low,Standard newsletter,Email,"General newsletter, no targeted offer",1,30
17923,Noise / Uncategorised,199.747415332379,Medium,0.010411856224513408,Low,Standard newsletter,Email,"General newsletter, no targeted offer",1,52
16321,Noise / Uncategorised,198.5936523112725,Medium,0.0,Low,Standard newsletter,Email,"General newsletter, no targeted offer",1,57
13207,Noise / Uncategorised,195.9387761724036,Medium,0.0,Low,Standard newsletter,Email,"General newsletter, no targeted offer",1,89
13428,Noise / Uncategorised,193.68857025692208,Medium,0.0003293962666347931,Low,Standard newsletter,Email,"General newsletter, no targeted offer",1,101
14598,Noise / Uncategorised,192.80238060266055,Low,0.0,Low,Standard newsletter,Email,"General newsletter, no targeted offer",1,158
14219,Noise / Uncategorised,192.4386350227494,Low,0.0,Low,Standard newsletter,Email,"General newsletter, no targeted offer",1,98
15060,Noise / Uncategorised,189.71345264834383,Low,0.23532956018880294,Low,Standard newsletter,Email,"General newsletter, no targeted offer",1,30
16356,Noise / Uncategorised,187.8487339786186,Low,0.013188908104971898,Low,Standard newsletter,Email,"General newsletter, no targeted offer",1,35
16990,Noise / Uncategorised,187.4893648429738,Low,0.00016878162063531553,Low,Standard newsletter,Email,"General newsletter, no targeted offer",1,61
14995,Noise / Uncategorised,185.72729450080035,Low,0.001876241134751773,Low,Standard newsletter,Email,"General newsletter, no targeted offer",1,72
18084,Noise / Uncategorised,179.82319961506076,Low,0.0,Low,Standard newsletter,Email,"General newsletter, no targeted offer",1,74
13079,Noise / Uncategorised,178.21685469571793,Low,0.005929567778023077,Low,Standard newsletter,Email,"General newsletter, no targeted offer",1,41
16435,Noise / Uncategorised,177.86349794784817,Low,0.1029639212743953,Low,Standard newsletter,Email,"General newsletter, no targeted offer",1,1
13877,Noise / Uncategorised,173.39382737587584,Low,0.00016878162063531553,Low,Standard newsletter,Email,"General newsletter, no targeted offer",1,121
14520,Noise / Uncategorised,172.35843919219806,Low,0.00016878162063531553,Low,Standard newsletter,Email,"General newsletter, no targeted offer",1,87
16323,Noise / Uncategorised,171.79895377367157,Low,0.00016878162063531553,Low,Standard newsletter,Email,"General newsletter, no targeted offer",1,114
17026,Noise / Uncategorised,163.82469279064614,Low,0.008876584204188291,Low,Standard newsletter,Email,"General newsletter, no targeted offer",1,46
16988,Noise / Uncategorised,162.45744470475447,Low,0.00016878162063531553,Low,Standard newsletter,Email,"General newsletter, no targeted offer",1,112
14494,Noise / Uncategorised,161.72063061018432,Low,0.003502114953968649,Low,Standard newsletter,Email,"General newsletter, no targeted offer",1,141
13214,Noise / Uncategorised,158.4367464162117,Low,0.009119387223126121,Low,Standard newsletter,Email,"General newsletter, no targeted offer",1,20
17514,Noise / Uncategorised,155.17641882351737,Low,0.0,Low,Standard newsletter,Email,"General newsletter, no targeted offer",1,162
15369,Noise / Uncategorised,153.85428147640454,Low,0.004475015255962227,Low,Standard newsletter,Email,"General newsletter, no targeted offer",1,13
17988,Noise / Uncategorised,149.07679663988156,Low,0.006333787002381762,Low,Standard newsletter,Email,"General newsletter, no targeted offer",1,31
17468,Noise / Uncategorised,144.4755620528352,Low,0.0,Low,Standard newsletter,Email,"General newsletter, no targeted offer",1,73
14972,Noise / Uncategorised,142.4567088876265,Low,0.004368895934863875,Low,Standard newsletter,Email,"General newsletter, no targeted offer",1,76
12864,Noise / Uncategorised,141.15926862681542,Low,0.00016878162063531553,Low,Standard newsletter,Email,"General newsletter, no targeted offer",1,111
15577,Noise / Uncategorised,140.12269488699943,Low,0.0,Low,Standard newsletter,Email,"General newsletter, no targeted offer",1,69
15890,Noise / Uncategorised,139.42617953086642,Low,0.0008844864389104,Low,Standard newsletter,Email,"General newsletter, no targeted offer",1,25
12851,Noise / Uncategorised,136.2187473595193,Low,0.001876241134751773,Low,Standard newsletter,Email,"General newsletter, no targeted offer",1,114
15461,Noise / Uncategorised,136.1355305543475,Low,0.21686013455454506,Low,Standard newsletter,Email,"General newsletter, no targeted offer",1,51
13206,Noise / Uncategorised,135.8319494519268,Low,4.531645721401871e-05,Low,Standard newsletter,Email,"General newsletter, no targeted offer",1,15
16462,Noise / Uncategorised,135.55885664179462,Low,0.022932015734076397,Low,Standard newsletter,Email,"General newsletter, no targeted offer",1,42
15374,Noise / Uncategorised,134.46141454942594,Low,0.00016878162063531553,Low,Standard newsletter,Email,"General newsletter, no targeted offer",1,148
14039,Noise / Uncategorised,134.24455377652214,Low,0.002935451102923049,Low,Standard newsletter,Email,"General newsletter, no targeted offer",1,163
15235,Noise / Uncategorised,134.14197359315114,Low,0.1118168116370718,Low,Standard newsletter,Email,"General newsletter, no targeted offer",1,6
17440,Noise / Uncategorised,133.83875781243609,Low,0.0,Low,Standard newsletter,Email,"General newsletter, no targeted offer",1,59
17301,Noise / Uncategorised,133.52574465468481,Low,0.001876241134751773,Low,Standard newsletter,Email,"General newsletter, no targeted offer",1,181
18018,Noise / Uncategorised,133.2392281306752,Low,0.004666497097998758,Low,Standard newsletter,Email,"General newsletter, no targeted offer",1,47
18273,Noise / Uncategorised,131.19869732067005,Low,0.0,Low,Standard newsletter,Email,"General newsletter, no targeted offer",1,88
14581,Noise / Uncategorised,129.62201149663173,Low,0.0,Low,Standard newsletter,Email,"General newsletter, no targeted offer",1,158
13288,Noise / Uncategorised,129.14179702022773,Low,0.00047999696642526436,Low,Standard newsletter,Email,"General newsletter, no targeted offer",1,27
13992,Noise / Uncategorised,125.68037230414953,Low,0.001035562601530542,Low,Standard newsletter,Email,"General newsletter, no targeted offer",1,86
13080,Noise / Uncategorised,125.48411996323632,Low,0.001035562601530542,Low,Standard newsletter,Email,"General newsletter, no targeted offer",1,64
17660,Noise / Uncategorised,122.85309901620164,Low,0.0,Low,Standard newsletter,Email,"General newsletter, no targeted offer",1,178
16112,Noise / Uncategorised,122.00430899998364,Low,0.034709925917216757,Low,Standard newsletter,Email,"General newsletter, no targeted offer",1,29
16010,Noise / Uncategorised,119.4583287872353,Low,0.12436144052730742,Low,Standard newsletter,Email,"General newsletter, no targeted offer",1,9
16467,Noise / Uncategorised,118.44355247772958,Low,0.014829567873939808,Low,Standard newsletter,Email,"General newsletter, no targeted offer",1,20
16199,Noise / Uncategorised,117.67897679706446,Low,0.014691020839491295,Low,Standard newsletter,Email,"General newsletter, no targeted offer",1,20
17344,Noise / Uncategorised,112.15745545921,Low,0.0,Low,Standard newsletter,Email,"General newsletter, no targeted offer",1,205
15863,Noise / Uncategorised,111.38809341830644,Low,0.0,Low,Standard newsletter,Email,"General newsletter, no targeted offer",1,84
14799,Noise / Uncategorised,110.89754327275588,Low,0.00016878162063531553,Low,Standard newsletter,Email,"General newsletter, no targeted offer",1,206
16065,Noise / Uncategorised,110.80419055653276,Low,0.23482983932066365,Low,Standard newsletter,Email,"General newsletter, no targeted offer",1,7
12789,Noise / Uncategorised,110.55739579219014,Low,0.0,Low,Standard newsletter,Email,"General newsletter, no targeted offer",1,126
15751,Noise / Uncategorised,110.1727906458951,Low,0.003365578437236282,Low,Standard newsletter,Email,"General newsletter, no targeted offer",1,15
17901,Noise / Uncategorised,109.0883652580741,Low,0.001035562601530542,Low,Standard newsletter,Email,"General newsletter, no targeted offer",1,98
16812,Noise / Uncategorised,108.7844557174895,Low,0.10881630077777556,Low,Standard newsletter,Email,"General newsletter, no targeted offer",1,3
17740,Noise / Uncategorised,103.40217166427414,Low,0.011108665095571658,Low,Standard newsletter,Email,"General newsletter, no targeted offer",1,31
17647,Noise / Uncategorised,103.1344547697323,Low,0.00016878162063531553,Low,Standard newsletter,Email,"General newsletter, no targeted offer",1,121
17359,Noise / Uncategorised,103.13396717448376,Low,0.00016878162063531553,Low,Standard newsletter,Email,"General newsletter, no targeted offer",1,191
14926,Noise / Uncategorised,101.73550780308801,Low,0.00016878162063531553,Low,Standard newsletter,Email,"General newsletter, no targeted offer",1,65
14170,Noise / Uncategorised,101.21575589468162,Low,0.1463896133219909,Low,Standard newsletter,Email,"General newsletter, no targeted offer",1,4
13651,Noise / Uncategorised,100.94228702366274,Low,0.001035562601530542,Low,Standard newsletter,Email,"General newsletter, no targeted offer",1,69
16666,Noise / Uncategorised,100.19857057947698,Low,0.001035562601530542,Low,Standard newsletter,Email,"General newsletter, no targeted offer",1,180
13967,Noise / Uncategorised,100.09489115338889,Low,0.0,Low,Standard newsletter,Email,"General newsletter, no targeted offer",1,75
15808,Noise / Uncategorised,96.78521447834468,Low,0.0,Low,Standard newsletter,Email,"General newsletter, no targeted offer",1,12
12531,Noise / Uncategorised,96.09553533801929,Low,0.0,Low,Standard newsletter,Email,"General newsletter, no targeted offer",1,201
16827,Noise / Uncategorised,92.33353870394983,Low,0.01144717051400856,Low,Standard newsletter,Email,"General newsletter, no targeted offer",1,23
18174,Noise / Uncategorised,91.22460912570581,Low,0.0,Low,Standard newsletter,Email,"General newsletter, no targeted offer",1,179
15256,Noise / Uncategorised,89.79841331360653,Low,0.0,Low,Standard newsletter,Email,"General newsletter, no targeted offer",1,124
13403,Noise / Uncategorised,88.94716502176534,Low,0.0,Low,Standard newsletter,Email,"General newsletter, no targeted offer",1,141
18002,Noise / Uncategorised,87.859752661982,Low,0.0019456542815277896,Low,Standard newsletter,Email,"General newsletter, no targeted offer",1,53
13404,Noise / Uncategorised,86.86422136478625,Low,0.002935451102923049,Low,Standard newsletter,Email,"General newsletter, no targeted offer",1,63
17307,Noise / Uncategorised,85.69953282670596,Low,4.531645721401871e-05,Low,Standard newsletter,Email,"General newsletter, no targeted offer",1,16
15775,Noise / Uncategorised,83.36246554358709,Low,0.0,Low,Standard newsletter,Email,"General newsletter, no targeted offer",1,116
14495,Noise / Uncategorised,80.20692141110447,Low,0.016666666666666666,Low,Standard newsletter,Email,"General newsletter, no targeted offer",1,122
17960,Noise / Uncategorised,80.19774593909236,Low,0.0070969186211232195,Low,Standard newsletter,Email,"General newsletter, no targeted offer",1,94
15423,Noise / Uncategorised,78.1767266091787,Low,0.001035562601530542,Low,Standard newsletter,Email,"General newsletter, no targeted offer",1,117
15702,Noise / Uncategorised,70.19790520803589,Low,0.001035562601530542,Low,Standard newsletter,Email,"General newsletter, no targeted offer",1,62
13551,Noise / Uncategorised,68.51850274214064,Low,0.00016878162063531553,Low,Standard newsletter,Email,"General newsletter, no targeted offer",1,104
15003,Noise / Uncategorised,65.5538888692719,Low,0.003951458147618403,Low,Standard newsletter,Email,"General newsletter, no targeted offer",1,21
13302,Noise / Uncategorised,64.7634383377606,Low,0.0,Low,Standard newsletter,Email,"General newsletter, no targeted offer",1,111
18063,Noise / Uncategorised,62.456368899892105,Low,0.0,Low,Standard newsletter,Email,"General newsletter, no targeted offer",1,73
18037,Noise / Uncategorised,62.276824789925556,Low,0.026555014935282777,Low,Standard newsletter,Email,"General newsletter, no targeted offer",1,23
13666,Noise / Uncategorised,59.52370327369883,Low,0.001035562601530542,Low,Standard newsletter,Email,"General newsletter, no targeted offer",1,81
14865,Noise / Uncategorised,54.786339926208846,Low,0.0,Low,Standard newsletter,Email,"General newsletter, no targeted offer",1,110
15823,Noise / Uncategorised,53.540874839940564,Low,0.0,Low,Standard newsletter,Email,"General newsletter, no targeted offer",1,72
14707,Noise / Uncategorised,50.580334947280306,Low,0.23310368333238007,Low,Standard newsletter,Email,"General newsletter, no targeted offer",1,42
14279,Noise / Uncategorised,48.42876514384,Low,0.23783999632966715,Low,Standard newsletter,Email,"General newsletter, no targeted offer",1,48
17816,Noise / Uncategorised,46.81038748284282,Low,0.014368895934863875,Low,Standard newsletter,Email,"General newsletter, no targeted offer",1,69
17763,Noise / Uncategorised,44.23909785206985,Low,0.007702229268197209,Low,Standard newsletter,Email,"General newsletter, no targeted offer",1,59
15603,Noise / Uncategorised,44.000250334606115,Low,0.0033333333333333335,Low,Standard newsletter,Email,"General newsletter, no targeted offer",1,171
13554,Noise / Uncategorised,32.87770131170787,Low,0.09582152427227239,Low,Standard newsletter,Email,"General newsletter, no targeted offer",1,6
15564,Noise / Uncategorised,27.3502873945299,Low,0.0033333333333333335,Low,Standard newsletter,Email,"General newsletter, no targeted offer",1,64
13346,Noise / Uncategorised,26.66886343689724,Low,0.24493561773755976,Low,Standard newsletter,Email,"General newsletter, no targeted offer",1,13
14648,Noise / Uncategorised,24.9677958554677,Low,0.0,Low,Standard newsletter,Email,"General newsletter, no targeted offer",1,12
16454,Noise / Uncategorised,24.07824520237734,Low,0.013333333333333334,Low,Standard newsletter,Email,"General newsletter, no targeted offer",1,85
15700,Noise / Uncategorised,23.549161730902586,Low,0.15880669522352228,Low,Standard newsletter,Email,"General newsletter, no targeted offer",1,1
18214,Noise / Uncategorised,22.852313784373663,Low,0.15086072119523708,Low,Standard newsletter,Email,"General newsletter, no targeted offer",1,3
15107,Noise / Uncategorised,21.19648567036622,Low,0.24757525877947506,Low,Standard newsletter,Email,"General newsletter, no targeted offer",1,9
13446,Noise / Uncategorised,15.812916873576551,Low,0.003517912832792789,Low,Standard newsletter,Email,"General newsletter, no targeted offer",1,13
13440,Noise / Uncategorised,12.387463613728364,Low,0.19488171636767468,Low,Standard newsletter,Email,"General newsletter, no targeted offer",1,2
16894,Noise / Uncategorised,11.823121543299802,Low,0.0935437170189018,Low,Standard newsletter,Email,"General newsletter, no targeted offer",1,7
13542,Noise / Uncategorised,7.998182660894156,Low,0.0030877894600196925,Low,Standard newsletter,Email,"General newsletter, no targeted offer",1,12
16754,Noise / Uncategorised,6.402550907789938,Low,0.009382681650669623,Low,Standard newsletter,Email,"General newsletter, no targeted offer",1,6
16158,Noise / Uncategorised,6.208784274206987,Low,0.011501673949687288,Low,Standard newsletter,Email,"General newsletter, no targeted offer",1,14
17850,Noise / Uncategorised,4.583804184510448,Low,0.008882322647413642,Low,Standard newsletter,Email,"General newsletter, no targeted offer",1,1
15015,Noise / Uncategorised,2.942372555719296,Low,0.00035976677376034803,Low,Standard newsletter,Email,"General newsletter, no targeted offer",1,10
15013,Noise / Uncategorised,2.6658992426336723,Low,0.12870477013208284,Low,Standard newsletter,Email,"General newsletter, no targeted offer",1,11
15633,Noise / Uncategorised,0.7099926733733912,Low,0.002728022686259345,Low,Standard newsletter,Email,"General newsletter, no targeted offer",1,10
14590,Noise / Uncategorised,0.20760898738479497,Low,0.00035976677376034803,Low,Standard newsletter,Email,"General newsletter, no targeted offer",1,9
13093,Noise / Uncategorised,0.19530240385987013,Low,0.0,Low,Standard newsletter,Email,"General newsletter, no targeted offer",1,5
17448,Noise / Uncategorised,0.0008373878211449528,Low,0.08274843432479187,Low,Standard newsletter,Email,"General newsletter, no targeted offer",1,2
12835,Noise / Uncategorised,8.084218734909136e-07,Low,0.00035976677376034803,Low,Standard newsletter,Email,"General newsletter, no targeted offer",1,5
12511,Noise / Uncategorised,0.0,Low,0.22005257613212262,Low,Standard newsletter,Email,"General newsletter, no targeted offer",1,30
12688,Noise / Uncategorised,0.0,Low,0.19998496176475264,Low,Standard newsletter,Email,"General newsletter, no targeted offer",1,30
12743,Noise / Uncategorised,0.0,Low,0.1278134695349028,Low,Standard newsletter,Email,"General newsletter, no targeted offer",1,30
13422,Noise / Uncategorised,0.0,Low,0.23741187511937378,Low,Standard newsletter,Email,"General newsletter, no targeted offer",1,30
14965,Noise / Uncategorised,0.0,Low,0.1847058914263363,Low,Standard newsletter,Email,"General newsletter, no targeted offer",1,30
15472,Noise / Uncategorised,0.0,Low,0.13734382041782608,Low,Standard newsletter,Email,"General newsletter, no targeted offer",1,30
17544,Noise / Uncategorised,0.0,Low,0.15498064444885415,Low,Standard newsletter,Email,"General newsletter, no targeted offer",1,30
17914,Noise / Uncategorised,0.0,Low,0.13615785749565432,Low,Standard newsletter,Email,"General newsletter, no targeted offer",1,30
